Player,Game,Score,Accuracy,PlayTimeMinutes,SkillTier
KongKiller,Galaga,113128,82,30,Pro Gamer
KongKiller,Donkey Kong,153003,91,37,Grandmaster
RetroRider,Donkey Kong,61200,74,24,Casual
RetroRider,Donkey Kong,7563,77,3,Novice
ChompQueen,Galaga,121506,97,33,Grandmaster
NeoGeo,Frogger,89407,79,20,Pro Gamer
ChompQueen,Galaga,63732,79,18,Casual
RetroRider,Pac-Man,95781,91,7,Pro Gamer
BlipBlop,Frogger,32117,94,7,Casual
SegaSam,Space Invaders,77977,96,23,Casual
PixelPete,Galaga,65584,68,44,Casual
KongKiller,Donkey Kong,88331,87,16,Pro Gamer
BlipBlop,Galaga,16820,97,25,Novice
ChompQueen,Frogger,37126,96,42,Casual
PixelPete,Galaga,6504,65,33,Novice
KongKiller,Pac-Man,28564,67,15,Novice
NeoGeo,Space Invaders,44179,89,7,Casual
NeoGeo,Galaga,119126,70,10,Pro Gamer
PixelPete,Galaga,62881,84,18,Casual
BlipBlop,Donkey Kong,57128,90,32,Casual
ChompQueen,Space Invaders,60872,68,25,Casual
NeoGeo,Space Invaders,79354,70,21,Casual
KongKiller,Galaga,34962,87,20,Casual
SegaSam,Space Invaders,23042,91,27,Novice
NeoGeo,Space Invaders,135886,85,32,Grandmaster
NeoGeo,Donkey Kong,141333,93,20,Grandmaster
BlipBlop,Donkey Kong,134503,79,8,Grandmaster
KongKiller,Frogger,52733,81,4,Casual
NeoGeo,Galaga,62749,60,34,Casual
PixelPete,Space Invaders,39020,89,24,Casual
NeoGeo,Galaga,46250,97,32,Casual
RetroRider,Galaga,88567,72,28,Pro Gamer
ChompQueen,Galaga,47284,91,32,Casual
PixelPete,Galaga,76743,65,14,Casual
PixelPete,Donkey Kong,12744,99,37,Novice
KongKiller,Donkey Kong,133761,89,41,Grandmaster
KongKiller,Pac-Man,146016,91,3,Grandmaster
NeoGeo,Donkey Kong,149854,91,18,Grandmaster
BlipBlop,Frogger,146771,88,20,Grandmaster
KongKiller,Galaga,146173,63,5,Grandmaster
KongKiller,Space Invaders,120274,64,17,Grandmaster
RetroRider,Frogger,84461,87,23,Pro Gamer
PixelPete,Donkey Kong,92459,88,5,Pro Gamer
SegaSam,Frogger,64927,71,10,Casual
SegaSam,Donkey Kong,150238,97,9,Grandmaster
NeoGeo,Pac-Man,25521,98,29,Novice
NeoGeo,Space Invaders,27620,100,36,Novice
ChompQueen,Frogger,122670,62,45,Grandmaster
PixelPete,Pac-Man,78551,77,42,Casual
BlipBlop,Pac-Man,16665,81,33,Novice
PixelPete,Frogger,69748,81,34,Casual
NeoGeo,Galaga,79889,98,6,Casual
PixelPete,Galaga,45956,64,6,Casual
KongKiller,Galaga,96470,74,41,Pro Gamer
ChompQueen,Space Invaders,26642,67,5,Novice
RetroRider,Frogger,59571,66,36,Casual
NeoGeo,Space Invaders,147343,90,45,Grandmaster
BlipBlop,Galaga,27676,91,19,Novice
NeoGeo,Space Invaders,33641,75,21,Casual
ChompQueen,Space Invaders,50431,69,40,Casual
PixelPete,Galaga,61857,89,22,Casual
ChompQueen,Frogger,141520,66,30,Grandmaster
NeoGeo,Galaga,137635,65,46,Grandmaster
PixelPete,Pac-Man,126261,88,16,Grandmaster
BlipBlop,Frogger,132392,82,22,Grandmaster
NeoGeo,Frogger,18345,95,13,Novice
ChompQueen,Galaga,76847,65,4,Casual
PixelPete,Frogger,94708,86,46,Pro Gamer
KongKiller,Donkey Kong,100082,81,38,Pro Gamer
NeoGeo,Pac-Man,136960,89,20,Grandmaster
NeoGeo,Donkey Kong,70108,65,23,Casual
NeoGeo,Donkey Kong,52446,91,16,Casual
KongKiller,Frogger,34335,91,25,Casual
BlipBlop,Space Invaders,10464,84,5,Novice
KongKiller,Frogger,13516,78,31,Novice
SegaSam,Space Invaders,47049,84,44,Casual
PixelPete,Frogger,107924,87,5,Pro Gamer
PixelPete,Donkey Kong,93911,86,36,Pro Gamer
ChompQueen,Frogger,10978,97,46,Novice
NeoGeo,Galaga,123688,66,29,Grandmaster
KongKiller,Donkey Kong,28931,78,24,Novice
NeoGeo,Donkey Kong,21875,80,13,Novice
ChompQueen,Pac-Man,138005,70,25,Grandmaster
RetroRider,Frogger,33062,74,42,Casual
KongKiller,Donkey Kong,126820,62,14,Grandmaster
SegaSam,Donkey Kong,113014,83,10,Pro Gamer
NeoGeo,Frogger,67100,80,38,Casual
NeoGeo,Frogger,83373,90,44,Pro Gamer
NeoGeo,Frogger,105024,80,8,Pro Gamer
KongKiller,Galaga,139491,80,40,Grandmaster
PixelPete,Galaga,79264,98,9,Casual
ChompQueen,Space Invaders,81671,71,27,Pro Gamer
NeoGeo,Space Invaders,118961,97,5,Pro Gamer
KongKiller,Space Invaders,34416,83,8,Casual
PixelPete,Space Invaders,34654,98,10,Casual
NeoGeo,Donkey Kong,143092,66,35,Grandmaster
BlipBlop,Pac-Man,53892,65,25,Casual
ChompQueen,Pac-Man,42979,65,29,Casual
PixelPete,Donkey Kong,121939,62,44,Grandmaster
NeoGeo,Frogger,153956,95,35,Grandmaster
NeoGeo,Pac-Man,85192,86,26,Pro Gamer
PixelPete,Space Invaders,141365,74,27,Grandmaster
PixelPete,Space Invaders,126815,62,7,Grandmaster
NeoGeo,Frogger,114601,78,32,Pro Gamer
ChompQueen,Donkey Kong,65709,78,23,Casual
NeoGeo,Galaga,143298,96,25,Grandmaster
KongKiller,Galaga,106035,75,3,Pro Gamer
RetroRider,Galaga,82407,74,17,Pro Gamer
SegaSam,Frogger,128934,81,33,Grandmaster
SegaSam,Pac-Man,49800,92,11,Casual
SegaSam,Frogger,34963,61,10,Casual
SegaSam,Galaga,64692,65,20,Casual
SegaSam,Galaga,37767,97,3,Casual
RetroRider,Space Invaders,70932,92,3,Casual
SegaSam,Donkey Kong,104549,68,28,Pro Gamer
KongKiller,Space Invaders,80649,72,34,Pro Gamer
NeoGeo,Space Invaders,23512,93,45,Novice
PixelPete,Pac-Man,85001,94,10,Pro Gamer
KongKiller,Frogger,63040,93,17,Casual
BlipBlop,Pac-Man,94208,85,2,Pro Gamer
ChompQueen,Donkey Kong,104609,72,2,Pro Gamer
ChompQueen,Galaga,135225,94,14,Grandmaster
NeoGeo,Frogger,14494,95,14,Novice
PixelPete,Galaga,78548,96,31,Casual
RetroRider,Galaga,79437,79,20,Casual
RetroRider,Pac-Man,37754,90,30,Casual
PixelPete,Donkey Kong,133900,93,7,Grandmaster
NeoGeo,Frogger,114229,91,26,Pro Gamer
SegaSam,Galaga,138408,100,43,Grandmaster
SegaSam,Pac-Man,57587,98,46,Casual
SegaSam,Galaga,136198,62,26,Grandmaster
ChompQueen,Space Invaders,116049,65,29,Pro Gamer
ChompQueen,Pac-Man,92610,63,13,Pro Gamer
SegaSam,Frogger,139149,68,24,Grandmaster
PixelPete,Frogger,131772,91,26,Grandmaster
KongKiller,Frogger,118141,99,45,Pro Gamer
PixelPete,Space Invaders,67802,87,23,Casual
RetroRider,Frogger,151252,70,11,Grandmaster
RetroRider,Galaga,65280,71,17,Casual
NeoGeo,Galaga,133035,67,30,Grandmaster
KongKiller,Space Invaders,98308,70,17,Pro Gamer
SegaSam,Pac-Man,76644,90,11,Casual
ChompQueen,Space Invaders,6117,79,34,Novice
RetroRider,Pac-Man,127969,78,32,Grandmaster
KongKiller,Galaga,77364,100,42,Casual
PixelPete,Pac-Man,71084,86,36,Casual
KongKiller,Frogger,134162,85,16,Grandmaster
SegaSam,Frogger,132265,85,10,Grandmaster
PixelPete,Frogger,149024,75,2,Grandmaster
ChompQueen,Pac-Man,124799,92,11,Grandmaster
NeoGeo,Pac-Man,10110,68,40,Novice
SegaSam,Frogger,121852,99,19,Grandmaster
PixelPete,Pac-Man,59491,96,33,Casual
SegaSam,Donkey Kong,62430,72,24,Casual
RetroRider,Frogger,83795,94,17,Pro Gamer
SegaSam,Frogger,147350,61,19,Grandmaster
PixelPete,Space Invaders,84725,73,33,Pro Gamer
SegaSam,Galaga,29984,90,18,Novice
BlipBlop,Space Invaders,120715,80,46,Grandmaster
KongKiller,Space Invaders,13814,73,30,Novice
NeoGeo,Donkey Kong,16117,99,24,Novice
NeoGeo,Frogger,93499,62,9,Pro Gamer
BlipBlop,Donkey Kong,129798,94,22,Grandmaster
PixelPete,Donkey Kong,97212,73,33,Pro Gamer
NeoGeo,Space Invaders,57312,85,38,Casual
NeoGeo,Space Invaders,9561,65,21,Novice
NeoGeo,Galaga,59203,64,15,Casual
RetroRider,Pac-Man,149945,80,27,Grandmaster
KongKiller,Galaga,134231,84,23,Grandmaster
ChompQueen,Space Invaders,59396,83,19,Casual
RetroRider,Donkey Kong,8131,98,10,Novice
RetroRider,Galaga,151747,66,8,Grandmaster
NeoGeo,Frogger,116846,70,45,Pro Gamer
BlipBlop,Galaga,77483,70,13,Casual
RetroRider,Frogger,48058,89,24,Casual
SegaSam,Donkey Kong,134911,74,25,Grandmaster
BlipBlop,Space Invaders,82296,71,40,Pro Gamer
BlipBlop,Space Invaders,98587,64,18,Pro Gamer
ChompQueen,Donkey Kong,141822,86,39,Grandmaster
RetroRider,Galaga,148342,81,35,Grandmaster
BlipBlop,Space Invaders,113149,63,18,Pro Gamer
SegaSam,Galaga,21608,64,44,Novice
KongKiller,Frogger,32246,80,44,Casual
NeoGeo,Galaga,126481,87,27,Grandmaster
PixelPete,Frogger,98084,99,3,Pro Gamer
NeoGeo,Space Invaders,17138,77,8,Novice
SegaSam,Frogger,123005,75,41,Grandmaster
KongKiller,Galaga,46829,68,7,Casual
SegaSam,Frogger,47690,80,43,Casual
PixelPete,Space Invaders,30817,84,4,Casual
BlipBlop,Space Invaders,124381,86,22,Grandmaster
SegaSam,Donkey Kong,105721,99,43,Pro Gamer
NeoGeo,Galaga,21321,81,18,Novice
BlipBlop,Galaga,73466,76,9,Casual
PixelPete,Space Invaders,40789,70,6,Casual
ChompQueen,Space Invaders,13171,66,3,Novice
NeoGeo,Galaga,33778,90,8,Casual
RetroRider,Space Invaders,124599,62,25,Grandmaster
SegaSam,Frogger,80996,88,35,Pro Gamer
BlipBlop,Galaga,99519,82,38,Pro Gamer
NeoGeo,Space Invaders,83477,71,31,Pro Gamer
KongKiller,Donkey Kong,92532,62,23,Pro Gamer
NeoGeo,Donkey Kong,29388,87,7,Novice
KongKiller,Pac-Man,32353,89,19,Casual
PixelPete,Donkey Kong,128276,65,12,Grandmaster
ChompQueen,Donkey Kong,8669,90,32,Novice
PixelPete,Frogger,141169,89,13,Grandmaster
BlipBlop,Galaga,75054,81,8,Casual
ChompQueen,Donkey Kong,16261,97,9,Novice
ChompQueen,Donkey Kong,153090,73,17,Grandmaster
RetroRider,Frogger,17672,79,30,Novice
ChompQueen,Space Invaders,48000,83,34,Casual
NeoGeo,Pac-Man,68317,99,14,Casual
KongKiller,Space Invaders,132852,63,44,Grandmaster
SegaSam,Space Invaders,23689,76,43,Novice
ChompQueen,Donkey Kong,87264,100,40,Pro Gamer
BlipBlop,Space Invaders,67590,94,21,Casual
RetroRider,Pac-Man,23205,88,31,Novice
NeoGeo,Space Invaders,34749,98,31,Casual
RetroRider,Frogger,5626,67,9,Novice
RetroRider,Donkey Kong,80650,66,31,Pro Gamer
RetroRider,Pac-Man,49340,65,3,Casual
BlipBlop,Space Invaders,62449,60,20,Casual
RetroRider,Pac-Man,75341,80,18,Casual
PixelPete,Pac-Man,95702,74,33,Pro Gamer
SegaSam,Donkey Kong,66912,73,43,Casual
KongKiller,Space Invaders,80114,61,10,Pro Gamer
BlipBlop,Pac-Man,88840,87,24,Pro Gamer
PixelPete,Galaga,9049,82,42,Novice
BlipBlop,Donkey Kong,142217,71,37,Grandmaster
KongKiller,Pac-Man,46064,98,14,Casual
NeoGeo,Pac-Man,133038,75,19,Grandmaster
SegaSam,Galaga,80803,62,23,Pro Gamer
ChompQueen,Donkey Kong,39987,85,35,Casual
ChompQueen,Donkey Kong,113580,97,27,Pro Gamer
RetroRider,Donkey Kong,111588,84,12,Pro Gamer
NeoGeo,Frogger,83687,80,20,Pro Gamer
KongKiller,Frogger,130730,98,40,Grandmaster
NeoGeo,Donkey Kong,51450,90,28,Casual
BlipBlop,Pac-Man,105087,83,41,Pro Gamer
RetroRider,Frogger,112666,94,36,Pro Gamer
SegaSam,Donkey Kong,114687,74,41,Pro Gamer
SegaSam,Pac-Man,121024,96,46,Grandmaster
BlipBlop,Space Invaders,136887,64,37,Grandmaster
SegaSam,Galaga,39874,77,11,Casual
ChompQueen,Frogger,46483,72,12,Casual
KongKiller,Donkey Kong,79205,63,38,Casual
RetroRider,Donkey Kong,126327,82,38,Grandmaster
BlipBlop,Pac-Man,91368,77,36,Pro Gamer
RetroRider,Donkey Kong,148920,74,21,Grandmaster
NeoGeo,Galaga,85700,72,34,Pro Gamer
BlipBlop,Donkey Kong,28843,78,21,Novice
BlipBlop,Space Invaders,44327,62,6,Casual
BlipBlop,Frogger,108707,99,30,Pro Gamer
BlipBlop,Donkey Kong,87751,80,22,Pro Gamer
SegaSam,Galaga,63105,78,24,Casual
BlipBlop,Donkey Kong,128827,65,31,Grandmaster
NeoGeo,Donkey Kong,17981,88,23,Novice
RetroRider,Space Invaders,44717,99,8,Casual
PixelPete,Donkey Kong,7146,78,44,Novice
SegaSam,Galaga,152099,95,20,Grandmaster
KongKiller,Donkey Kong,38670,92,45,Casual
ChompQueen,Galaga,27781,64,32,Novice
SegaSam,Galaga,69127,82,33,Casual
NeoGeo,Frogger,147441,63,16,Grandmaster
ChompQueen,Donkey Kong,92273,76,15,Pro Gamer
PixelPete,Pac-Man,67681,75,42,Casual
BlipBlop,Space Invaders,142908,63,22,Grandmaster
ChompQueen,Galaga,109573,99,33,Pro Gamer
KongKiller,Pac-Man,117571,76,5,Pro Gamer
KongKiller,Donkey Kong,113925,61,27,Pro Gamer
ChompQueen,Pac-Man,17824,68,15,Novice
PixelPete,Galaga,34246,65,13,Casual
BlipBlop,Galaga,122836,94,27,Grandmaster
ChompQueen,Space Invaders,32694,69,14,Casual
PixelPete,Space Invaders,58764,94,18,Casual
PixelPete,Space Invaders,96442,100,45,Pro Gamer
ChompQueen,Donkey Kong,131493,97,46,Grandmaster
PixelPete,Pac-Man,59692,85,19,Casual
ChompQueen,Frogger,21880,84,34,Novice
NeoGeo,Frogger,62634,83,40,Casual
BlipBlop,Donkey Kong,79113,82,8,Casual
RetroRider,Space Invaders,7456,62,38,Novice
ChompQueen,Space Invaders,21762,71,25,Novice
RetroRider,Donkey Kong,34991,69,15,Casual
ChompQueen,Pac-Man,69718,66,42,Casual
KongKiller,Pac-Man,139023,90,24,Grandmaster
RetroRider,Frogger,71751,92,29,Casual
KongKiller,Donkey Kong,39704,88,15,Casual
BlipBlop,Pac-Man,74369,83,45,Casual
BlipBlop,Space Invaders,53446,82,43,Casual
SegaSam,Frogger,109593,82,27,Pro Gamer
SegaSam,Frogger,86018,98,14,Pro Gamer
RetroRider,Pac-Man,143542,63,27,Grandmaster
RetroRider,Space Invaders,26933,79,30,Novice
RetroRider,Donkey Kong,62024,97,45,Casual
RetroRider,Frogger,123391,69,42,Grandmaster
ChompQueen,Space Invaders,80414,81,37,Pro Gamer
SegaSam,Donkey Kong,141101,61,23,Grandmaster
RetroRider,Galaga,24841,83,42,Novice
PixelPete,Frogger,44912,78,39,Casual
RetroRider,Space Invaders,133751,84,18,Grandmaster
PixelPete,Space Invaders,69666,62,37,Casual
RetroRider,Galaga,151283,64,11,Grandmaster
ChompQueen,Pac-Man,121835,85,38,Grandmaster
SegaSam,Pac-Man,142528,74,11,Grandmaster
RetroRider,Donkey Kong,91770,65,37,Pro Gamer
ChompQueen,Donkey Kong,29629,88,39,Novice
RetroRider,Frogger,154727,78,29,Grandmaster
SegaSam,Galaga,74747,87,26,Casual
KongKiller,Space Invaders,98812,69,44,Pro Gamer
RetroRider,Donkey Kong,74946,85,30,Casual
SegaSam,Space Invaders,10012,83,22,Novice
ChompQueen,Galaga,89946,100,27,Pro Gamer
KongKiller,Donkey Kong,68339,78,14,Casual
NeoGeo,Pac-Man,153646,87,24,Grandmaster
BlipBlop,Galaga,76180,95,25,Casual
KongKiller,Galaga,95443,78,11,Pro Gamer
BlipBlop,Pac-Man,115274,97,45,Pro Gamer
NeoGeo,Space Invaders,6127,90,8,Novice
ChompQueen,Pac-Man,40877,72,37,Casual
KongKiller,Space Invaders,106253,92,28,Pro Gamer
PixelPete,Space Invaders,54813,70,31,Casual
PixelPete,Pac-Man,35973,67,37,Casual
KongKiller,Galaga,12853,60,44,Novice
SegaSam,Pac-Man,128385,95,31,Grandmaster
NeoGeo,Space Invaders,128271,62,40,Grandmaster
NeoGeo,Space Invaders,120130,87,23,Grandmaster
ChompQueen,Donkey Kong,135725,74,37,Grandmaster
BlipBlop,Donkey Kong,103482,72,5,Pro Gamer
PixelPete,Frogger,131983,88,4,Grandmaster
ChompQueen,Frogger,48363,77,19,Casual
KongKiller,Space Invaders,86567,89,33,Pro Gamer
BlipBlop,Space Invaders,132678,66,10,Grandmaster
PixelPete,Donkey Kong,72785,93,38,Casual
NeoGeo,Donkey Kong,65831,87,28,Casual
SegaSam,Space Invaders,27561,63,5,Novice
KongKiller,Donkey Kong,151379,84,12,Grandmaster
BlipBlop,Frogger,19644,97,36,Novice
BlipBlop,Galaga,15724,92,3,Novice
KongKiller,Pac-Man,76296,70,31,Casual
ChompQueen,Space Invaders,89667,86,11,Pro Gamer
SegaSam,Donkey Kong,77719,65,31,Casual
ChompQueen,Space Invaders,147957,95,46,Grandmaster
NeoGeo,Pac-Man,51294,94,3,Casual
PixelPete,Galaga,111898,78,2,Pro Gamer
KongKiller,Galaga,149740,84,25,Grandmaster
PixelPete,Donkey Kong,126111,60,23,Grandmaster
ChompQueen,Galaga,128485,82,10,Grandmaster
SegaSam,Space Invaders,135819,76,26,Grandmaster
NeoGeo,Donkey Kong,117286,83,36,Pro Gamer
BlipBlop,Galaga,56871,88,33,Casual
NeoGeo,Galaga,26266,66,5,Novice
KongKiller,Galaga,146127,67,17,Grandmaster
SegaSam,Donkey Kong,151891,87,28,Grandmaster
RetroRider,Galaga,18638,74,11,Novice
ChompQueen,Donkey Kong,76668,72,26,Casual
BlipBlop,Space Invaders,150863,81,7,Grandmaster
SegaSam,Galaga,112579,70,35,Pro Gamer
RetroRider,Donkey Kong,60870,90,10,Casual
RetroRider,Pac-Man,135915,81,25,Grandmaster
SegaSam,Space Invaders,11637,81,3,Novice
SegaSam,Frogger,83607,92,8,Pro Gamer
PixelPete,Galaga,100723,94,7,Pro Gamer
SegaSam,Donkey Kong,68186,67,9,Casual
BlipBlop,Galaga,127599,72,8,Grandmaster
BlipBlop,Space Invaders,53875,81,25,Casual
ChompQueen,Galaga,60491,81,21,Casual
ChompQueen,Pac-Man,106382,66,32,Pro Gamer
KongKiller,Frogger,96685,67,17,Pro Gamer
KongKiller,Space Invaders,117789,71,45,Pro Gamer
KongKiller,Galaga,126775,61,24,Grandmaster
NeoGeo,Galaga,145965,60,40,Grandmaster
ChompQueen,Galaga,11247,97,9,Novice
KongKiller,Frogger,37980,67,35,Casual
RetroRider,Donkey Kong,5073,83,26,Novice
RetroRider,Space Invaders,16224,61,46,Novice
RetroRider,Frogger,30968,91,40,Casual
NeoGeo,Space Invaders,127035,87,40,Grandmaster
ChompQueen,Galaga,109573,80,9,Pro Gamer
BlipBlop,Donkey Kong,140386,81,5,Grandmaster
KongKiller,Donkey Kong,47615,77,33,Casual
RetroRider,Donkey Kong,29220,98,24,Novice
KongKiller,Donkey Kong,115696,89,25,Pro Gamer
NeoGeo,Donkey Kong,113568,71,36,Pro Gamer
NeoGeo,Frogger,96729,83,33,Pro Gamer
RetroRider,Galaga,68246,86,34,Casual
KongKiller,Donkey Kong,94852,94,33,Pro Gamer
SegaSam,Donkey Kong,12919,71,24,Novice
NeoGeo,Donkey Kong,69808,67,18,Casual
PixelPete,Donkey Kong,53169,62,6,Casual
BlipBlop,Pac-Man,123890,76,13,Grandmaster
KongKiller,Donkey Kong,26313,87,5,Novice
RetroRider,Frogger,89952,99,32,Pro Gamer
SegaSam,Donkey Kong,15221,68,3,Novice
BlipBlop,Pac-Man,55583,72,26,Casual
NeoGeo,Pac-Man,95545,96,13,Pro Gamer
PixelPete,Donkey Kong,47973,86,10,Casual
KongKiller,Frogger,85174,76,18,Pro Gamer
NeoGeo,Space Invaders,142865,79,11,Grandmaster
SegaSam,Galaga,91115,61,10,Pro Gamer
PixelPete,Galaga,124334,79,8,Grandmaster
BlipBlop,Space Invaders,49019,89,22,Casual
PixelPete,Galaga,132992,75,44,Grandmaster
KongKiller,Space Invaders,59462,76,16,Casual
BlipBlop,Space Invaders,30206,90,45,Casual
BlipBlop,Pac-Man,15419,81,11,Novice
SegaSam,Frogger,126246,62,19,Grandmaster
PixelPete,Frogger,108435,65,39,Pro Gamer
KongKiller,Pac-Man,25254,68,12,Novice
ChompQueen,Galaga,118576,82,11,Pro Gamer
ChompQueen,Pac-Man,154384,67,4,Grandmaster
ChompQueen,Space Invaders,68107,79,39,Casual
KongKiller,Donkey Kong,90029,61,8,Pro Gamer
NeoGeo,Frogger,153829,81,14,Grandmaster
KongKiller,Pac-Man,82651,100,8,Pro Gamer
SegaSam,Space Invaders,22029,85,44,Novice
KongKiller,Galaga,13642,85,32,Novice
BlipBlop,Frogger,16552,81,17,Novice
BlipBlop,Frogger,110183,77,3,Pro Gamer
NeoGeo,Pac-Man,87926,67,3,Pro Gamer
NeoGeo,Frogger,146596,86,25,Grandmaster
KongKiller,Donkey Kong,70713,68,38,Casual
NeoGeo,Donkey Kong,33160,66,21,Casual
PixelPete,Galaga,90248,83,39,Pro Gamer
ChompQueen,Galaga,49625,72,27,Casual
KongKiller,Frogger,109321,80,42,Pro Gamer
NeoGeo,Donkey Kong,16785,100,3,Novice
KongKiller,Pac-Man,135508,98,15,Grandmaster
NeoGeo,Donkey Kong,101333,65,44,Pro Gamer
BlipBlop,Frogger,100300,92,31,Pro Gamer
ChompQueen,Galaga,69960,91,11,Casual
KongKiller,Galaga,124849,98,9,Grandmaster
ChompQueen,Space Invaders,144983,89,45,Grandmaster
PixelPete,Galaga,10744,98,24,Novice
BlipBlop,Frogger,102022,99,2,Pro Gamer
ChompQueen,Space Invaders,130115,73,32,Grandmaster
PixelPete,Frogger,63472,90,3,Casual
PixelPete,Space Invaders,62165,79,38,Casual
ChompQueen,Frogger,139365,71,38,Grandmaster
BlipBlop,Galaga,53701,66,28,Casual
SegaSam,Frogger,91620,84,17,Pro Gamer
BlipBlop,Donkey Kong,126667,85,23,Grandmaster
NeoGeo,Frogger,18160,65,37,Novice
NeoGeo,Galaga,66385,79,16,Casual
NeoGeo,Space Invaders,68247,84,44,Casual
ChompQueen,Galaga,33992,86,31,Casual
KongKiller,Galaga,24166,85,45,Novice
PixelPete,Donkey Kong,23027,71,31,Novice
NeoGeo,Galaga,22337,73,27,Novice
ChompQueen,Galaga,154456,100,17,Grandmaster
BlipBlop,Frogger,57272,72,33,Casual
KongKiller,Donkey Kong,5482,83,9,Novice
ChompQueen,Frogger,51084,72,42,Casual
RetroRider,Frogger,5211,94,44,Novice
SegaSam,Frogger,151047,95,21,Grandmaster
BlipBlop,Donkey Kong,93031,95,29,Pro Gamer
SegaSam,Galaga,21874,65,40,Novice
KongKiller,Donkey Kong,135251,76,5,Grandmaster
BlipBlop,Space Invaders,34904,85,18,Casual
KongKiller,Pac-Man,58604,94,2,Casual
SegaSam,Galaga,137840,69,45,Grandmaster
BlipBlop,Galaga,154068,84,9,Grandmaster
NeoGeo,Space Invaders,125345,77,23,Grandmaster
NeoGeo,Galaga,46030,71,9,Casual
NeoGeo,Pac-Man,87494,78,43,Pro Gamer
ChompQueen,Pac-Man,140755,92,24,Grandmaster
SegaSam,Galaga,125065,64,4,Grandmaster
RetroRider,Space Invaders,81861,65,5,Pro Gamer
NeoGeo,Space Invaders,45573,80,20,Casual
PixelPete,Frogger,38664,88,10,Casual
NeoGeo,Frogger,42492,83,24,Casual
PixelPete,Galaga,152760,91,32,Grandmaster
RetroRider,Space Invaders,141392,74,6,Grandmaster
ChompQueen,Space Invaders,129325,97,13,Grandmaster
KongKiller,Frogger,52389,88,16,Casual
BlipBlop,Space Invaders,16498,99,28,Novice
PixelPete,Galaga,87212,65,44,Pro Gamer
NeoGeo,Donkey Kong,47053,86,8,Casual
KongKiller,Frogger,121203,90,43,Grandmaster
RetroRider,Pac-Man,143312,65,40,Grandmaster
KongKiller,Pac-Man,123424,64,17,Grandmaster
PixelPete,Donkey Kong,95958,93,18,Pro Gamer
PixelPete,Space Invaders,135510,94,26,Grandmaster
NeoGeo,Galaga,121793,83,17,Grandmaster
ChompQueen,Pac-Man,89399,66,41,Pro Gamer
RetroRider,Donkey Kong,144408,72,20,Grandmaster
RetroRider,Donkey Kong,51423,65,17,Casual
ChompQueen,Donkey Kong,151989,81,40,Grandmaster
BlipBlop,Frogger,23674,73,46,Novice
PixelPete,Frogger,61956,84,7,Casual
BlipBlop,Frogger,58244,79,42,Casual
RetroRider,Donkey Kong,86159,78,28,Pro Gamer
KongKiller,Donkey Kong,154918,80,6,Grandmaster
KongKiller,Space Invaders,83102,93,32,Pro Gamer
PixelPete,Frogger,70986,62,20,Casual
NeoGeo,Donkey Kong,9876,86,30,Novice
ChompQueen,Space Invaders,106941,65,24,Pro Gamer
RetroRider,Donkey Kong,148652,60,44,Grandmaster
BlipBlop,Frogger,9177,79,16,Novice
KongKiller,Frogger,81402,74,29,Pro Gamer
KongKiller,Space Invaders,90941,73,7,Pro Gamer
SegaSam,Donkey Kong,75670,85,17,Casual
RetroRider,Pac-Man,128781,87,10,Grandmaster
SegaSam,Space Invaders,122331,74,13,Grandmaster
BlipBlop,Space Invaders,67915,70,10,Casual
RetroRider,Pac-Man,42948,78,19,Casual
SegaSam,Donkey Kong,38880,74,17,Casual
NeoGeo,Space Invaders,93456,77,36,Pro Gamer
KongKiller,Space Invaders,5244,76,15,Novice
PixelPete,Pac-Man,34532,98,6,Casual
ChompQueen,Frogger,153713,95,22,Grandmaster
ChompQueen,Galaga,23766,85,33,Novice
SegaSam,Frogger,137047,67,28,Grandmaster
BlipBlop,Pac-Man,108162,64,36,Pro Gamer
KongKiller,Donkey Kong,32576,87,9,Casual
BlipBlop,Galaga,93917,91,45,Pro Gamer
RetroRider,Frogger,84404,72,16,Pro Gamer
PixelPete,Donkey Kong,54878,64,32,Casual
NeoGeo,Pac-Man,61792,94,45,Casual
PixelPete,Donkey Kong,98484,76,21,Pro Gamer
PixelPete,Space Invaders,125232,85,25,Grandmaster
ChompQueen,Donkey Kong,5162,81,14,Novice
NeoGeo,Pac-Man,92165,84,14,Pro Gamer
PixelPete,Galaga,9295,95,15,Novice
ChompQueen,Space Invaders,69976,71,5,Casual
ChompQueen,Pac-Man,139242,80,35,Grandmaster
ChompQueen,Space Invaders,64340,86,23,Casual
BlipBlop,Galaga,66226,74,41,Casual
PixelPete,Galaga,112570,60,30,Pro Gamer
KongKiller,Donkey Kong,64403,96,31,Casual
SegaSam,Space Invaders,147095,100,4,Grandmaster
SegaSam,Frogger,106692,77,6,Pro Gamer
ChompQueen,Frogger,10776,73,11,Novice
NeoGeo,Donkey Kong,93613,69,11,Pro Gamer
PixelPete,Space Invaders,14998,99,2,Novice
RetroRider,Donkey Kong,39758,70,40,Casual
SegaSam,Pac-Man,16774,86,26,Novice
ChompQueen,Space Invaders,75090,88,14,Casual
KongKiller,Galaga,49007,78,20,Casual
ChompQueen,Pac-Man,67609,92,6,Casual
KongKiller,Galaga,59511,74,41,Casual
ChompQueen,Galaga,104637,88,8,Pro Gamer
BlipBlop,Donkey Kong,105072,74,11,Pro Gamer
SegaSam,Frogger,65412,98,27,Casual
ChompQueen,Donkey Kong,149956,96,44,Grandmaster
PixelPete,Galaga,148124,85,8,Grandmaster
PixelPete,Donkey Kong,125000,84,23,Grandmaster
NeoGeo,Donkey Kong,35580,61,45,Casual
NeoGeo,Pac-Man,45317,87,38,Casual
BlipBlop,Donkey Kong,102271,73,6,Pro Gamer
BlipBlop,Space Invaders,80107,69,13,Pro Gamer
PixelPete,Frogger,121523,67,25,Grandmaster
PixelPete,Galaga,58502,76,5,Casual
ChompQueen,Donkey Kong,114663,88,7,Pro Gamer
ChompQueen,Pac-Man,7307,79,7,Novice
RetroRider,Donkey Kong,75995,97,13,Casual
KongKiller,Space Invaders,64981,88,35,Casual
KongKiller,Donkey Kong,91976,90,29,Pro Gamer
ChompQueen,Space Invaders,133776,94,43,Grandmaster
KongKiller,Pac-Man,58312,67,44,Casual
ChompQueen,Pac-Man,101279,72,16,Pro Gamer
SegaSam,Pac-Man,110648,74,44,Pro Gamer
RetroRider,Galaga,85953,78,26,Pro Gamer
SegaSam,Pac-Man,71858,96,10,Casual
SegaSam,Donkey Kong,117175,88,22,Pro Gamer
NeoGeo,Space Invaders,38175,94,41,Casual
BlipBlop,Galaga,76505,98,45,Casual
BlipBlop,Donkey Kong,140321,71,14,Grandmaster
PixelPete,Donkey Kong,62463,60,4,Casual
SegaSam,Pac-Man,128950,83,33,Grandmaster
KongKiller,Galaga,74820,79,24,Casual
BlipBlop,Galaga,63663,81,41,Casual
NeoGeo,Frogger,64301,82,3,Casual
PixelPete,Donkey Kong,71096,74,30,Casual
ChompQueen,Galaga,22960,69,40,Novice
SegaSam,Frogger,60810,66,22,Casual
RetroRider,Pac-Man,115256,86,42,Pro Gamer
BlipBlop,Frogger,117780,79,45,Pro Gamer
KongKiller,Donkey Kong,86109,76,27,Pro Gamer
PixelPete,Donkey Kong,58384,96,11,Casual
BlipBlop,Space Invaders,122697,96,39,Grandmaster
SegaSam,Donkey Kong,24218,64,8,Novice
SegaSam,Donkey Kong,59662,90,28,Casual
PixelPete,Frogger,154306,80,7,Grandmaster
BlipBlop,Galaga,43772,92,38,Casual
NeoGeo,Space Invaders,32506,67,32,Casual
RetroRider,Frogger,124390,87,27,Grandmaster
ChompQueen,Donkey Kong,136515,81,37,Grandmaster
ChompQueen,Galaga,152893,95,14,Grandmaster
KongKiller,Pac-Man,105561,67,39,Pro Gamer
SegaSam,Pac-Man,107613,78,20,Pro Gamer
SegaSam,Frogger,105014,69,3,Pro Gamer
NeoGeo,Donkey Kong,93755,82,11,Pro Gamer
KongKiller,Galaga,143084,67,5,Grandmaster
RetroRider,Pac-Man,67865,88,2,Casual
BlipBlop,Donkey Kong,151972,89,26,Grandmaster
ChompQueen,Pac-Man,80872,71,9,Pro Gamer
PixelPete,Galaga,41483,75,10,Casual
RetroRider,Pac-Man,33013,99,36,Casual
BlipBlop,Pac-Man,55588,79,35,Casual
SegaSam,Galaga,154088,79,42,Grandmaster
RetroRider,Pac-Man,62431,76,33,Casual
ChompQueen,Donkey Kong,44574,75,46,Casual
NeoGeo,Donkey Kong,88705,89,5,Pro Gamer
RetroRider,Pac-Man,61023,70,3,Casual
NeoGeo,Space Invaders,95606,92,46,Pro Gamer
PixelPete,Space Invaders,48321,73,21,Casual
NeoGeo,Frogger,50136,96,33,Casual
PixelPete,Donkey Kong,44132,94,42,Casual
SegaSam,Frogger,125323,62,42,Grandmaster
NeoGeo,Galaga,27471,73,40,Novice
SegaSam,Frogger,18504,95,31,Novice
BlipBlop,Donkey Kong,18944,79,29,Novice
NeoGeo,Galaga,25102,80,27,Novice
ChompQueen,Donkey Kong,64907,87,43,Casual
SegaSam,Pac-Man,77905,71,43,Casual
ChompQueen,Galaga,154464,62,13,Grandmaster
KongKiller,Space Invaders,19267,67,43,Novice
SegaSam,Pac-Man,31559,99,31,Casual
PixelPete,Space Invaders,87687,80,46,Pro Gamer
NeoGeo,Donkey Kong,96767,75,25,Pro Gamer
PixelPete,Frogger,65035,81,45,Casual
BlipBlop,Frogger,28538,95,20,Novice
RetroRider,Space Invaders,76989,64,40,Casual
ChompQueen,Donkey Kong,59774,72,44,Casual
ChompQueen,Galaga,112701,83,30,Pro Gamer
SegaSam,Frogger,44237,96,36,Casual
NeoGeo,Pac-Man,67098,97,19,Casual
RetroRider,Galaga,28141,73,30,Novice
PixelPete,Galaga,50449,92,32,Casual
NeoGeo,Donkey Kong,59034,71,2,Casual
SegaSam,Pac-Man,68903,62,40,Casual
PixelPete,Donkey Kong,15616,98,36,Novice
BlipBlop,Donkey Kong,69055,72,31,Casual
BlipBlop,Frogger,95661,72,38,Pro Gamer
NeoGeo,Donkey Kong,31151,80,29,Casual
NeoGeo,Donkey Kong,57355,75,7,Casual
BlipBlop,Frogger,154021,83,31,Grandmaster
BlipBlop,Donkey Kong,101716,83,25,Pro Gamer
PixelPete,Pac-Man,110751,68,21,Pro Gamer
RetroRider,Galaga,146470,64,41,Grandmaster
NeoGeo,Galaga,132895,61,39,Grandmaster
PixelPete,Frogger,80431,67,33,Pro Gamer
KongKiller,Frogger,149716,77,24,Grandmaster
NeoGeo,Space Invaders,20651,67,15,Novice
RetroRider,Pac-Man,123502,80,31,Grandmaster
RetroRider,Pac-Man,82752,83,40,Pro Gamer
PixelPete,Frogger,147745,77,2,Grandmaster
BlipBlop,Pac-Man,121091,60,38,Grandmaster
ChompQueen,Pac-Man,122306,64,31,Grandmaster
BlipBlop,Pac-Man,59116,83,35,Casual
ChompQueen,Galaga,127447,89,9,Grandmaster
ChompQueen,Frogger,117070,62,25,Pro Gamer
SegaSam,Space Invaders,10576,77,13,Novice
NeoGeo,Space Invaders,40825,75,3,Casual
BlipBlop,Space Invaders,54395,80,43,Casual
RetroRider,Frogger,28872,97,5,Novice
ChompQueen,Frogger,101773,97,16,Pro Gamer
PixelPete,Space Invaders,23583,70,6,Novice
SegaSam,Space Invaders,66180,71,25,Casual
PixelPete,Space Invaders,89413,83,21,Pro Gamer
SegaSam,Pac-Man,44257,87,46,Casual
PixelPete,Donkey Kong,28760,71,12,Novice
ChompQueen,Space Invaders,43675,92,46,Casual
SegaSam,Galaga,67991,71,19,Casual
SegaSam,Space Invaders,145190,92,4,Grandmaster
NeoGeo,Donkey Kong,66561,77,38,Casual
RetroRider,Pac-Man,81545,90,42,Pro Gamer
KongKiller,Donkey Kong,101779,96,18,Pro Gamer
ChompQueen,Frogger,135095,71,35,Grandmaster
ChompQueen,Pac-Man,153159,80,29,Grandmaster
RetroRider,Galaga,104157,81,31,Pro Gamer
BlipBlop,Pac-Man,147120,95,27,Grandmaster
BlipBlop,Pac-Man,8850,98,27,Novice
RetroRider,Donkey Kong,82203,78,20,Pro Gamer
SegaSam,Galaga,18277,81,31,Novice
ChompQueen,Frogger,32680,90,26,Casual
PixelPete,Frogger,39719,74,45,Casual
NeoGeo,Frogger,53855,70,44,Casual
RetroRider,Frogger,39104,86,46,Casual
RetroRider,Galaga,35990,62,22,Casual
KongKiller,Donkey Kong,126567,92,8,Grandmaster
KongKiller,Frogger,106935,87,17,Pro Gamer
KongKiller,Pac-Man,107315,72,44,Pro Gamer
ChompQueen,Galaga,119895,97,22,Pro Gamer
ChompQueen,Pac-Man,7222,87,40,Novice
RetroRider,Donkey Kong,131161,100,28,Grandmaster
NeoGeo,Space Invaders,75665,89,5,Casual
KongKiller,Frogger,57466,95,43,Casual
ChompQueen,Donkey Kong,57786,90,3,Casual
SegaSam,Frogger,59422,89,17,Casual
BlipBlop,Donkey Kong,68322,86,3,Casual
KongKiller,Frogger,153408,80,16,Grandmaster
PixelPete,Pac-Man,39115,71,33,Casual
SegaSam,Donkey Kong,16448,99,35,Novice
NeoGeo,Donkey Kong,106222,78,30,Pro Gamer
ChompQueen,Frogger,52973,84,40,Casual
NeoGeo,Donkey Kong,45490,85,12,Casual
PixelPete,Space Invaders,77002,66,15,Casual
RetroRider,Pac-Man,89680,98,18,Pro Gamer
KongKiller,Galaga,15493,77,7,Novice
RetroRider,Galaga,115786,76,21,Pro Gamer
RetroRider,Galaga,100300,63,39,Pro Gamer
RetroRider,Space Invaders,9284,61,9,Novice
ChompQueen,Galaga,151985,65,29,Grandmaster
PixelPete,Donkey Kong,99971,91,45,Pro Gamer
BlipBlop,Pac-Man,96405,95,11,Pro Gamer
NeoGeo,Donkey Kong,31417,77,40,Casual
NeoGeo,Frogger,35049,94,38,Casual
RetroRider,Pac-Man,67754,62,21,Casual
ChompQueen,Frogger,141159,94,3,Grandmaster
RetroRider,Space Invaders,33664,87,16,Casual
NeoGeo,Donkey Kong,98152,63,30,Pro Gamer
NeoGeo,Frogger,129122,96,6,Grandmaster
NeoGeo,Space Invaders,76423,69,35,Casual
RetroRider,Space Invaders,94155,65,12,Pro Gamer
RetroRider,Space Invaders,128811,78,3,Grandmaster
ChompQueen,Space Invaders,87407,78,20,Pro Gamer
SegaSam,Pac-Man,106747,66,29,Pro Gamer
KongKiller,Donkey Kong,22592,89,26,Novice
KongKiller,Frogger,98642,97,22,Pro Gamer
BlipBlop,Frogger,104902,66,12,Pro Gamer
RetroRider,Galaga,91802,68,6,Pro Gamer
RetroRider,Donkey Kong,105797,67,22,Pro Gamer
PixelPete,Space Invaders,60414,98,2,Casual
ChompQueen,Pac-Man,131215,85,5,Grandmaster
BlipBlop,Space Invaders,134064,90,12,Grandmaster
ChompQueen,Donkey Kong,97650,80,10,Pro Gamer
KongKiller,Space Invaders,31666,67,42,Casual
PixelPete,Space Invaders,9252,92,45,Novice
RetroRider,Galaga,27145,78,40,Novice
ChompQueen,Frogger,142626,75,18,Grandmaster
ChompQueen,Donkey Kong,126067,66,29,Grandmaster
RetroRider,Frogger,69120,70,5,Casual
PixelPete,Donkey Kong,48322,92,13,Casual
KongKiller,Galaga,57491,71,4,Casual
KongKiller,Galaga,37865,76,4,Casual
PixelPete,Frogger,76498,91,14,Casual
KongKiller,Space Invaders,91915,63,7,Pro Gamer
SegaSam,Donkey Kong,134049,83,10,Grandmaster
NeoGeo,Frogger,142476,66,10,Grandmaster
ChompQueen,Donkey Kong,87367,71,40,Pro Gamer
KongKiller,Donkey Kong,153944,70,38,Grandmaster
SegaSam,Donkey Kong,54944,81,26,Casual
RetroRider,Pac-Man,29912,95,39,Novice
BlipBlop,Space Invaders,35572,86,13,Casual
ChompQueen,Pac-Man,89756,98,3,Pro Gamer
RetroRider,Donkey Kong,133664,90,19,Grandmaster
SegaSam,Space Invaders,88554,60,13,Pro Gamer
BlipBlop,Galaga,26970,60,20,Novice
BlipBlop,Donkey Kong,78893,70,26,Casual
NeoGeo,Donkey Kong,109031,73,35,Pro Gamer
PixelPete,Pac-Man,143810,97,24,Grandmaster
NeoGeo,Pac-Man,137952,65,22,Grandmaster
BlipBlop,Frogger,8788,92,20,Novice
BlipBlop,Space Invaders,72555,96,37,Casual
BlipBlop,Donkey Kong,79055,95,10,Casual
RetroRider,Pac-Man,125070,100,29,Grandmaster
BlipBlop,Pac-Man,89850,74,44,Pro Gamer
NeoGeo,Donkey Kong,131222,68,12,Grandmaster
SegaSam,Frogger,149238,69,37,Grandmaster
KongKiller,Galaga,56733,99,30,Casual
NeoGeo,Frogger,121452,87,27,Grandmaster
PixelPete,Pac-Man,81921,81,29,Pro Gamer
BlipBlop,Pac-Man,54700,94,42,Casual
KongKiller,Space Invaders,129432,71,17,Grandmaster
BlipBlop,Pac-Man,126168,99,19,Grandmaster
KongKiller,Pac-Man,77801,95,5,Casual
ChompQueen,Frogger,63208,64,19,Casual
RetroRider,Donkey Kong,146175,86,19,Grandmaster
ChompQueen,Galaga,72527,82,13,Casual
PixelPete,Galaga,40846,94,27,Casual
ChompQueen,Pac-Man,136739,93,25,Grandmaster
KongKiller,Space Invaders,128815,72,2,Grandmaster
KongKiller,Donkey Kong,57250,86,12,Casual
PixelPete,Frogger,63024,68,9,Casual
PixelPete,Pac-Man,109832,90,27,Pro Gamer
SegaSam,Galaga,23579,89,9,Novice
BlipBlop,Galaga,80966,88,38,Pro Gamer
RetroRider,Donkey Kong,17473,70,45,Novice
BlipBlop,Space Invaders,87749,86,19,Pro Gamer
ChompQueen,Donkey Kong,47751,83,9,Casual
NeoGeo,Space Invaders,113760,87,25,Pro Gamer
KongKiller,Frogger,92406,82,46,Pro Gamer
PixelPete,Frogger,117016,85,7,Pro Gamer
BlipBlop,Donkey Kong,123832,80,11,Grandmaster
PixelPete,Pac-Man,129802,80,21,Grandmaster
SegaSam,Frogger,93654,87,5,Pro Gamer
NeoGeo,Frogger,91396,72,29,Pro Gamer
RetroRider,Space Invaders,151943,81,18,Grandmaster
BlipBlop,Galaga,117789,66,10,Pro Gamer
PixelPete,Frogger,120650,91,22,Grandmaster
BlipBlop,Galaga,7978,70,32,Novice
RetroRider,Donkey Kong,24619,100,39,Novice
SegaSam,Frogger,26053,71,25,Novice
SegaSam,Space Invaders,5179,90,39,Novice
KongKiller,Space Invaders,10880,73,29,Novice
BlipBlop,Galaga,142995,77,39,Grandmaster
SegaSam,Frogger,78400,73,4,Casual
BlipBlop,Galaga,71848,91,28,Casual
ChompQueen,Frogger,63294,95,37,Casual
PixelPete,Space Invaders,39210,61,28,Casual
PixelPete,Pac-Man,28448,98,16,Novice
RetroRider,Frogger,109359,63,32,Pro Gamer
NeoGeo,Pac-Man,67101,70,3,Casual
ChompQueen,Galaga,142145,75,9,Grandmaster
SegaSam,Frogger,20453,80,6,Novice
SegaSam,Donkey Kong,150048,85,35,Grandmaster
SegaSam,Frogger,132151,69,40,Grandmaster
ChompQueen,Donkey Kong,63801,86,8,Casual
KongKiller,Frogger,106053,94,17,Pro Gamer
BlipBlop,Space Invaders,89405,89,17,Pro Gamer
ChompQueen,Pac-Man,71723,62,22,Casual
BlipBlop,Galaga,35430,74,18,Casual
KongKiller,Donkey Kong,143317,94,33,Grandmaster
SegaSam,Donkey Kong,86941,77,26,Pro Gamer
KongKiller,Donkey Kong,41126,96,19,Casual
BlipBlop,Frogger,103679,93,32,Pro Gamer
RetroRider,Pac-Man,143533,97,17,Grandmaster
KongKiller,Galaga,81941,69,42,Pro Gamer
KongKiller,Pac-Man,62475,93,7,Casual
PixelPete,Galaga,140953,68,21,Grandmaster
PixelPete,Galaga,61640,88,24,Casual
BlipBlop,Pac-Man,61998,62,18,Casual
PixelPete,Pac-Man,92077,76,17,Pro Gamer
BlipBlop,Space Invaders,153232,91,30,Grandmaster
BlipBlop,Space Invaders,48899,62,6,Casual
KongKiller,Donkey Kong,142402,69,27,Grandmaster
NeoGeo,Galaga,137824,97,6,Grandmaster
RetroRider,Pac-Man,58735,63,26,Casual
SegaSam,Frogger,55002,87,45,Casual
BlipBlop,Space Invaders,99983,73,30,Pro Gamer
KongKiller,Galaga,71052,83,40,Casual
BlipBlop,Galaga,148739,62,7,Grandmaster
ChompQueen,Frogger,26958,78,6,Novice
ChompQueen,Donkey Kong,47572,87,40,Casual
SegaSam,Frogger,141786,90,25,Grandmaster
SegaSam,Galaga,87404,71,4,Pro Gamer
ChompQueen,Galaga,36754,82,43,Casual
NeoGeo,Space Invaders,24880,86,5,Novice
NeoGeo,Donkey Kong,66086,69,16,Casual
NeoGeo,Donkey Kong,128077,61,15,Grandmaster
ChompQueen,Galaga,125897,70,16,Grandmaster
RetroRider,Pac-Man,105350,87,37,Pro Gamer
ChompQueen,Space Invaders,23404,91,44,Novice
SegaSam,Pac-Man,15704,100,41,Novice
RetroRider,Pac-Man,6955,95,28,Novice
KongKiller,Donkey Kong,99692,97,39,Pro Gamer
KongKiller,Frogger,8555,62,34,Novice
SegaSam,Frogger,54323,91,22,Casual
RetroRider,Frogger,31214,80,27,Casual
ChompQueen,Pac-Man,31064,78,7,Casual
ChompQueen,Donkey Kong,132646,98,26,Grandmaster
RetroRider,Galaga,61094,61,43,Casual
SegaSam,Galaga,144349,74,23,Grandmaster
KongKiller,Donkey Kong,36498,63,9,Casual
ChompQueen,Space Invaders,63326,68,9,Casual
KongKiller,Donkey Kong,113819,77,45,Pro Gamer
BlipBlop,Donkey Kong,41781,82,46,Casual
RetroRider,Space Invaders,49413,99,46,Casual
PixelPete,Donkey Kong,147066,80,40,Grandmaster
KongKiller,Galaga,19741,92,28,Novice
RetroRider,Space Invaders,60468,69,24,Casual
PixelPete,Galaga,133583,62,25,Grandmaster
NeoGeo,Frogger,53120,66,27,Casual
PixelPete,Frogger,107610,71,14,Pro Gamer
SegaSam,Galaga,21145,82,38,Novice
BlipBlop,Space Invaders,59661,91,42,Casual
PixelPete,Frogger,86586,61,16,Pro Gamer
PixelPete,Galaga,45762,65,22,Casual
RetroRider,Frogger,128983,72,21,Grandmaster
NeoGeo,Frogger,67728,81,18,Casual
NeoGeo,Galaga,104275,74,33,Pro Gamer
PixelPete,Space Invaders,32055,77,35,Casual
SegaSam,Galaga,40899,63,27,Casual
RetroRider,Donkey Kong,113099,94,29,Pro Gamer
KongKiller,Space Invaders,17959,87,34,Novice
NeoGeo,Galaga,65835,68,26,Casual
ChompQueen,Donkey Kong,119681,62,35,Pro Gamer
NeoGeo,Donkey Kong,135603,61,37,Grandmaster
ChompQueen,Galaga,22919,77,46,Novice
ChompQueen,Galaga,114053,82,33,Pro Gamer
ChompQueen,Donkey Kong,12700,90,21,Novice
PixelPete,Frogger,81279,66,44,Pro Gamer
BlipBlop,Space Invaders,96227,62,37,Pro Gamer
BlipBlop,Donkey Kong,34157,79,41,Casual
BlipBlop,Space Invaders,111196,73,35,Pro Gamer
SegaSam,Donkey Kong,84278,68,18,Pro Gamer
RetroRider,Frogger,129615,80,5,Grandmaster
SegaSam,Galaga,104876,76,22,Pro Gamer
RetroRider,Frogger,152189,89,22,Grandmaster
ChompQueen,Donkey Kong,75044,79,41,Casual
BlipBlop,Donkey Kong,90320,78,45,Pro Gamer
SegaSam,Donkey Kong,11214,94,24,Novice
SegaSam,Galaga,153679,87,20,Grandmaster
KongKiller,Space Invaders,14742,75,7,Novice
NeoGeo,Pac-Man,38844,96,13,Casual
KongKiller,Donkey Kong,86080,91,7,Pro Gamer
NeoGeo,Pac-Man,97793,97,44,Pro Gamer
NeoGeo,Frogger,114554,69,9,Pro Gamer
KongKiller,Galaga,9917,73,35,Novice
NeoGeo,Space Invaders,34242,73,11,Casual
BlipBlop,Pac-Man,42678,82,42,Casual
BlipBlop,Frogger,106624,81,25,Pro Gamer
NeoGeo,Galaga,65791,80,34,Casual
KongKiller,Space Invaders,152503,69,36,Grandmaster
SegaSam,Space Invaders,133009,70,36,Grandmaster
BlipBlop,Frogger,37692,72,9,Casual
KongKiller,Space Invaders,44575,91,29,Casual
NeoGeo,Frogger,97121,80,16,Pro Gamer
ChompQueen,Donkey Kong,23801,94,15,Novice
ChompQueen,Frogger,75363,73,18,Casual
ChompQueen,Galaga,8762,77,5,Novice
RetroRider,Donkey Kong,18598,91,19,Novice
RetroRider,Galaga,63462,96,24,Casual
BlipBlop,Donkey Kong,55226,90,15,Casual
PixelPete,Galaga,118372,71,24,Pro Gamer
SegaSam,Pac-Man,35870,63,41,Casual
ChompQueen,Donkey Kong,92915,62,35,Pro Gamer
SegaSam,Pac-Man,99003,73,36,Pro Gamer
ChompQueen,Frogger,115151,86,41,Pro Gamer
NeoGeo,Frogger,36675,73,28,Casual
ChompQueen,Frogger,136330,93,40,Grandmaster
KongKiller,Pac-Man,80047,67,36,Pro Gamer
NeoGeo,Pac-Man,102240,64,3,Pro Gamer
PixelPete,Frogger,80272,76,43,Pro Gamer
SegaSam,Galaga,71516,93,9,Casual
SegaSam,Donkey Kong,65813,89,16,Casual
ChompQueen,Pac-Man,16399,61,19,Novice
ChompQueen,Frogger,27716,86,16,Novice
RetroRider,Frogger,79831,93,46,Casual
PixelPete,Galaga,31627,72,18,Casual
SegaSam,Donkey Kong,22436,72,30,Novice
NeoGeo,Space Invaders,25965,63,26,Novice
PixelPete,Space Invaders,30190,75,11,Casual
PixelPete,Space Invaders,112929,91,23,Pro Gamer
KongKiller,Pac-Man,152763,87,22,Grandmaster
PixelPete,Space Invaders,13645,96,40,Novice
NeoGeo,Space Invaders,109493,96,5,Pro Gamer
SegaSam,Space Invaders,153082,86,6,Grandmaster
RetroRider,Donkey Kong,19265,66,13,Novice
SegaSam,Galaga,59208,81,29,Casual
RetroRider,Frogger,114338,67,24,Pro Gamer
PixelPete,Pac-Man,55930,87,10,Casual
KongKiller,Galaga,113269,82,26,Pro Gamer
SegaSam,Galaga,121541,75,12,Grandmaster
PixelPete,Galaga,150606,91,40,Grandmaster
BlipBlop,Frogger,47321,78,17,Casual
RetroRider,Galaga,39192,98,41,Casual
RetroRider,Galaga,33353,77,46,Casual
BlipBlop,Space Invaders,70547,78,32,Casual
BlipBlop,Frogger,109775,75,20,Pro Gamer
BlipBlop,Pac-Man,68894,62,9,Casual
KongKiller,Frogger,69408,86,28,Casual
RetroRider,Frogger,51869,82,22,Casual
KongKiller,Frogger,112455,80,5,Pro Gamer
NeoGeo,Pac-Man,63164,72,34,Casual
NeoGeo,Donkey Kong,89253,79,30,Pro Gamer
BlipBlop,Galaga,119609,80,38,Pro Gamer
BlipBlop,Frogger,92813,92,24,Pro Gamer
PixelPete,Frogger,17129,78,4,Novice
BlipBlop,Pac-Man,5269,82,40,Novice
ChompQueen,Donkey Kong,147801,75,7,Grandmaster
SegaSam,Frogger,74736,71,23,Casual
SegaSam,Frogger,91085,94,36,Pro Gamer
ChompQueen,Frogger,138465,87,35,Grandmaster
BlipBlop,Galaga,150047,65,5,Grandmaster
BlipBlop,Galaga,86929,79,17,Pro Gamer
SegaSam,Frogger,77909,60,27,Casual
ChompQueen,Galaga,44409,79,8,Casual
ChompQueen,Pac-Man,51246,67,19,Casual
NeoGeo,Frogger,25651,84,23,Novice
ChompQueen,Space Invaders,150366,65,33,Grandmaster
BlipBlop,Space Invaders,113442,67,28,Pro Gamer
RetroRider,Pac-Man,99837,88,8,Pro Gamer
BlipBlop,Frogger,55626,63,13,Casual
NeoGeo,Galaga,42406,93,12,Casual
NeoGeo,Donkey Kong,84706,100,11,Pro Gamer
KongKiller,Frogger,25332,91,14,Novice
BlipBlop,Space Invaders,151357,83,8,Grandmaster
PixelPete,Space Invaders,97855,63,27,Pro Gamer
SegaSam,Pac-Man,94431,75,29,Pro Gamer
NeoGeo,Galaga,148621,98,23,Grandmaster
KongKiller,Pac-Man,151252,63,29,Grandmaster
PixelPete,Galaga,28492,88,16,Novice
SegaSam,Donkey Kong,24132,94,40,Novice
PixelPete,Donkey Kong,28180,79,8,Novice
ChompQueen,Donkey Kong,68314,96,43,Casual
RetroRider,Frogger,101939,72,6,Pro Gamer
RetroRider,Pac-Man,60988,96,10,Casual
KongKiller,Galaga,105080,77,11,Pro Gamer
ChompQueen,Frogger,19485,69,2,Novice
ChompQueen,Frogger,122682,88,15,Grandmaster
ChompQueen,Frogger,115701,87,32,Pro Gamer
NeoGeo,Pac-Man,34137,76,7,Casual
NeoGeo,Donkey Kong,96090,78,9,Pro Gamer
SegaSam,Donkey Kong,101482,71,21,Pro Gamer
NeoGeo,Frogger,63999,84,19,Casual
KongKiller,Pac-Man,74649,96,5,Casual
RetroRider,Pac-Man,111522,66,40,Pro Gamer
PixelPete,Pac-Man,145695,67,11,Grandmaster
KongKiller,Space Invaders,39292,66,15,Casual
ChompQueen,Space Invaders,98380,67,46,Pro Gamer
NeoGeo,Donkey Kong,60409,91,30,Casual
BlipBlop,Space Invaders,124934,95,21,Grandmaster
BlipBlop,Galaga,13598,78,17,Novice
SegaSam,Frogger,152312,86,21,Grandmaster
RetroRider,Frogger,117426,96,15,Pro Gamer
BlipBlop,Space Invaders,134335,77,15,Grandmaster
ChompQueen,Frogger,124989,76,30,Grandmaster
ChompQueen,Space Invaders,17126,72,38,Novice
PixelPete,Frogger,59012,70,21,Casual
ChompQueen,Space Invaders,79482,65,3,Casual
RetroRider,Space Invaders,67854,76,40,Casual
NeoGeo,Pac-Man,79119,69,9,Casual
RetroRider,Donkey Kong,36425,60,29,Casual
BlipBlop,Space Invaders,154186,73,29,Grandmaster
NeoGeo,Galaga,144493,86,10,Grandmaster
SegaSam,Donkey Kong,86449,87,12,Pro Gamer
KongKiller,Frogger,25226,77,45,Novice
PixelPete,Space Invaders,14949,94,2,Novice
ChompQueen,Galaga,74869,79,39,Casual
KongKiller,Frogger,119112,88,23,Pro Gamer
PixelPete,Space Invaders,80645,71,35,Pro Gamer
KongKiller,Galaga,40226,73,45,Casual
KongKiller,Galaga,142339,94,16,Grandmaster
RetroRider,Frogger,70102,72,17,Casual
PixelPete,Donkey Kong,39399,74,46,Casual
SegaSam,Pac-Man,22026,89,6,Novice
BlipBlop,Galaga,32392,71,24,Casual
BlipBlop,Galaga,84284,65,25,Pro Gamer
PixelPete,Frogger,45987,77,29,Casual
KongKiller,Pac-Man,55336,96,16,Casual
SegaSam,Pac-Man,8372,76,5,Novice
NeoGeo,Space Invaders,75903,78,43,Casual
BlipBlop,Pac-Man,70922,89,12,Casual
KongKiller,Donkey Kong,81466,63,8,Pro Gamer
SegaSam,Donkey Kong,120108,64,33,Grandmaster
PixelPete,Space Invaders,58932,84,42,Casual
KongKiller,Space Invaders,108578,75,32,Pro Gamer
BlipBlop,Galaga,105615,83,22,Pro Gamer
KongKiller,Space Invaders,32102,73,9,Casual
RetroRider,Space Invaders,34405,76,16,Casual
SegaSam,Frogger,61040,62,15,Casual
PixelPete,Galaga,98359,65,30,Pro Gamer
NeoGeo,Galaga,115256,73,28,Pro Gamer
PixelPete,Space Invaders,124603,85,13,Grandmaster
NeoGeo,Donkey Kong,119502,91,20,Pro Gamer
RetroRider,Pac-Man,81734,76,8,Pro Gamer
ChompQueen,Frogger,82205,90,24,Pro Gamer
PixelPete,Frogger,147970,87,33,Grandmaster
KongKiller,Pac-Man,112198,68,13,Pro Gamer
BlipBlop,Space Invaders,44418,81,26,Casual
RetroRider,Galaga,19360,81,17,Novice
SegaSam,Pac-Man,10569,72,39,Novice
NeoGeo,Pac-Man,67253,61,16,Casual
RetroRider,Donkey Kong,16817,70,26,Novice
KongKiller,Frogger,42671,98,8,Casual
ChompQueen,Galaga,121888,75,9,Grandmaster
NeoGeo,Frogger,91929,70,38,Pro Gamer
BlipBlop,Pac-Man,137981,95,39,Grandmaster
KongKiller,Galaga,147627,84,14,Grandmaster
NeoGeo,Frogger,65704,76,7,Casual
PixelPete,Frogger,71492,93,17,Casual
ChompQueen,Donkey Kong,107424,95,2,Pro Gamer
ChompQueen,Space Invaders,12707,60,38,Novice
BlipBlop,Galaga,135591,72,41,Grandmaster
ChompQueen,Space Invaders,149096,70,21,Grandmaster
ChompQueen,Donkey Kong,89065,96,6,Pro Gamer
KongKiller,Donkey Kong,121677,98,29,Grandmaster
PixelPete,Frogger,148386,92,40,Grandmaster
ChompQueen,Pac-Man,118426,70,16,Pro Gamer
BlipBlop,Galaga,68325,86,43,Casual
PixelPete,Frogger,137101,79,29,Grandmaster
BlipBlop,Pac-Man,68770,79,44,Casual
BlipBlop,Donkey Kong,139488,74,2,Grandmaster
PixelPete,Donkey Kong,83831,95,12,Pro Gamer
BlipBlop,Pac-Man,118732,69,3,Pro Gamer
SegaSam,Donkey Kong,107648,85,28,Pro Gamer
PixelPete,Galaga,25923,84,11,Novice
KongKiller,Space Invaders,133682,91,26,Grandmaster
BlipBlop,Space Invaders,101539,80,12,Pro Gamer
PixelPete,Space Invaders,149849,81,14,Grandmaster
ChompQueen,Pac-Man,83117,82,25,Pro Gamer
NeoGeo,Pac-Man,73850,77,18,Casual
RetroRider,Pac-Man,80829,85,10,Pro Gamer
PixelPete,Space Invaders,144043,95,23,Grandmaster
KongKiller,Galaga,92397,84,39,Pro Gamer
SegaSam,Frogger,41031,88,20,Casual
RetroRider,Pac-Man,154218,83,19,Grandmaster
RetroRider,Frogger,111143,69,11,Pro Gamer
BlipBlop,Space Invaders,43935,95,17,Casual
KongKiller,Space Invaders,25651,94,8,Novice
NeoGeo,Pac-Man,128999,77,33,Grandmaster
ChompQueen,Donkey Kong,46078,90,28,Casual
NeoGeo,Space Invaders,25749,97,46,Novice
KongKiller,Frogger,115111,88,11,Pro Gamer
RetroRider,Frogger,89816,89,25,Pro Gamer
BlipBlop,Pac-Man,123492,87,40,Grandmaster
KongKiller,Pac-Man,93282,95,27,Pro Gamer
SegaSam,Donkey Kong,146578,71,25,Grandmaster
RetroRider,Galaga,108623,64,38,Pro Gamer
ChompQueen,Space Invaders,100737,84,4,Pro Gamer
KongKiller,Galaga,43498,89,40,Casual
PixelPete,Frogger,97027,86,25,Pro Gamer
SegaSam,Pac-Man,89250,92,45,Pro Gamer
NeoGeo,Frogger,134635,78,40,Grandmaster
KongKiller,Galaga,76115,78,35,Casual
NeoGeo,Frogger,123579,82,44,Grandmaster
ChompQueen,Space Invaders,153674,84,36,Grandmaster
BlipBlop,Pac-Man,116734,81,41,Pro Gamer
SegaSam,Space Invaders,123416,60,30,Grandmaster
NeoGeo,Pac-Man,79517,68,22,Casual
ChompQueen,Space Invaders,40270,65,24,Casual
PixelPete,Donkey Kong,126885,74,37,Grandmaster
BlipBlop,Space Invaders,96673,98,21,Pro Gamer
SegaSam,Galaga,113566,97,11,Pro Gamer
SegaSam,Space Invaders,53293,84,38,Casual
KongKiller,Pac-Man,15294,93,12,Novice
SegaSam,Frogger,80077,94,18,Pro Gamer
SegaSam,Donkey Kong,98213,62,37,Pro Gamer
SegaSam,Pac-Man,36722,96,27,Casual
RetroRider,Space Invaders,11131,77,31,Novice
SegaSam,Galaga,85369,75,44,Pro Gamer
ChompQueen,Galaga,111932,74,28,Pro Gamer
KongKiller,Galaga,71294,72,33,Casual
BlipBlop,Frogger,84332,92,46,Pro Gamer
ChompQueen,Space Invaders,91286,88,19,Pro Gamer
ChompQueen,Space Invaders,101614,73,44,Pro Gamer
PixelPete,Galaga,29955,93,21,Novice
KongKiller,Pac-Man,148215,67,32,Grandmaster
ChompQueen,Galaga,138120,87,39,Grandmaster
BlipBlop,Space Invaders,18055,73,32,Novice
BlipBlop,Frogger,103619,85,25,Pro Gamer
BlipBlop,Pac-Man,97376,62,11,Pro Gamer
PixelPete,Space Invaders,128098,86,37,Grandmaster
BlipBlop,Galaga,90536,91,9,Pro Gamer
BlipBlop,Donkey Kong,68262,98,23,Casual
ChompQueen,Donkey Kong,82610,65,2,Pro Gamer
RetroRider,Space Invaders,51851,76,3,Casual
NeoGeo,Donkey Kong,92274,82,27,Pro Gamer
SegaSam,Frogger,137234,95,44,Grandmaster
NeoGeo,Donkey Kong,12917,81,34,Novice
NeoGeo,Frogger,112077,94,17,Pro Gamer
PixelPete,Donkey Kong,5110,77,5,Novice
KongKiller,Donkey Kong,5056,98,19,Novice
ChompQueen,Galaga,149910,92,5,Grandmaster
PixelPete,Pac-Man,80705,83,23,Pro Gamer
NeoGeo,Donkey Kong,54316,94,37,Casual
KongKiller,Frogger,36366,89,46,Casual
NeoGeo,Space Invaders,150179,83,22,Grandmaster
KongKiller,Galaga,71125,100,41,Casual
NeoGeo,Pac-Man,97578,71,31,Pro Gamer
PixelPete,Space Invaders,72681,93,38,Casual
BlipBlop,Galaga,109084,85,21,Pro Gamer
NeoGeo,Frogger,5255,80,4,Novice
NeoGeo,Space Invaders,6664,66,45,Novice
BlipBlop,Galaga,92223,83,20,Pro Gamer
BlipBlop,Galaga,114228,83,32,Pro Gamer
RetroRider,Frogger,21928,69,9,Novice
NeoGeo,Galaga,86867,83,39,Pro Gamer
ChompQueen,Space Invaders,110724,64,33,Pro Gamer
NeoGeo,Space Invaders,53774,73,35,Casual
BlipBlop,Donkey Kong,89882,75,29,Pro Gamer
ChompQueen,Donkey Kong,23703,66,14,Novice
ChompQueen,Space Invaders,74970,77,22,Casual
PixelPete,Space Invaders,73649,94,5,Casual
SegaSam,Frogger,72034,99,24,Casual
ChompQueen,Donkey Kong,113413,71,10,Pro Gamer
BlipBlop,Space Invaders,133799,69,21,Grandmaster
KongKiller,Donkey Kong,82838,90,13,Pro Gamer
SegaSam,Frogger,81624,84,5,Pro Gamer
PixelPete,Donkey Kong,51147,75,41,Casual
ChompQueen,Space Invaders,11220,98,7,Novice
RetroRider,Donkey Kong,93893,96,7,Pro Gamer
RetroRider,Space Invaders,101714,85,6,Pro Gamer
ChompQueen,Frogger,66591,74,43,Casual
SegaSam,Frogger,5961,65,17,Novice
BlipBlop,Space Invaders,85980,66,25,Pro Gamer
ChompQueen,Space Invaders,20302,97,23,Novice
KongKiller,Donkey Kong,110998,92,6,Pro Gamer
SegaSam,Pac-Man,153186,73,3,Grandmaster
RetroRider,Donkey Kong,112856,68,14,Pro Gamer
ChompQueen,Space Invaders,137462,95,30,Grandmaster
SegaSam,Frogger,85637,72,22,Pro Gamer
BlipBlop,Space Invaders,34061,77,26,Casual
NeoGeo,Frogger,141354,86,35,Grandmaster
PixelPete,Galaga,30217,68,3,Casual
PixelPete,Frogger,135768,87,37,Grandmaster
SegaSam,Frogger,104554,90,21,Pro Gamer
NeoGeo,Space Invaders,142933,72,39,Grandmaster
RetroRider,Donkey Kong,54649,81,15,Casual
BlipBlop,Donkey Kong,10504,62,7,Novice
BlipBlop,Frogger,81515,66,6,Pro Gamer
SegaSam,Frogger,49835,66,39,Casual
RetroRider,Space Invaders,147192,79,12,Grandmaster
RetroRider,Frogger,118115,91,9,Pro Gamer
RetroRider,Frogger,126467,74,26,Grandmaster
KongKiller,Galaga,111571,86,44,Pro Gamer
PixelPete,Galaga,97627,79,2,Pro Gamer
KongKiller,Frogger,48616,89,22,Casual
RetroRider,Pac-Man,63191,76,44,Casual
KongKiller,Galaga,27367,94,22,Novice
ChompQueen,Frogger,139288,65,30,Grandmaster
ChompQueen,Frogger,68472,67,16,Casual
ChompQueen,Frogger,113200,71,8,Pro Gamer
BlipBlop,Frogger,77086,83,16,Casual
BlipBlop,Space Invaders,28344,95,13,Novice
NeoGeo,Donkey Kong,97832,78,32,Pro Gamer
RetroRider,Frogger,96487,70,35,Pro Gamer
PixelPete,Galaga,143943,74,17,Grandmaster
ChompQueen,Donkey Kong,131270,91,8,Grandmaster
SegaSam,Frogger,35386,92,11,Casual
BlipBlop,Space Invaders,55592,74,18,Casual
PixelPete,Frogger,62895,68,45,Casual
BlipBlop,Pac-Man,80782,68,34,Pro Gamer
RetroRider,Pac-Man,65128,94,38,Casual
ChompQueen,Frogger,55472,82,45,Casual
KongKiller,Donkey Kong,116774,61,38,Pro Gamer
BlipBlop,Frogger,149328,69,41,Grandmaster
BlipBlop,Galaga,150010,60,4,Grandmaster
NeoGeo,Galaga,119840,100,24,Pro Gamer
PixelPete,Frogger,153215,79,27,Grandmaster
SegaSam,Frogger,111531,85,9,Pro Gamer
SegaSam,Pac-Man,59387,61,44,Casual
ChompQueen,Space Invaders,121704,90,6,Grandmaster
SegaSam,Donkey Kong,90845,95,8,Pro Gamer
KongKiller,Frogger,95491,99,42,Pro Gamer
BlipBlop,Pac-Man,88457,77,17,Pro Gamer
BlipBlop,Pac-Man,119789,82,24,Pro Gamer
NeoGeo,Frogger,31447,74,2,Casual
SegaSam,Frogger,50204,86,23,Casual
RetroRider,Galaga,99058,72,22,Pro Gamer
KongKiller,Frogger,127349,63,27,Grandmaster
KongKiller,Pac-Man,23557,74,35,Novice
NeoGeo,Donkey Kong,49692,98,39,Casual
PixelPete,Donkey Kong,95545,99,22,Pro Gamer
NeoGeo,Space Invaders,36758,95,18,Casual
RetroRider,Donkey Kong,120001,93,34,Grandmaster
NeoGeo,Frogger,6062,63,39,Novice
KongKiller,Galaga,92623,80,29,Pro Gamer
PixelPete,Galaga,64395,86,38,Casual
NeoGeo,Galaga,59159,78,22,Casual
RetroRider,Frogger,88170,69,32,Pro Gamer
PixelPete,Galaga,51674,64,28,Casual
KongKiller,Space Invaders,152112,81,24,Grandmaster
ChompQueen,Galaga,37063,85,28,Casual
KongKiller,Frogger,86751,62,15,Pro Gamer
KongKiller,Space Invaders,132018,78,23,Grandmaster
KongKiller,Space Invaders,96481,88,11,Pro Gamer
SegaSam,Donkey Kong,76335,86,34,Casual
ChompQueen,Space Invaders,94458,65,42,Pro Gamer
NeoGeo,Frogger,149968,100,23,Grandmaster
SegaSam,Pac-Man,45071,94,13,Casual
RetroRider,Space Invaders,9250,75,36,Novice
ChompQueen,Galaga,55325,64,30,Casual
KongKiller,Space Invaders,116062,61,25,Pro Gamer
SegaSam,Pac-Man,68812,84,28,Casual
NeoGeo,Pac-Man,14452,62,10,Novice
PixelPete,Pac-Man,120521,61,28,Grandmaster
KongKiller,Galaga,41818,97,30,Casual
PixelPete,Donkey Kong,21594,63,8,Novice
ChompQueen,Galaga,94651,93,3,Pro Gamer
BlipBlop,Space Invaders,36804,97,37,Casual
ChompQueen,Space Invaders,78308,76,33,Casual
SegaSam,Donkey Kong,18417,69,44,Novice
BlipBlop,Space Invaders,103680,96,26,Pro Gamer
SegaSam,Galaga,88133,83,17,Pro Gamer
NeoGeo,Donkey Kong,28044,93,22,Novice
BlipBlop,Galaga,126183,97,3,Grandmaster
RetroRider,Pac-Man,29724,69,38,Novice
BlipBlop,Frogger,68068,79,42,Casual
SegaSam,Space Invaders,102101,83,30,Pro Gamer
KongKiller,Donkey Kong,63558,87,36,Casual
BlipBlop,Pac-Man,130893,70,32,Grandmaster
KongKiller,Space Invaders,125147,71,24,Grandmaster
KongKiller,Frogger,76437,74,23,Casual
BlipBlop,Frogger,21322,80,36,Novice
PixelPete,Galaga,100144,68,25,Pro Gamer
PixelPete,Galaga,133752,92,7,Grandmaster
PixelPete,Galaga,21795,87,40,Novice
NeoGeo,Frogger,53776,71,16,Casual
PixelPete,Galaga,23780,92,16,Novice
BlipBlop,Pac-Man,88713,84,24,Pro Gamer
PixelPete,Pac-Man,51081,89,27,Casual
NeoGeo,Donkey Kong,129177,80,25,Grandmaster
PixelPete,Space Invaders,101582,83,2,Pro Gamer
SegaSam,Frogger,46750,83,27,Casual
KongKiller,Frogger,128112,67,22,Grandmaster
KongKiller,Pac-Man,34869,69,45,Casual
SegaSam,Galaga,47056,90,36,Casual
NeoGeo,Frogger,125436,62,28,Grandmaster
ChompQueen,Galaga,111575,83,11,Pro Gamer
BlipBlop,Donkey Kong,35033,92,2,Casual
SegaSam,Donkey Kong,54368,99,46,Casual
SegaSam,Donkey Kong,38629,65,14,Casual
SegaSam,Donkey Kong,57741,86,45,Casual
BlipBlop,Space Invaders,134811,99,3,Grandmaster
KongKiller,Frogger,10152,79,11,Novice
PixelPete,Pac-Man,115186,95,18,Pro Gamer
SegaSam,Donkey Kong,56546,81,21,Casual
NeoGeo,Space Invaders,78545,73,30,Casual
SegaSam,Space Invaders,108753,63,22,Pro Gamer
PixelPete,Space Invaders,44009,80,26,Casual
BlipBlop,Pac-Man,92395,65,33,Pro Gamer
BlipBlop,Frogger,63894,67,25,Casual
PixelPete,Frogger,65208,71,46,Casual
KongKiller,Galaga,54840,73,6,Casual
RetroRider,Pac-Man,29643,96,15,Novice
ChompQueen,Frogger,62470,74,32,Casual
SegaSam,Pac-Man,66666,65,5,Casual
SegaSam,Pac-Man,120665,65,24,Grandmaster
SegaSam,Frogger,87356,88,6,Pro Gamer
NeoGeo,Frogger,148013,95,25,Grandmaster
PixelPete,Frogger,61703,74,35,Casual
ChompQueen,Frogger,153195,91,3,Grandmaster
BlipBlop,Donkey Kong,36916,67,12,Casual
SegaSam,Donkey Kong,117852,93,32,Pro Gamer
NeoGeo,Pac-Man,11107,94,38,Novice
RetroRider,Pac-Man,109184,85,9,Pro Gamer
NeoGeo,Galaga,31137,67,31,Casual
KongKiller,Galaga,74517,73,8,Casual
KongKiller,Frogger,14865,65,33,Novice
SegaSam,Space Invaders,37995,60,14,Casual
RetroRider,Galaga,86559,97,16,Pro Gamer
KongKiller,Donkey Kong,54075,79,28,Casual
NeoGeo,Space Invaders,113719,87,31,Pro Gamer
KongKiller,Pac-Man,6030,65,33,Novice
BlipBlop,Frogger,114476,99,34,Pro Gamer
PixelPete,Galaga,83395,83,35,Pro Gamer
SegaSam,Donkey Kong,115198,68,10,Pro Gamer
SegaSam,Frogger,134338,69,28,Grandmaster
SegaSam,Galaga,120652,65,28,Grandmaster
PixelPete,Galaga,30214,88,38,Casual
RetroRider,Galaga,138079,88,32,Grandmaster
RetroRider,Frogger,26480,70,2,Novice
KongKiller,Space Invaders,117519,83,28,Pro Gamer
SegaSam,Galaga,57757,77,24,Casual
NeoGeo,Frogger,5127,92,28,Novice
NeoGeo,Galaga,125504,68,44,Grandmaster
PixelPete,Frogger,80093,78,14,Pro Gamer
SegaSam,Donkey Kong,37140,75,42,Casual
BlipBlop,Donkey Kong,94485,91,43,Pro Gamer
BlipBlop,Galaga,67442,76,24,Casual
KongKiller,Frogger,67931,61,31,Casual
ChompQueen,Galaga,96985,97,29,Pro Gamer
RetroRider,Galaga,29367,70,40,Novice
KongKiller,Donkey Kong,147266,64,12,Grandmaster
ChompQueen,Galaga,46867,63,26,Casual
RetroRider,Frogger,41882,66,46,Casual
ChompQueen,Pac-Man,61265,71,41,Casual
ChompQueen,Frogger,46019,99,27,Casual
ChompQueen,Frogger,9937,72,15,Novice
ChompQueen,Pac-Man,44139,63,2,Casual
SegaSam,Space Invaders,110455,69,11,Pro Gamer
NeoGeo,Galaga,52197,95,27,Casual
NeoGeo,Donkey Kong,24657,70,18,Novice
RetroRider,Space Invaders,87790,65,24,Pro Gamer
ChompQueen,Space Invaders,38447,80,25,Casual
PixelPete,Donkey Kong,46431,93,26,Casual
BlipBlop,Frogger,85763,98,42,Pro Gamer
SegaSam,Donkey Kong,40937,87,28,Casual
ChompQueen,Frogger,111424,80,33,Pro Gamer
PixelPete,Space Invaders,85943,95,37,Pro Gamer
BlipBlop,Pac-Man,33080,76,19,Casual
SegaSam,Donkey Kong,118053,80,45,Pro Gamer
RetroRider,Galaga,114838,71,10,Pro Gamer
BlipBlop,Galaga,39238,64,26,Casual
SegaSam,Galaga,16963,97,2,Novice
SegaSam,Frogger,68042,71,32,Casual
RetroRider,Space Invaders,113468,73,7,Pro Gamer
KongKiller,Space Invaders,84581,73,41,Pro Gamer
BlipBlop,Frogger,80953,95,30,Pro Gamer
RetroRider,Pac-Man,92516,100,12,Pro Gamer
BlipBlop,Space Invaders,47393,87,46,Casual
RetroRider,Frogger,85651,64,26,Pro Gamer
ChompQueen,Galaga,62578,79,2,Casual
NeoGeo,Space Invaders,75106,88,28,Casual
ChompQueen,Space Invaders,130628,66,10,Grandmaster
NeoGeo,Pac-Man,48893,67,45,Casual
ChompQueen,Space Invaders,103942,68,6,Pro Gamer
RetroRider,Space Invaders,45554,60,11,Casual
PixelPete,Galaga,75737,86,9,Casual
NeoGeo,Space Invaders,45285,91,36,Casual
SegaSam,Space Invaders,79665,90,44,Casual
SegaSam,Frogger,79079,99,14,Casual
ChompQueen,Galaga,111059,99,23,Pro Gamer
BlipBlop,Pac-Man,42716,80,18,Casual
BlipBlop,Space Invaders,108399,95,11,Pro Gamer
RetroRider,Donkey Kong,39203,87,27,Casual
KongKiller,Galaga,21336,66,28,Novice
ChompQueen,Donkey Kong,27497,74,5,Novice
NeoGeo,Pac-Man,42385,80,19,Casual
BlipBlop,Pac-Man,146222,96,20,Grandmaster
RetroRider,Space Invaders,25200,73,15,Novice
NeoGeo,Frogger,143840,76,24,Grandmaster
KongKiller,Space Invaders,60216,88,3,Casual
NeoGeo,Galaga,139518,80,10,Grandmaster
RetroRider,Donkey Kong,128166,95,37,Grandmaster
BlipBlop,Frogger,78236,98,26,Casual
PixelPete,Space Invaders,149590,90,42,Grandmaster
NeoGeo,Pac-Man,96397,72,7,Pro Gamer
RetroRider,Frogger,29414,71,13,Novice
KongKiller,Galaga,109398,100,18,Pro Gamer
NeoGeo,Space Invaders,7025,73,6,Novice
ChompQueen,Pac-Man,45815,63,41,Casual
ChompQueen,Space Invaders,15118,60,5,Novice
BlipBlop,Frogger,136284,92,42,Grandmaster
SegaSam,Pac-Man,21743,82,21,Novice
NeoGeo,Frogger,12057,75,10,Novice
KongKiller,Pac-Man,97231,82,32,Pro Gamer
PixelPete,Pac-Man,71324,65,19,Casual
PixelPete,Galaga,46171,86,17,Casual
BlipBlop,Space Invaders,68692,63,25,Casual
ChompQueen,Space Invaders,153274,65,17,Grandmaster
PixelPete,Space Invaders,122487,74,28,Grandmaster
KongKiller,Donkey Kong,22479,72,31,Novice
PixelPete,Pac-Man,142713,86,2,Grandmaster
SegaSam,Pac-Man,152355,79,43,Grandmaster
RetroRider,Frogger,15648,87,35,Novice
RetroRider,Space Invaders,149432,95,25,Grandmaster
BlipBlop,Donkey Kong,105051,92,14,Pro Gamer
RetroRider,Galaga,102129,81,14,Pro Gamer
RetroRider,Galaga,23226,80,4,Novice
SegaSam,Donkey Kong,151223,91,18,Grandmaster
RetroRider,Galaga,103329,82,45,Pro Gamer
PixelPete,Frogger,149053,95,39,Grandmaster
RetroRider,Galaga,153021,90,16,Grandmaster
KongKiller,Pac-Man,87083,94,35,Pro Gamer
BlipBlop,Pac-Man,72977,78,46,Casual
ChompQueen,Space Invaders,54079,87,3,Casual
KongKiller,Pac-Man,107202,69,36,Pro Gamer
ChompQueen,Donkey Kong,97512,74,41,Pro Gamer
PixelPete,Pac-Man,89510,81,39,Pro Gamer
PixelPete,Donkey Kong,125877,94,24,Grandmaster
ChompQueen,Frogger,111620,69,3,Pro Gamer
NeoGeo,Galaga,98451,88,16,Pro Gamer
SegaSam,Galaga,65724,74,38,Casual
KongKiller,Frogger,32221,99,30,Casual
ChompQueen,Pac-Man,143070,68,35,Grandmaster
BlipBlop,Space Invaders,145284,94,28,Grandmaster
PixelPete,Frogger,28687,77,11,Novice
KongKiller,Galaga,8550,92,9,Novice
RetroRider,Donkey Kong,67968,98,17,Casual
RetroRider,Donkey Kong,77987,86,23,Casual
ChompQueen,Space Invaders,132304,85,15,Grandmaster
BlipBlop,Frogger,35459,61,21,Casual
KongKiller,Frogger,100698,99,12,Pro Gamer
KongKiller,Galaga,126876,98,44,Grandmaster
NeoGeo,Galaga,46433,70,19,Casual
BlipBlop,Donkey Kong,40473,82,23,Casual
NeoGeo,Donkey Kong,98415,72,39,Pro Gamer
KongKiller,Space Invaders,152285,70,13,Grandmaster
PixelPete,Space Invaders,111861,61,2,Pro Gamer
KongKiller,Pac-Man,43901,98,30,Casual
RetroRider,Frogger,143540,76,15,Grandmaster
NeoGeo,Pac-Man,91427,72,34,Pro Gamer
KongKiller,Galaga,101105,89,8,Pro Gamer
RetroRider,Frogger,112279,76,10,Pro Gamer
SegaSam,Space Invaders,135375,70,32,Grandmaster
PixelPete,Donkey Kong,6065,86,16,Novice
NeoGeo,Donkey Kong,145982,61,45,Grandmaster
BlipBlop,Frogger,90450,76,40,Pro Gamer
NeoGeo,Donkey Kong,54009,85,32,Casual
NeoGeo,Pac-Man,41817,72,6,Casual
ChompQueen,Galaga,96437,71,44,Pro Gamer
KongKiller,Donkey Kong,24250,68,41,Novice
PixelPete,Pac-Man,11661,81,42,Novice
KongKiller,Donkey Kong,139809,61,40,Grandmaster
RetroRider,Donkey Kong,114066,71,2,Pro Gamer
KongKiller,Space Invaders,140860,92,40,Grandmaster
PixelPete,Donkey Kong,40215,74,42,Casual
BlipBlop,Donkey Kong,84096,95,6,Pro Gamer
KongKiller,Galaga,8291,73,42,Novice
BlipBlop,Space Invaders,62123,89,16,Casual
SegaSam,Space Invaders,39943,75,40,Casual
NeoGeo,Space Invaders,27103,76,30,Novice
ChompQueen,Pac-Man,45143,61,38,Casual
BlipBlop,Space Invaders,73366,98,32,Casual
RetroRider,Donkey Kong,110620,64,10,Pro Gamer
KongKiller,Pac-Man,116169,68,45,Pro Gamer
KongKiller,Galaga,24191,89,29,Novice
RetroRider,Pac-Man,15716,80,36,Novice
PixelPete,Donkey Kong,132346,62,19,Grandmaster
PixelPete,Frogger,111612,97,5,Pro Gamer
BlipBlop,Frogger,75777,65,6,Casual
KongKiller,Donkey Kong,124665,79,25,Grandmaster
BlipBlop,Donkey Kong,70309,78,40,Casual
BlipBlop,Space Invaders,57862,72,18,Casual
BlipBlop,Pac-Man,120848,79,17,Grandmaster
RetroRider,Frogger,138814,69,43,Grandmaster
RetroRider,Space Invaders,83636,97,8,Pro Gamer
RetroRider,Pac-Man,141002,70,23,Grandmaster
RetroRider,Frogger,47414,98,37,Casual
RetroRider,Galaga,110061,67,26,Pro Gamer
NeoGeo,Frogger,32672,86,25,Casual
KongKiller,Donkey Kong,59209,62,26,Casual
NeoGeo,Pac-Man,25771,67,44,Novice
BlipBlop,Galaga,43587,90,44,Casual
NeoGeo,Pac-Man,83074,64,27,Pro Gamer
BlipBlop,Space Invaders,95642,84,14,Pro Gamer
RetroRider,Pac-Man,138251,95,32,Grandmaster
PixelPete,Galaga,102461,84,18,Pro Gamer
PixelPete,Pac-Man,28489,73,28,Novice
RetroRider,Donkey Kong,95363,61,21,Pro Gamer
RetroRider,Galaga,108933,74,18,Pro Gamer
KongKiller,Space Invaders,36156,72,30,Casual
PixelPete,Galaga,50082,88,17,Casual
RetroRider,Donkey Kong,154061,69,8,Grandmaster
KongKiller,Frogger,48471,79,38,Casual
ChompQueen,Space Invaders,34306,71,17,Casual
BlipBlop,Frogger,29807,86,2,Novice
RetroRider,Donkey Kong,128693,70,20,Grandmaster
BlipBlop,Pac-Man,142420,88,39,Grandmaster
KongKiller,Pac-Man,106388,65,2,Pro Gamer
KongKiller,Galaga,18866,62,6,Novice
NeoGeo,Pac-Man,133190,79,20,Grandmaster
BlipBlop,Galaga,62223,90,4,Casual
SegaSam,Frogger,89222,87,25,Pro Gamer
KongKiller,Galaga,62415,82,13,Casual
PixelPete,Space Invaders,51809,78,28,Casual
NeoGeo,Galaga,66781,75,18,Casual
NeoGeo,Pac-Man,142370,67,15,Grandmaster
KongKiller,Pac-Man,76254,68,33,Casual
PixelPete,Galaga,143142,62,7,Grandmaster
RetroRider,Donkey Kong,21223,79,45,Novice
BlipBlop,Frogger,70114,80,39,Casual
RetroRider,Frogger,116134,93,16,Pro Gamer
SegaSam,Space Invaders,154969,98,42,Grandmaster
ChompQueen,Galaga,127494,79,28,Grandmaster
RetroRider,Frogger,123537,61,24,Grandmaster
RetroRider,Frogger,152436,74,33,Grandmaster
PixelPete,Frogger,80430,94,30,Pro Gamer
BlipBlop,Pac-Man,50982,62,27,Casual
PixelPete,Space Invaders,33119,93,38,Casual
RetroRider,Frogger,82083,100,9,Pro Gamer
NeoGeo,Donkey Kong,136013,98,11,Grandmaster
PixelPete,Galaga,27493,95,7,Novice
PixelPete,Donkey Kong,151883,84,15,Grandmaster
RetroRider,Donkey Kong,105954,62,10,Pro Gamer
NeoGeo,Frogger,18239,63,9,Novice
ChompQueen,Space Invaders,131746,68,6,Grandmaster
BlipBlop,Donkey Kong,46792,85,42,Casual
RetroRider,Frogger,90898,89,28,Pro Gamer
BlipBlop,Donkey Kong,54464,83,16,Casual
RetroRider,Donkey Kong,134638,72,43,Grandmaster
KongKiller,Galaga,86233,64,5,Pro Gamer
PixelPete,Donkey Kong,89429,62,41,Pro Gamer
KongKiller,Pac-Man,122988,83,17,Grandmaster
ChompQueen,Galaga,152959,68,45,Grandmaster
ChompQueen,Frogger,34484,81,23,Casual
SegaSam,Donkey Kong,149953,84,45,Grandmaster
PixelPete,Frogger,109875,86,34,Pro Gamer
KongKiller,Galaga,32856,76,26,Casual
RetroRider,Galaga,10723,65,31,Novice
RetroRider,Galaga,64107,83,2,Casual
BlipBlop,Pac-Man,8005,87,21,Novice
NeoGeo,Galaga,51219,62,21,Casual
PixelPete,Space Invaders,90752,76,31,Pro Gamer
NeoGeo,Galaga,129965,91,36,Grandmaster
SegaSam,Pac-Man,68711,76,5,Casual
SegaSam,Space Invaders,76568,90,15,Casual
BlipBlop,Galaga,115349,76,20,Pro Gamer
RetroRider,Space Invaders,51906,74,21,Casual
PixelPete,Space Invaders,86893,93,15,Pro Gamer
NeoGeo,Donkey Kong,51011,65,17,Casual
NeoGeo,Galaga,108034,92,26,Pro Gamer
ChompQueen,Frogger,61925,64,19,Casual
NeoGeo,Pac-Man,93438,95,34,Pro Gamer
KongKiller,Galaga,67331,84,10,Casual
PixelPete,Galaga,76007,61,8,Casual
PixelPete,Donkey Kong,98390,99,45,Pro Gamer
SegaSam,Pac-Man,27332,66,21,Novice
PixelPete,Pac-Man,50022,84,19,Casual
KongKiller,Frogger,98166,96,24,Pro Gamer
PixelPete,Frogger,79957,77,42,Casual
KongKiller,Pac-Man,26394,96,6,Novice
NeoGeo,Pac-Man,35903,77,15,Casual
KongKiller,Space Invaders,67251,72,46,Casual
PixelPete,Frogger,108949,82,38,Pro Gamer
KongKiller,Galaga,99981,72,40,Pro Gamer
PixelPete,Galaga,151345,88,44,Grandmaster
KongKiller,Frogger,83956,84,28,Pro Gamer
BlipBlop,Galaga,148411,62,30,Grandmaster
SegaSam,Pac-Man,37468,70,37,Casual
ChompQueen,Pac-Man,105873,89,28,Pro Gamer
BlipBlop,Galaga,124434,95,31,Grandmaster
ChompQueen,Frogger,125309,99,6,Grandmaster
NeoGeo,Pac-Man,129512,73,7,Grandmaster
SegaSam,Frogger,50408,70,36,Casual
RetroRider,Space Invaders,139094,63,22,Grandmaster
KongKiller,Galaga,52500,94,14,Casual
NeoGeo,Space Invaders,15525,73,44,Novice
PixelPete,Pac-Man,145664,86,13,Grandmaster
PixelPete,Space Invaders,12974,73,10,Novice
PixelPete,Pac-Man,78236,99,18,Casual
PixelPete,Galaga,64135,91,12,Casual
PixelPete,Space Invaders,142787,80,35,Grandmaster
RetroRider,Pac-Man,56038,80,18,Casual
PixelPete,Frogger,80719,84,15,Pro Gamer
NeoGeo,Frogger,19831,84,39,Novice
RetroRider,Galaga,129695,74,39,Grandmaster
BlipBlop,Space Invaders,93120,91,32,Pro Gamer
BlipBlop,Space Invaders,9038,61,10,Novice
PixelPete,Pac-Man,62476,91,43,Casual
BlipBlop,Donkey Kong,149701,98,29,Grandmaster
ChompQueen,Galaga,153149,69,43,Grandmaster
ChompQueen,Donkey Kong,101944,60,11,Pro Gamer
SegaSam,Space Invaders,144995,61,23,Grandmaster
RetroRider,Space Invaders,24646,70,44,Novice
ChompQueen,Space Invaders,149906,94,20,Grandmaster
RetroRider,Galaga,53905,79,7,Casual
ChompQueen,Pac-Man,10696,63,33,Novice
NeoGeo,Galaga,87445,84,28,Pro Gamer
BlipBlop,Space Invaders,83125,83,29,Pro Gamer
SegaSam,Space Invaders,94701,97,28,Pro Gamer
KongKiller,Space Invaders,126699,77,4,Grandmaster
ChompQueen,Space Invaders,7753,68,38,Novice
ChompQueen,Pac-Man,116605,68,11,Pro Gamer
RetroRider,Galaga,77395,94,42,Casual
ChompQueen,Galaga,74077,73,8,Casual
NeoGeo,Donkey Kong,51128,96,16,Casual
RetroRider,Pac-Man,65942,81,10,Casual
BlipBlop,Galaga,17660,94,19,Novice
SegaSam,Space Invaders,48961,95,39,Casual
ChompQueen,Donkey Kong,96926,98,12,Pro Gamer
PixelPete,Frogger,69548,90,16,Casual
PixelPete,Donkey Kong,119857,95,43,Pro Gamer
SegaSam,Galaga,85885,61,29,Pro Gamer
RetroRider,Frogger,31732,86,25,Casual
BlipBlop,Galaga,88555,85,7,Pro Gamer
NeoGeo,Donkey Kong,124433,68,8,Grandmaster
KongKiller,Pac-Man,104726,73,11,Pro Gamer
ChompQueen,Donkey Kong,6858,95,43,Novice
NeoGeo,Frogger,66326,83,3,Casual
SegaSam,Frogger,23418,90,34,Novice
KongKiller,Frogger,54151,86,37,Casual
PixelPete,Galaga,95054,63,33,Pro Gamer
RetroRider,Donkey Kong,76942,80,20,Casual
RetroRider,Donkey Kong,103579,71,31,Pro Gamer
BlipBlop,Donkey Kong,79659,78,2,Casual
SegaSam,Pac-Man,17187,92,23,Novice
BlipBlop,Donkey Kong,25062,96,32,Novice
PixelPete,Donkey Kong,74889,96,17,Casual
BlipBlop,Space Invaders,132911,73,40,Grandmaster
NeoGeo,Frogger,48764,63,46,Casual
PixelPete,Pac-Man,13879,90,11,Novice
SegaSam,Donkey Kong,101271,64,14,Pro Gamer
PixelPete,Frogger,83571,90,31,Pro Gamer
SegaSam,Frogger,91422,92,30,Pro Gamer
KongKiller,Pac-Man,33430,70,39,Casual
NeoGeo,Frogger,24893,99,35,Novice
BlipBlop,Pac-Man,127510,95,27,Grandmaster
KongKiller,Pac-Man,52562,86,44,Casual
RetroRider,Frogger,133519,85,44,Grandmaster
RetroRider,Space Invaders,154083,60,4,Grandmaster
RetroRider,Galaga,128589,76,21,Grandmaster
SegaSam,Frogger,79234,61,22,Casual
BlipBlop,Galaga,86671,86,2,Pro Gamer
SegaSam,Donkey Kong,74068,62,16,Casual
NeoGeo,Pac-Man,89645,62,4,Pro Gamer
NeoGeo,Galaga,70312,79,40,Casual
PixelPete,Galaga,35010,98,6,Casual
SegaSam,Space Invaders,61052,67,33,Casual
RetroRider,Donkey Kong,152109,99,37,Grandmaster
PixelPete,Pac-Man,146162,62,4,Grandmaster
NeoGeo,Donkey Kong,16889,84,19,Novice
NeoGeo,Pac-Man,15834,61,46,Novice
BlipBlop,Space Invaders,30886,70,28,Casual
BlipBlop,Pac-Man,116609,80,12,Pro Gamer
RetroRider,Space Invaders,46535,95,42,Casual
BlipBlop,Space Invaders,48879,69,17,Casual
NeoGeo,Frogger,52483,86,43,Casual
PixelPete,Galaga,99510,64,36,Pro Gamer
BlipBlop,Frogger,131424,63,17,Grandmaster
NeoGeo,Donkey Kong,32893,63,19,Casual
SegaSam,Frogger,115665,67,36,Pro Gamer
BlipBlop,Frogger,46356,62,20,Casual
RetroRider,Donkey Kong,149961,69,39,Grandmaster
BlipBlop,Donkey Kong,118554,82,40,Pro Gamer
NeoGeo,Space Invaders,21345,67,6,Novice
ChompQueen,Frogger,23970,74,2,Novice
ChompQueen,Galaga,18476,64,8,Novice
BlipBlop,Donkey Kong,45099,66,16,Casual
NeoGeo,Space Invaders,27282,64,22,Novice
SegaSam,Pac-Man,88230,79,43,Pro Gamer
NeoGeo,Pac-Man,107522,73,40,Pro Gamer
SegaSam,Frogger,130714,70,39,Grandmaster
RetroRider,Galaga,58456,84,9,Casual
RetroRider,Pac-Man,130028,70,23,Grandmaster
RetroRider,Space Invaders,138119,66,18,Grandmaster
KongKiller,Space Invaders,132290,74,9,Grandmaster
SegaSam,Donkey Kong,118521,93,6,Pro Gamer
RetroRider,Galaga,61485,84,40,Casual
SegaSam,Space Invaders,97257,93,29,Pro Gamer
SegaSam,Frogger,51054,79,24,Casual
ChompQueen,Pac-Man,142891,92,19,Grandmaster
SegaSam,Donkey Kong,52281,67,46,Casual
KongKiller,Donkey Kong,61274,90,37,Casual
KongKiller,Galaga,85070,78,34,Pro Gamer
NeoGeo,Donkey Kong,119687,79,15,Pro Gamer
PixelPete,Frogger,30446,88,29,Casual
SegaSam,Pac-Man,31050,89,6,Casual
SegaSam,Galaga,49250,95,7,Casual
BlipBlop,Space Invaders,129481,67,44,Grandmaster
BlipBlop,Pac-Man,65487,67,25,Casual
NeoGeo,Pac-Man,15647,97,25,Novice
KongKiller,Space Invaders,69085,90,27,Casual
BlipBlop,Space Invaders,91135,76,30,Pro Gamer
ChompQueen,Space Invaders,149967,67,25,Grandmaster
NeoGeo,Frogger,128622,94,26,Grandmaster
KongKiller,Galaga,47252,70,41,Casual
KongKiller,Donkey Kong,44022,65,8,Casual
KongKiller,Frogger,8948,86,31,Novice
NeoGeo,Pac-Man,32351,83,12,Casual
BlipBlop,Galaga,128414,76,36,Grandmaster
BlipBlop,Pac-Man,83953,75,41,Pro Gamer
RetroRider,Galaga,63445,89,38,Casual
BlipBlop,Space Invaders,94925,67,9,Pro Gamer
SegaSam,Frogger,122354,89,3,Grandmaster
KongKiller,Frogger,43634,61,21,Casual
PixelPete,Space Invaders,29804,60,7,Novice
KongKiller,Frogger,85540,80,12,Pro Gamer
PixelPete,Pac-Man,39084,81,3,Casual
NeoGeo,Frogger,84895,81,10,Pro Gamer
ChompQueen,Pac-Man,145653,74,34,Grandmaster
KongKiller,Space Invaders,110466,60,13,Pro Gamer
BlipBlop,Galaga,98937,61,6,Pro Gamer
SegaSam,Space Invaders,154783,100,18,Grandmaster
RetroRider,Space Invaders,111326,92,5,Pro Gamer
SegaSam,Space Invaders,31671,64,35,Casual
ChompQueen,Frogger,32070,61,27,Casual
KongKiller,Space Invaders,120220,83,10,Grandmaster
PixelPete,Space Invaders,95702,86,34,Pro Gamer
NeoGeo,Donkey Kong,94870,89,29,Pro Gamer
ChompQueen,Pac-Man,47206,77,21,Casual
KongKiller,Space Invaders,147183,81,17,Grandmaster
RetroRider,Donkey Kong,138590,88,46,Grandmaster
NeoGeo,Space Invaders,82547,91,5,Pro Gamer
KongKiller,Pac-Man,50218,87,12,Casual
RetroRider,Galaga,56471,89,41,Casual
RetroRider,Pac-Man,15148,72,31,Novice
KongKiller,Frogger,47891,92,8,Casual
BlipBlop,Galaga,125319,98,42,Grandmaster
KongKiller,Frogger,133427,94,7,Grandmaster
RetroRider,Donkey Kong,108515,85,21,Pro Gamer
PixelPete,Donkey Kong,77871,75,35,Casual
RetroRider,Space Invaders,21348,71,4,Novice
BlipBlop,Frogger,122563,96,33,Grandmaster
BlipBlop,Donkey Kong,80973,69,10,Pro Gamer
NeoGeo,Pac-Man,61505,64,15,Casual
PixelPete,Pac-Man,45178,83,9,Casual
PixelPete,Space Invaders,56044,91,42,Casual
PixelPete,Galaga,77522,86,24,Casual
NeoGeo,Frogger,43990,81,3,Casual
RetroRider,Frogger,102882,73,16,Pro Gamer
ChompQueen,Space Invaders,137729,69,37,Grandmaster
BlipBlop,Space Invaders,144991,79,9,Grandmaster
NeoGeo,Space Invaders,22076,90,11,Novice
NeoGeo,Space Invaders,90107,70,36,Pro Gamer
RetroRider,Frogger,150251,93,9,Grandmaster
ChompQueen,Donkey Kong,133041,77,30,Grandmaster
ChompQueen,Donkey Kong,103922,84,12,Pro Gamer
PixelPete,Space Invaders,153811,69,14,Grandmaster
ChompQueen,Donkey Kong,115299,73,5,Pro Gamer
PixelPete,Galaga,58391,88,24,Casual
ChompQueen,Frogger,104395,71,46,Pro Gamer
KongKiller,Donkey Kong,89225,87,32,Pro Gamer
ChompQueen,Frogger,12020,83,21,Novice
NeoGeo,Galaga,35588,83,27,Casual
SegaSam,Space Invaders,63387,87,30,Casual
BlipBlop,Galaga,131170,80,35,Grandmaster
KongKiller,Frogger,110202,68,17,Pro Gamer
BlipBlop,Frogger,26571,61,23,Novice
SegaSam,Frogger,47353,69,12,Casual
NeoGeo,Galaga,66658,81,38,Casual
PixelPete,Galaga,88966,67,9,Pro Gamer
SegaSam,Frogger,42161,98,33,Casual
PixelPete,Galaga,27900,78,18,Novice
NeoGeo,Frogger,59631,79,13,Casual
NeoGeo,Frogger,11288,75,17,Novice
RetroRider,Donkey Kong,37615,91,17,Casual
RetroRider,Frogger,108639,73,6,Pro Gamer
RetroRider,Frogger,131409,95,38,Grandmaster
BlipBlop,Space Invaders,66468,75,22,Casual
RetroRider,Donkey Kong,89759,95,12,Pro Gamer
SegaSam,Pac-Man,20270,72,18,Novice
RetroRider,Donkey Kong,29525,98,26,Novice
PixelPete,Donkey Kong,35358,68,29,Casual
KongKiller,Donkey Kong,111403,87,2,Pro Gamer
PixelPete,Frogger,10855,65,2,Novice
SegaSam,Space Invaders,131398,60,45,Grandmaster
PixelPete,Space Invaders,119967,93,27,Pro Gamer
ChompQueen,Galaga,16738,93,25,Novice
ChompQueen,Frogger,44458,62,42,Casual
ChompQueen,Galaga,128211,68,27,Grandmaster
ChompQueen,Donkey Kong,84062,77,26,Pro Gamer
RetroRider,Galaga,99795,80,34,Pro Gamer
PixelPete,Space Invaders,87465,61,26,Pro Gamer
BlipBlop,Frogger,149405,83,11,Grandmaster
NeoGeo,Frogger,118744,65,17,Pro Gamer
SegaSam,Space Invaders,30079,99,37,Casual
SegaSam,Frogger,6025,89,43,Novice
KongKiller,Pac-Man,22999,84,10,Novice
PixelPete,Galaga,109545,62,40,Pro Gamer
KongKiller,Space Invaders,148732,86,45,Grandmaster
RetroRider,Space Invaders,146305,69,29,Grandmaster
PixelPete,Galaga,20741,70,15,Novice
KongKiller,Galaga,108433,70,16,Pro Gamer
NeoGeo,Galaga,85261,92,44,Pro Gamer
ChompQueen,Pac-Man,143287,81,16,Grandmaster
ChompQueen,Pac-Man,135741,87,37,Grandmaster
BlipBlop,Space Invaders,11953,69,16,Novice
PixelPete,Frogger,75340,92,30,Casual
SegaSam,Donkey Kong,136422,88,31,Grandmaster
NeoGeo,Pac-Man,39369,99,9,Casual
SegaSam,Space Invaders,49371,65,33,Casual
RetroRider,Frogger,82401,74,28,Pro Gamer
SegaSam,Donkey Kong,140410,64,24,Grandmaster
PixelPete,Galaga,41172,86,15,Casual
NeoGeo,Galaga,137318,63,5,Grandmaster
ChompQueen,Frogger,27145,94,3,Novice
ChompQueen,Pac-Man,124979,80,30,Grandmaster
KongKiller,Frogger,148025,81,34,Grandmaster
BlipBlop,Galaga,13529,75,7,Novice
KongKiller,Space Invaders,86257,72,42,Pro Gamer
SegaSam,Galaga,30047,73,38,Casual
RetroRider,Frogger,69016,69,21,Casual
BlipBlop,Donkey Kong,121580,71,44,Grandmaster
SegaSam,Galaga,23048,77,12,Novice
KongKiller,Galaga,48289,94,26,Casual
RetroRider,Donkey Kong,112385,69,30,Pro Gamer
ChompQueen,Donkey Kong,90699,91,44,Pro Gamer
SegaSam,Galaga,40721,80,28,Casual
SegaSam,Galaga,120557,82,15,Grandmaster
BlipBlop,Frogger,32840,82,39,Casual
SegaSam,Donkey Kong,98627,84,37,Pro Gamer
PixelPete,Galaga,112975,67,38,Pro Gamer
PixelPete,Space Invaders,82697,98,8,Pro Gamer
PixelPete,Pac-Man,87728,87,29,Pro Gamer
KongKiller,Galaga,68643,94,24,Casual
ChompQueen,Galaga,6792,92,37,Novice
KongKiller,Frogger,42526,99,24,Casual
RetroRider,Galaga,40192,88,4,Casual
RetroRider,Pac-Man,17804,88,26,Novice
RetroRider,Galaga,101443,71,36,Pro Gamer
NeoGeo,Frogger,142166,65,12,Grandmaster
RetroRider,Pac-Man,153617,97,32,Grandmaster
BlipBlop,Space Invaders,92274,76,5,Pro Gamer
BlipBlop,Donkey Kong,145274,81,46,Grandmaster
KongKiller,Space Invaders,27004,77,11,Novice
KongKiller,Donkey Kong,135311,88,42,Grandmaster
RetroRider,Galaga,34378,87,45,Casual
KongKiller,Pac-Man,94601,100,42,Pro Gamer
PixelPete,Frogger,41968,77,11,Casual
RetroRider,Donkey Kong,32276,92,3,Casual
PixelPete,Frogger,40154,75,23,Casual
RetroRider,Galaga,12190,77,37,Novice
BlipBlop,Frogger,51969,93,32,Casual
NeoGeo,Frogger,49697,77,43,Casual
RetroRider,Frogger,145741,88,25,Grandmaster
BlipBlop,Galaga,58760,65,42,Casual
NeoGeo,Pac-Man,137873,98,34,Grandmaster
SegaSam,Pac-Man,137877,95,41,Grandmaster
NeoGeo,Pac-Man,73709,96,46,Casual
KongKiller,Pac-Man,104825,87,20,Pro Gamer
ChompQueen,Donkey Kong,43045,68,18,Casual
KongKiller,Frogger,88245,86,39,Pro Gamer
ChompQueen,Space Invaders,73975,79,19,Casual
ChompQueen,Frogger,40836,91,11,Casual
NeoGeo,Pac-Man,9475,63,6,Novice
ChompQueen,Galaga,36259,75,28,Casual
KongKiller,Pac-Man,113468,82,27,Pro Gamer
KongKiller,Frogger,78896,77,20,Casual
NeoGeo,Frogger,92339,98,6,Pro Gamer
NeoGeo,Pac-Man,120887,89,36,Grandmaster
SegaSam,Space Invaders,26667,83,18,Novice
SegaSam,Galaga,131508,95,31,Grandmaster
RetroRider,Space Invaders,43583,77,45,Casual
ChompQueen,Pac-Man,136826,72,39,Grandmaster
ChompQueen,Space Invaders,24152,78,26,Novice
SegaSam,Space Invaders,49305,85,14,Casual
KongKiller,Pac-Man,101219,82,2,Pro Gamer
ChompQueen,Galaga,45494,80,18,Casual
KongKiller,Space Invaders,49480,84,14,Casual
RetroRider,Donkey Kong,46028,63,10,Casual
RetroRider,Donkey Kong,32238,87,42,Casual
SegaSam,Pac-Man,81351,66,30,Pro Gamer
KongKiller,Galaga,75811,75,24,Casual
ChompQueen,Pac-Man,140553,96,14,Grandmaster
NeoGeo,Frogger,76640,69,16,Casual
ChompQueen,Frogger,17454,91,43,Novice
RetroRider,Frogger,138561,73,39,Grandmaster
ChompQueen,Donkey Kong,110722,68,45,Pro Gamer
NeoGeo,Frogger,141595,66,40,Grandmaster
NeoGeo,Space Invaders,68122,75,3,Casual
SegaSam,Donkey Kong,51822,63,14,Casual
PixelPete,Donkey Kong,39223,83,4,Casual
RetroRider,Frogger,6642,62,35,Novice
NeoGeo,Space Invaders,19854,82,44,Novice
ChompQueen,Pac-Man,119975,66,3,Pro Gamer
RetroRider,Pac-Man,23836,75,46,Novice
NeoGeo,Galaga,60878,82,39,Casual
SegaSam,Galaga,77694,74,6,Casual
PixelPete,Pac-Man,10892,84,21,Novice
SegaSam,Pac-Man,53590,76,23,Casual
SegaSam,Galaga,21044,85,20,Novice
ChompQueen,Donkey Kong,148930,62,4,Grandmaster
ChompQueen,Frogger,138780,95,27,Grandmaster
ChompQueen,Galaga,18687,79,13,Novice
ChompQueen,Galaga,151809,67,6,Grandmaster
KongKiller,Pac-Man,153506,67,7,Grandmaster
ChompQueen,Donkey Kong,33933,73,30,Casual
SegaSam,Frogger,77438,65,33,Casual
RetroRider,Pac-Man,38431,63,3,Casual
PixelPete,Donkey Kong,7577,63,29,Novice
NeoGeo,Space Invaders,10546,85,36,Novice
ChompQueen,Pac-Man,106912,77,15,Pro Gamer
RetroRider,Frogger,126269,82,35,Grandmaster
SegaSam,Galaga,22467,61,37,Novice
KongKiller,Donkey Kong,138434,90,28,Grandmaster
RetroRider,Donkey Kong,139539,88,13,Grandmaster
RetroRider,Donkey Kong,143500,77,20,Grandmaster
ChompQueen,Galaga,42591,72,12,Casual
ChompQueen,Frogger,30424,95,3,Casual
KongKiller,Space Invaders,153350,76,33,Grandmaster
SegaSam,Donkey Kong,75101,86,32,Casual
KongKiller,Galaga,151534,94,15,Grandmaster
NeoGeo,Frogger,115727,85,42,Pro Gamer
PixelPete,Pac-Man,56635,98,46,Casual
PixelPete,Space Invaders,63493,68,13,Casual
BlipBlop,Space Invaders,144851,80,6,Grandmaster
NeoGeo,Galaga,100770,87,46,Pro Gamer
KongKiller,Pac-Man,73237,79,20,Casual
PixelPete,Pac-Man,86826,79,37,Pro Gamer
SegaSam,Pac-Man,74785,73,44,Casual
SegaSam,Frogger,149219,87,44,Grandmaster
KongKiller,Space Invaders,98747,81,3,Pro Gamer
NeoGeo,Pac-Man,134611,96,9,Grandmaster
ChompQueen,Pac-Man,37105,94,31,Casual
NeoGeo,Galaga,39073,99,37,Casual
SegaSam,Donkey Kong,89428,90,29,Pro Gamer
PixelPete,Frogger,119116,63,7,Pro Gamer
BlipBlop,Pac-Man,115594,75,14,Pro Gamer
PixelPete,Galaga,58017,61,25,Casual
RetroRider,Donkey Kong,93753,72,15,Pro Gamer
SegaSam,Pac-Man,91936,96,46,Pro Gamer
ChompQueen,Space Invaders,29576,87,45,Novice
KongKiller,Space Invaders,8646,92,23,Novice
SegaSam,Frogger,15783,61,16,Novice
BlipBlop,Space Invaders,38222,80,12,Casual
ChompQueen,Pac-Man,106982,63,42,Pro Gamer
BlipBlop,Space Invaders,102297,68,28,Pro Gamer
RetroRider,Space Invaders,35419,78,33,Casual
SegaSam,Galaga,117461,90,14,Pro Gamer
PixelPete,Galaga,124340,83,43,Grandmaster
KongKiller,Space Invaders,115923,95,7,Pro Gamer
BlipBlop,Space Invaders,18276,94,29,Novice
NeoGeo,Donkey Kong,114649,92,12,Pro Gamer
PixelPete,Galaga,108339,79,7,Pro Gamer
ChompQueen,Space Invaders,36670,76,18,Casual
RetroRider,Pac-Man,18357,71,29,Novice
SegaSam,Space Invaders,80381,95,8,Pro Gamer
KongKiller,Donkey Kong,39572,80,12,Casual
BlipBlop,Galaga,154841,84,31,Grandmaster
PixelPete,Galaga,122481,73,4,Grandmaster
BlipBlop,Donkey Kong,129287,70,21,Grandmaster
RetroRider,Donkey Kong,5853,77,24,Novice
KongKiller,Frogger,18657,61,25,Novice
RetroRider,Frogger,151214,89,24,Grandmaster
ChompQueen,Donkey Kong,52671,67,18,Casual
NeoGeo,Galaga,97508,70,15,Pro Gamer
PixelPete,Frogger,83993,91,2,Pro Gamer
BlipBlop,Space Invaders,78099,67,4,Casual
BlipBlop,Frogger,137408,76,15,Grandmaster
KongKiller,Space Invaders,79763,100,45,Casual
NeoGeo,Pac-Man,5060,62,42,Novice
RetroRider,Donkey Kong,29722,98,10,Novice
BlipBlop,Space Invaders,74998,74,41,Casual
RetroRider,Donkey Kong,117027,87,3,Pro Gamer
SegaSam,Space Invaders,11686,69,36,Novice
RetroRider,Pac-Man,95744,79,17,Pro Gamer
KongKiller,Pac-Man,140336,92,37,Grandmaster
SegaSam,Space Invaders,12866,80,26,Novice
BlipBlop,Space Invaders,33287,86,10,Casual
ChompQueen,Galaga,52064,67,15,Casual
BlipBlop,Donkey Kong,143084,79,46,Grandmaster
ChompQueen,Frogger,14766,77,35,Novice
KongKiller,Donkey Kong,45328,83,7,Casual
SegaSam,Galaga,18204,85,12,Novice
PixelPete,Galaga,132942,70,17,Grandmaster
KongKiller,Space Invaders,46039,87,26,Casual
RetroRider,Frogger,26701,97,43,Novice
PixelPete,Donkey Kong,75157,71,38,Casual
SegaSam,Donkey Kong,87049,72,40,Pro Gamer
PixelPete,Frogger,15729,94,39,Novice
KongKiller,Pac-Man,59546,72,29,Casual
KongKiller,Donkey Kong,119711,72,26,Pro Gamer
PixelPete,Galaga,83077,65,35,Pro Gamer
PixelPete,Galaga,51761,72,31,Casual
RetroRider,Space Invaders,132055,96,27,Grandmaster
PixelPete,Frogger,40847,71,29,Casual
KongKiller,Donkey Kong,101928,78,28,Pro Gamer
SegaSam,Space Invaders,50908,90,32,Casual
PixelPete,Donkey Kong,144788,76,21,Grandmaster
KongKiller,Space Invaders,6428,65,35,Novice
BlipBlop,Frogger,95054,92,28,Pro Gamer
NeoGeo,Space Invaders,134828,67,23,Grandmaster
RetroRider,Pac-Man,36262,62,42,Casual
KongKiller,Pac-Man,62450,87,12,Casual
KongKiller,Frogger,42738,81,35,Casual
RetroRider,Frogger,66427,92,16,Casual
KongKiller,Donkey Kong,98993,96,5,Pro Gamer
SegaSam,Donkey Kong,114219,92,27,Pro Gamer
ChompQueen,Pac-Man,95666,89,3,Pro Gamer
SegaSam,Donkey Kong,78757,84,26,Casual
PixelPete,Galaga,126860,65,46,Grandmaster
NeoGeo,Space Invaders,105028,63,44,Pro Gamer
ChompQueen,Frogger,72496,77,6,Casual
SegaSam,Space Invaders,15467,97,35,Novice
BlipBlop,Pac-Man,150497,64,17,Grandmaster
RetroRider,Space Invaders,106143,82,6,Pro Gamer
PixelPete,Space Invaders,54940,74,3,Casual
RetroRider,Pac-Man,132284,82,41,Grandmaster
SegaSam,Frogger,54411,88,32,Casual
NeoGeo,Donkey Kong,129084,86,45,Grandmaster
BlipBlop,Frogger,129083,87,35,Grandmaster
KongKiller,Galaga,67547,62,32,Casual
RetroRider,Frogger,84822,74,24,Pro Gamer
KongKiller,Frogger,72031,76,21,Casual
PixelPete,Space Invaders,144868,90,42,Grandmaster
ChompQueen,Galaga,150028,64,38,Grandmaster
ChompQueen,Galaga,66547,66,36,Casual
SegaSam,Space Invaders,105582,74,42,Pro Gamer
NeoGeo,Frogger,143054,89,9,Grandmaster
ChompQueen,Pac-Man,58903,94,24,Casual
KongKiller,Donkey Kong,101570,95,26,Pro Gamer
KongKiller,Galaga,126304,75,34,Grandmaster
NeoGeo,Donkey Kong,116260,69,34,Pro Gamer
BlipBlop,Frogger,59124,62,29,Casual
SegaSam,Pac-Man,15623,90,6,Novice
SegaSam,Galaga,43695,60,31,Casual
PixelPete,Pac-Man,132354,64,39,Grandmaster
NeoGeo,Frogger,98766,80,24,Pro Gamer
NeoGeo,Galaga,99527,90,41,Pro Gamer
PixelPete,Pac-Man,130904,91,18,Grandmaster
ChompQueen,Frogger,56070,96,16,Casual
BlipBlop,Frogger,14609,82,15,Novice
NeoGeo,Space Invaders,52440,61,22,Casual
BlipBlop,Galaga,115590,89,45,Pro Gamer
KongKiller,Donkey Kong,145984,64,13,Grandmaster
KongKiller,Space Invaders,61549,85,44,Casual
PixelPete,Donkey Kong,59925,97,21,Casual
KongKiller,Frogger,59323,72,22,Casual
BlipBlop,Donkey Kong,136467,89,40,Grandmaster
ChompQueen,Galaga,153105,75,29,Grandmaster
SegaSam,Donkey Kong,130648,90,9,Grandmaster
SegaSam,Frogger,115240,60,19,Pro Gamer
PixelPete,Frogger,40754,82,3,Casual
PixelPete,Donkey Kong,39808,86,44,Casual
KongKiller,Pac-Man,116846,74,37,Pro Gamer
PixelPete,Galaga,12561,73,17,Novice
RetroRider,Galaga,83109,69,4,Pro Gamer
PixelPete,Frogger,39984,63,35,Casual
PixelPete,Pac-Man,74231,67,14,Casual
PixelPete,Galaga,39051,91,43,Casual
ChompQueen,Frogger,137682,80,29,Grandmaster
RetroRider,Donkey Kong,126999,90,42,Grandmaster
KongKiller,Space Invaders,127476,70,10,Grandmaster
KongKiller,Frogger,23741,90,14,Novice
NeoGeo,Donkey Kong,74196,70,24,Casual
ChompQueen,Pac-Man,129613,62,46,Grandmaster
ChompQueen,Pac-Man,31112,68,39,Casual
RetroRider,Frogger,100755,66,21,Pro Gamer
ChompQueen,Space Invaders,20488,62,25,Novice
RetroRider,Pac-Man,63038,85,5,Casual
KongKiller,Donkey Kong,18296,99,24,Novice
PixelPete,Pac-Man,132039,76,46,Grandmaster
NeoGeo,Donkey Kong,121355,86,5,Grandmaster
ChompQueen,Pac-Man,96757,82,43,Pro Gamer
BlipBlop,Pac-Man,133195,89,8,Grandmaster
KongKiller,Pac-Man,80311,78,18,Pro Gamer
NeoGeo,Frogger,60798,91,2,Casual
RetroRider,Frogger,141906,100,15,Grandmaster
SegaSam,Pac-Man,83772,79,26,Pro Gamer
RetroRider,Space Invaders,113906,82,14,Pro Gamer
ChompQueen,Donkey Kong,78195,69,15,Casual
NeoGeo,Space Invaders,61254,84,32,Casual
SegaSam,Pac-Man,64196,80,6,Casual
KongKiller,Space Invaders,21771,62,9,Novice
ChompQueen,Pac-Man,40671,70,44,Casual
NeoGeo,Donkey Kong,33170,90,21,Casual
NeoGeo,Frogger,19905,95,22,Novice
PixelPete,Frogger,103813,73,18,Pro Gamer
KongKiller,Frogger,46150,69,18,Casual
ChompQueen,Frogger,75996,67,10,Casual
KongKiller,Pac-Man,16578,60,46,Novice
SegaSam,Space Invaders,95590,64,25,Pro Gamer
ChompQueen,Donkey Kong,69954,88,43,Casual
BlipBlop,Space Invaders,59403,84,43,Casual
KongKiller,Frogger,41848,94,45,Casual
ChompQueen,Donkey Kong,37157,63,40,Casual
BlipBlop,Space Invaders,143261,78,20,Grandmaster
RetroRider,Frogger,56614,78,33,Casual
PixelPete,Space Invaders,36743,68,42,Casual
SegaSam,Galaga,110141,90,33,Pro Gamer
BlipBlop,Pac-Man,54323,100,29,Casual
ChompQueen,Frogger,10650,71,16,Novice
NeoGeo,Galaga,149092,93,23,Grandmaster
BlipBlop,Pac-Man,37480,88,9,Casual
PixelPete,Space Invaders,61793,65,10,Casual
ChompQueen,Donkey Kong,32961,63,17,Casual
SegaSam,Space Invaders,14022,71,35,Novice
ChompQueen,Galaga,43253,61,42,Casual
ChompQueen,Space Invaders,42617,61,18,Casual
NeoGeo,Space Invaders,125964,67,10,Grandmaster
PixelPete,Galaga,87094,65,46,Pro Gamer
ChompQueen,Galaga,22483,91,14,Novice
KongKiller,Pac-Man,44189,98,28,Casual
PixelPete,Donkey Kong,58027,98,14,Casual
KongKiller,Galaga,141199,93,18,Grandmaster
KongKiller,Space Invaders,14404,66,30,Novice
NeoGeo,Pac-Man,12800,86,16,Novice
SegaSam,Pac-Man,31328,73,10,Casual
NeoGeo,Donkey Kong,50942,88,27,Casual
RetroRider,Galaga,95627,94,2,Pro Gamer
KongKiller,Space Invaders,73049,79,37,Casual
BlipBlop,Space Invaders,146208,62,26,Grandmaster
RetroRider,Galaga,148692,89,6,Grandmaster
SegaSam,Space Invaders,66159,91,26,Casual
SegaSam,Pac-Man,18864,89,31,Novice
SegaSam,Pac-Man,54867,93,11,Casual
PixelPete,Space Invaders,37168,93,3,Casual
BlipBlop,Frogger,152215,72,38,Grandmaster
SegaSam,Galaga,100255,72,9,Pro Gamer
ChompQueen,Frogger,152032,61,26,Grandmaster
ChompQueen,Frogger,132870,61,42,Grandmaster
BlipBlop,Donkey Kong,37453,100,8,Casual
RetroRider,Space Invaders,101714,76,30,Pro Gamer
BlipBlop,Frogger,6162,63,45,Novice
KongKiller,Donkey Kong,42731,69,41,Casual
PixelPete,Galaga,25851,83,30,Novice
PixelPete,Pac-Man,68153,61,40,Casual
SegaSam,Donkey Kong,118486,79,22,Pro Gamer
NeoGeo,Frogger,67735,79,14,Casual
SegaSam,Frogger,123713,82,37,Grandmaster
RetroRider,Frogger,140769,75,5,Grandmaster
ChompQueen,Pac-Man,124842,99,23,Grandmaster
KongKiller,Pac-Man,16691,71,35,Novice
RetroRider,Pac-Man,47902,92,15,Casual
PixelPete,Donkey Kong,152303,88,45,Grandmaster
BlipBlop,Frogger,67072,91,42,Casual
PixelPete,Donkey Kong,71721,74,24,Casual
RetroRider,Donkey Kong,97315,95,15,Pro Gamer
SegaSam,Space Invaders,126646,72,27,Grandmaster
SegaSam,Galaga,13562,68,8,Novice
SegaSam,Pac-Man,14199,71,27,Novice
SegaSam,Frogger,136724,97,22,Grandmaster
BlipBlop,Pac-Man,26221,75,45,Novice
PixelPete,Space Invaders,112189,70,6,Pro Gamer
SegaSam,Pac-Man,63789,63,40,Casual
KongKiller,Galaga,89639,91,27,Pro Gamer
ChompQueen,Galaga,6218,90,24,Novice
NeoGeo,Galaga,137903,85,9,Grandmaster
PixelPete,Space Invaders,88523,100,40,Pro Gamer
KongKiller,Space Invaders,62867,98,17,Casual
RetroRider,Donkey Kong,85770,65,20,Pro Gamer
PixelPete,Donkey Kong,135785,64,32,Grandmaster
ChompQueen,Frogger,131844,74,15,Grandmaster
BlipBlop,Galaga,87475,96,18,Pro Gamer
KongKiller,Donkey Kong,5879,77,21,Novice
PixelPete,Donkey Kong,94470,81,16,Pro Gamer
PixelPete,Galaga,11614,64,32,Novice
PixelPete,Pac-Man,32497,68,37,Casual
BlipBlop,Space Invaders,117921,68,19,Pro Gamer
KongKiller,Frogger,125666,93,39,Grandmaster
PixelPete,Pac-Man,122176,60,22,Grandmaster
SegaSam,Donkey Kong,97564,82,25,Pro Gamer
BlipBlop,Pac-Man,40583,75,8,Casual
ChompQueen,Pac-Man,108972,61,15,Pro Gamer
RetroRider,Space Invaders,47923,95,24,Casual
ChompQueen,Galaga,111651,62,3,Pro Gamer
RetroRider,Donkey Kong,34555,83,33,Casual
ChompQueen,Space Invaders,91686,90,13,Pro Gamer
ChompQueen,Space Invaders,126403,65,21,Grandmaster
RetroRider,Galaga,28552,65,22,Novice
PixelPete,Donkey Kong,10098,87,34,Novice
ChompQueen,Frogger,7376,99,33,Novice
RetroRider,Galaga,132987,79,25,Grandmaster
RetroRider,Frogger,58110,66,9,Casual
SegaSam,Frogger,95954,61,7,Pro Gamer
ChompQueen,Frogger,119489,84,15,Pro Gamer
BlipBlop,Donkey Kong,101981,77,26,Pro Gamer
BlipBlop,Donkey Kong,120572,72,41,Grandmaster
PixelPete,Space Invaders,128098,79,32,Grandmaster
SegaSam,Galaga,109967,98,12,Pro Gamer
PixelPete,Galaga,139656,92,23,Grandmaster
NeoGeo,Space Invaders,23433,95,43,Novice
PixelPete,Donkey Kong,48126,72,5,Casual
KongKiller,Frogger,48690,93,30,Casual
ChompQueen,Galaga,47425,78,14,Casual
RetroRider,Donkey Kong,35871,99,25,Casual
NeoGeo,Frogger,144642,88,35,Grandmaster
BlipBlop,Galaga,153366,86,3,Grandmaster
KongKiller,Frogger,139788,82,29,Grandmaster
NeoGeo,Space Invaders,18345,75,4,Novice
ChompQueen,Pac-Man,97978,62,33,Pro Gamer
PixelPete,Frogger,34518,98,27,Casual
RetroRider,Donkey Kong,22688,65,5,Novice
SegaSam,Frogger,14916,77,29,Novice
NeoGeo,Galaga,99481,90,17,Pro Gamer
PixelPete,Donkey Kong,80275,74,11,Pro Gamer
SegaSam,Frogger,88918,100,39,Pro Gamer
NeoGeo,Frogger,114098,90,31,Pro Gamer
BlipBlop,Frogger,85696,95,19,Pro Gamer
PixelPete,Galaga,96795,86,16,Pro Gamer
KongKiller,Galaga,9435,72,31,Novice
RetroRider,Frogger,58259,69,15,Casual
KongKiller,Donkey Kong,144131,84,27,Grandmaster
NeoGeo,Donkey Kong,26515,73,29,Novice
SegaSam,Space Invaders,113451,84,10,Pro Gamer
KongKiller,Pac-Man,10107,92,33,Novice
KongKiller,Donkey Kong,22056,74,7,Novice
PixelPete,Pac-Man,60878,98,9,Casual
SegaSam,Donkey Kong,68340,91,6,Casual
NeoGeo,Space Invaders,98640,95,32,Pro Gamer
KongKiller,Space Invaders,9111,90,37,Novice
ChompQueen,Donkey Kong,124387,82,22,Grandmaster
KongKiller,Galaga,105209,89,30,Pro Gamer
SegaSam,Galaga,68761,64,44,Casual
KongKiller,Frogger,111052,89,40,Pro Gamer
BlipBlop,Pac-Man,133420,89,17,Grandmaster
NeoGeo,Galaga,19565,88,41,Novice
BlipBlop,Galaga,136513,60,41,Grandmaster
PixelPete,Pac-Man,126945,82,13,Grandmaster
ChompQueen,Frogger,101602,97,10,Pro Gamer
PixelPete,Space Invaders,95684,85,13,Pro Gamer
BlipBlop,Space Invaders,75090,77,29,Casual
BlipBlop,Pac-Man,63589,73,27,Casual
NeoGeo,Space Invaders,14131,89,43,Novice
PixelPete,Galaga,117399,71,42,Pro Gamer
ChompQueen,Pac-Man,7883,62,18,Novice
BlipBlop,Donkey Kong,53049,94,46,Casual
KongKiller,Frogger,95117,100,43,Pro Gamer
ChompQueen,Space Invaders,150973,94,36,Grandmaster
NeoGeo,Galaga,140107,78,7,Grandmaster
BlipBlop,Frogger,47166,66,16,Casual
BlipBlop,Galaga,108081,82,19,Pro Gamer
BlipBlop,Frogger,120691,73,33,Grandmaster
SegaSam,Galaga,66740,78,13,Casual
BlipBlop,Pac-Man,62072,68,32,Casual
NeoGeo,Space Invaders,64481,83,37,Casual
KongKiller,Space Invaders,40869,85,19,Casual
ChompQueen,Donkey Kong,52986,67,10,Casual
SegaSam,Galaga,124783,80,36,Grandmaster
NeoGeo,Donkey Kong,12370,67,33,Novice
ChompQueen,Pac-Man,69043,72,29,Casual
PixelPete,Galaga,75522,80,16,Casual
ChompQueen,Donkey Kong,60265,94,21,Casual
NeoGeo,Galaga,62076,72,30,Casual
NeoGeo,Donkey Kong,46701,88,17,Casual
BlipBlop,Space Invaders,74484,98,31,Casual
RetroRider,Donkey Kong,128626,90,30,Grandmaster
BlipBlop,Frogger,20966,73,13,Novice
RetroRider,Space Invaders,127400,69,39,Grandmaster
RetroRider,Galaga,79593,66,20,Casual
RetroRider,Donkey Kong,77573,73,33,Casual
ChompQueen,Pac-Man,44219,80,25,Casual
RetroRider,Pac-Man,50360,60,4,Casual
SegaSam,Pac-Man,118590,61,4,Pro Gamer
KongKiller,Donkey Kong,102897,73,36,Pro Gamer
NeoGeo,Space Invaders,61448,88,44,Casual
RetroRider,Pac-Man,130709,67,45,Grandmaster
SegaSam,Space Invaders,67360,91,25,Casual
ChompQueen,Frogger,107413,76,23,Pro Gamer
RetroRider,Galaga,80203,63,35,Pro Gamer
BlipBlop,Donkey Kong,27287,93,3,Novice
BlipBlop,Galaga,71103,100,37,Casual
NeoGeo,Pac-Man,133029,86,8,Grandmaster
BlipBlop,Space Invaders,101190,72,36,Pro Gamer
RetroRider,Frogger,118634,71,14,Pro Gamer
PixelPete,Galaga,128156,87,45,Grandmaster
KongKiller,Frogger,51539,93,19,Casual
RetroRider,Pac-Man,74379,80,30,Casual
PixelPete,Frogger,85242,82,25,Pro Gamer
KongKiller,Space Invaders,103115,66,4,Pro Gamer
NeoGeo,Donkey Kong,51959,86,39,Casual
SegaSam,Donkey Kong,6527,68,4,Novice
ChompQueen,Frogger,35720,95,5,Casual
PixelPete,Pac-Man,42546,72,31,Casual
RetroRider,Pac-Man,141401,90,33,Grandmaster
BlipBlop,Donkey Kong,148280,94,26,Grandmaster
RetroRider,Pac-Man,101189,61,7,Pro Gamer
ChompQueen,Space Invaders,69000,87,25,Casual
PixelPete,Frogger,42898,98,28,Casual
SegaSam,Space Invaders,38015,72,37,Casual
ChompQueen,Donkey Kong,55859,95,19,Casual
SegaSam,Donkey Kong,122536,73,10,Grandmaster
BlipBlop,Donkey Kong,90895,66,17,Pro Gamer
BlipBlop,Space Invaders,104191,80,12,Pro Gamer
KongKiller,Frogger,64759,72,16,Casual
BlipBlop,Space Invaders,35868,81,46,Casual
SegaSam,Donkey Kong,121390,62,28,Grandmaster
BlipBlop,Pac-Man,59077,97,27,Casual
BlipBlop,Frogger,71210,65,12,Casual
BlipBlop,Space Invaders,39779,77,27,Casual
PixelPete,Galaga,105375,79,2,Pro Gamer
BlipBlop,Frogger,113710,99,8,Pro Gamer
KongKiller,Donkey Kong,140723,65,12,Grandmaster
RetroRider,Galaga,66156,74,25,Casual
ChompQueen,Galaga,53861,97,42,Casual
PixelPete,Galaga,27276,96,28,Novice
KongKiller,Pac-Man,7919,73,30,Novice
NeoGeo,Donkey Kong,25001,76,9,Novice
KongKiller,Pac-Man,128227,71,24,Grandmaster
SegaSam,Space Invaders,154258,72,40,Grandmaster
KongKiller,Donkey Kong,23067,72,4,Novice
NeoGeo,Space Invaders,15422,69,12,Novice
NeoGeo,Galaga,50785,94,12,Casual
BlipBlop,Pac-Man,57476,86,9,Casual
RetroRider,Frogger,87077,61,30,Pro Gamer
KongKiller,Galaga,15728,70,26,Novice
BlipBlop,Donkey Kong,27237,86,14,Novice
BlipBlop,Frogger,119177,78,6,Pro Gamer
PixelPete,Pac-Man,113535,73,16,Pro Gamer
RetroRider,Donkey Kong,67319,96,42,Casual
RetroRider,Pac-Man,46058,82,9,Casual
BlipBlop,Space Invaders,34297,84,15,Casual
PixelPete,Frogger,35068,77,3,Casual
SegaSam,Space Invaders,40876,85,23,Casual
ChompQueen,Pac-Man,40109,90,3,Casual
BlipBlop,Donkey Kong,9584,90,30,Novice
KongKiller,Space Invaders,34369,70,19,Casual
NeoGeo,Pac-Man,121276,79,39,Grandmaster
RetroRider,Frogger,62684,96,15,Casual
RetroRider,Galaga,53065,96,11,Casual
NeoGeo,Donkey Kong,130646,77,30,Grandmaster
ChompQueen,Donkey Kong,97604,94,14,Pro Gamer
NeoGeo,Space Invaders,8726,89,11,Novice
KongKiller,Pac-Man,46517,92,36,Casual
RetroRider,Galaga,26947,66,4,Novice
NeoGeo,Pac-Man,97636,64,43,Pro Gamer
KongKiller,Pac-Man,100862,88,8,Pro Gamer
KongKiller,Donkey Kong,9442,87,2,Novice
ChompQueen,Galaga,128724,89,20,Grandmaster
ChompQueen,Donkey Kong,35389,97,5,Casual
PixelPete,Space Invaders,14265,80,31,Novice
ChompQueen,Galaga,136069,97,46,Grandmaster
NeoGeo,Frogger,66503,87,19,Casual
PixelPete,Frogger,70419,76,16,Casual
NeoGeo,Galaga,140427,68,34,Grandmaster
NeoGeo,Pac-Man,10625,74,26,Novice
BlipBlop,Space Invaders,63305,61,19,Casual
SegaSam,Pac-Man,104300,67,24,Pro Gamer
PixelPete,Galaga,127982,98,10,Grandmaster
NeoGeo,Space Invaders,65038,61,19,Casual
PixelPete,Pac-Man,59724,96,33,Casual
ChompQueen,Space Invaders,26752,89,16,Novice
ChompQueen,Pac-Man,82716,91,23,Pro Gamer
BlipBlop,Frogger,65427,64,18,Casual
BlipBlop,Frogger,130549,61,19,Grandmaster
ChompQueen,Pac-Man,116407,76,8,Pro Gamer
ChompQueen,Space Invaders,91057,88,43,Pro Gamer
NeoGeo,Galaga,152557,89,5,Grandmaster
PixelPete,Space Invaders,67367,76,6,Casual
ChompQueen,Galaga,30735,72,17,Casual
NeoGeo,Pac-Man,20347,73,10,Novice
RetroRider,Pac-Man,104423,64,17,Pro Gamer
BlipBlop,Pac-Man,18249,67,16,Novice
NeoGeo,Pac-Man,111556,76,38,Pro Gamer
KongKiller,Frogger,40794,90,29,Casual
SegaSam,Space Invaders,29888,67,12,Novice
RetroRider,Space Invaders,77782,89,42,Casual
NeoGeo,Donkey Kong,9654,95,14,Novice
ChompQueen,Pac-Man,130753,98,26,Grandmaster
SegaSam,Space Invaders,61048,68,34,Casual
KongKiller,Galaga,67929,87,8,Casual
NeoGeo,Space Invaders,122999,93,22,Grandmaster
PixelPete,Space Invaders,69235,71,10,Casual
NeoGeo,Pac-Man,144596,85,6,Grandmaster
KongKiller,Frogger,28861,78,41,Novice
SegaSam,Galaga,114843,90,2,Pro Gamer
KongKiller,Frogger,23767,76,7,Novice
KongKiller,Space Invaders,143158,77,18,Grandmaster
PixelPete,Frogger,76692,73,30,Casual
KongKiller,Pac-Man,138519,99,35,Grandmaster
PixelPete,Space Invaders,130853,71,21,Grandmaster
PixelPete,Pac-Man,54055,82,3,Casual
ChompQueen,Donkey Kong,119069,70,42,Pro Gamer
SegaSam,Galaga,71634,93,3,Casual
NeoGeo,Space Invaders,68359,89,18,Casual
RetroRider,Space Invaders,12077,69,9,Novice
RetroRider,Frogger,7148,96,34,Novice
BlipBlop,Donkey Kong,80824,66,29,Pro Gamer
PixelPete,Galaga,152346,87,42,Grandmaster
SegaSam,Donkey Kong,15510,86,39,Novice
RetroRider,Galaga,70151,60,39,Casual
PixelPete,Pac-Man,9715,72,4,Novice
NeoGeo,Frogger,15915,64,5,Novice
BlipBlop,Frogger,75068,73,11,Casual
BlipBlop,Frogger,32340,72,44,Casual
KongKiller,Frogger,111041,100,6,Pro Gamer
KongKiller,Frogger,59643,100,36,Casual
ChompQueen,Frogger,25695,66,3,Novice
ChompQueen,Pac-Man,80637,100,40,Pro Gamer
ChompQueen,Galaga,93650,69,12,Pro Gamer
KongKiller,Frogger,54284,74,11,Casual
PixelPete,Frogger,90335,91,31,Pro Gamer
KongKiller,Frogger,22972,96,18,Novice
NeoGeo,Pac-Man,65239,85,30,Casual
RetroRider,Pac-Man,44002,67,11,Casual
PixelPete,Frogger,11887,88,21,Novice
ChompQueen,Galaga,11007,62,9,Novice
PixelPete,Donkey Kong,41444,96,25,Casual
PixelPete,Space Invaders,104644,71,7,Pro Gamer
BlipBlop,Pac-Man,120979,77,11,Grandmaster
BlipBlop,Frogger,122454,67,10,Grandmaster
KongKiller,Frogger,62719,74,11,Casual
NeoGeo,Pac-Man,111561,90,33,Pro Gamer
ChompQueen,Pac-Man,33684,89,16,Casual
KongKiller,Frogger,138401,96,18,Grandmaster
SegaSam,Frogger,107199,95,39,Pro Gamer
RetroRider,Donkey Kong,33451,74,24,Casual
BlipBlop,Pac-Man,36408,62,13,Casual
RetroRider,Frogger,63891,71,8,Casual
PixelPete,Frogger,62047,98,24,Casual
BlipBlop,Pac-Man,64632,71,22,Casual
SegaSam,Pac-Man,88267,97,41,Pro Gamer
PixelPete,Space Invaders,118258,61,17,Pro Gamer
SegaSam,Frogger,56602,97,12,Casual
PixelPete,Pac-Man,135245,78,30,Grandmaster
SegaSam,Galaga,20233,88,17,Novice
PixelPete,Frogger,153782,95,40,Grandmaster
SegaSam,Space Invaders,64557,67,14,Casual
SegaSam,Frogger,108793,81,10,Pro Gamer
ChompQueen,Pac-Man,107682,77,27,Pro Gamer
RetroRider,Galaga,20038,61,37,Novice
NeoGeo,Galaga,72312,86,7,Casual
RetroRider,Frogger,132145,96,9,Grandmaster
RetroRider,Donkey Kong,125013,61,19,Grandmaster
ChompQueen,Space Invaders,23102,60,21,Novice
RetroRider,Donkey Kong,86909,93,12,Pro Gamer
NeoGeo,Donkey Kong,119911,99,9,Pro Gamer
ChompQueen,Frogger,111654,83,42,Pro Gamer
NeoGeo,Donkey Kong,107724,66,37,Pro Gamer
ChompQueen,Galaga,21456,100,12,Novice
BlipBlop,Galaga,39538,95,27,Casual
KongKiller,Frogger,91033,90,22,Pro Gamer
ChompQueen,Donkey Kong,22111,80,9,Novice
RetroRider,Space Invaders,54950,71,21,Casual
RetroRider,Donkey Kong,68601,89,17,Casual
NeoGeo,Galaga,47237,87,25,Casual
KongKiller,Galaga,80696,74,31,Pro Gamer
ChompQueen,Space Invaders,135175,70,28,Grandmaster
RetroRider,Space Invaders,34665,84,21,Casual
SegaSam,Space Invaders,127650,80,46,Grandmaster
SegaSam,Pac-Man,19609,87,25,Novice
ChompQueen,Space Invaders,152396,98,34,Grandmaster
SegaSam,Pac-Man,90683,94,21,Pro Gamer
ChompQueen,Donkey Kong,105228,92,36,Pro Gamer
ChompQueen,Galaga,150073,84,39,Grandmaster
SegaSam,Space Invaders,24258,71,44,Novice
SegaSam,Pac-Man,149295,87,35,Grandmaster
PixelPete,Galaga,33535,85,25,Casual
KongKiller,Galaga,77646,79,42,Casual
SegaSam,Frogger,67478,81,7,Casual
BlipBlop,Donkey Kong,16837,75,18,Novice
ChompQueen,Space Invaders,16345,94,4,Novice
PixelPete,Space Invaders,43474,78,44,Casual
ChompQueen,Pac-Man,83336,96,41,Pro Gamer
ChompQueen,Pac-Man,54351,89,39,Casual
RetroRider,Donkey Kong,127899,93,3,Grandmaster
SegaSam,Space Invaders,34112,79,19,Casual
ChompQueen,Frogger,144649,61,28,Grandmaster
BlipBlop,Space Invaders,154432,64,40,Grandmaster
RetroRider,Donkey Kong,131881,63,32,Grandmaster
SegaSam,Pac-Man,36885,87,3,Casual
SegaSam,Galaga,7965,90,14,Novice
ChompQueen,Galaga,145697,79,21,Grandmaster
SegaSam,Galaga,81014,75,3,Pro Gamer
RetroRider,Donkey Kong,22367,64,38,Novice
ChompQueen,Galaga,128202,73,10,Grandmaster
ChompQueen,Donkey Kong,141975,82,14,Grandmaster
ChompQueen,Galaga,76106,66,43,Casual
SegaSam,Pac-Man,30146,81,40,Casual
RetroRider,Galaga,111368,99,28,Pro Gamer
PixelPete,Frogger,121615,62,18,Grandmaster
RetroRider,Donkey Kong,17661,94,45,Novice
NeoGeo,Space Invaders,23262,71,3,Novice
SegaSam,Frogger,113087,74,31,Pro Gamer
KongKiller,Donkey Kong,131075,84,43,Grandmaster
RetroRider,Galaga,101545,74,42,Pro Gamer
RetroRider,Donkey Kong,145915,82,45,Grandmaster
SegaSam,Frogger,42509,91,25,Casual
RetroRider,Galaga,41363,99,34,Casual
RetroRider,Donkey Kong,46604,66,22,Casual
ChompQueen,Frogger,30254,66,11,Casual
BlipBlop,Pac-Man,129694,72,39,Grandmaster
ChompQueen,Galaga,88093,99,3,Pro Gamer
ChompQueen,Pac-Man,133780,67,8,Grandmaster
NeoGeo,Frogger,136514,72,37,Grandmaster
KongKiller,Donkey Kong,71522,81,14,Casual
SegaSam,Donkey Kong,27973,70,18,Novice
ChompQueen,Frogger,96034,73,15,Pro Gamer
NeoGeo,Donkey Kong,20465,84,5,Novice
KongKiller,Space Invaders,86075,79,23,Pro Gamer
NeoGeo,Donkey Kong,144895,79,37,Grandmaster
PixelPete,Space Invaders,17400,99,8,Novice
KongKiller,Galaga,153992,64,25,Grandmaster
PixelPete,Galaga,10205,92,33,Novice
SegaSam,Pac-Man,46529,68,14,Casual
KongKiller,Space Invaders,48924,93,25,Casual
NeoGeo,Galaga,151383,97,12,Grandmaster
PixelPete,Pac-Man,58221,88,8,Casual
BlipBlop,Space Invaders,122947,86,32,Grandmaster
BlipBlop,Pac-Man,130883,95,31,Grandmaster
BlipBlop,Frogger,33551,67,46,Casual
BlipBlop,Space Invaders,101203,93,32,Pro Gamer
RetroRider,Space Invaders,59102,84,4,Casual
KongKiller,Frogger,49143,82,9,Casual
SegaSam,Space Invaders,149635,84,15,Grandmaster
RetroRider,Donkey Kong,117881,75,25,Pro Gamer
KongKiller,Space Invaders,140673,64,34,Grandmaster
ChompQueen,Pac-Man,76691,78,19,Casual
KongKiller,Frogger,146280,74,14,Grandmaster
NeoGeo,Pac-Man,12474,69,43,Novice
RetroRider,Space Invaders,53335,82,3,Casual
NeoGeo,Frogger,33282,80,22,Casual
SegaSam,Donkey Kong,58069,69,12,Casual
RetroRider,Galaga,36036,73,17,Casual
KongKiller,Donkey Kong,11347,93,7,Novice
SegaSam,Pac-Man,79444,60,37,Casual
BlipBlop,Space Invaders,147764,70,9,Grandmaster
BlipBlop,Donkey Kong,15303,88,12,Novice
SegaSam,Frogger,132006,82,25,Grandmaster
SegaSam,Space Invaders,16249,80,31,Novice
RetroRider,Frogger,42800,96,38,Casual
ChompQueen,Space Invaders,126996,88,6,Grandmaster
SegaSam,Pac-Man,133251,78,8,Grandmaster
RetroRider,Pac-Man,33380,90,43,Casual
ChompQueen,Frogger,73174,95,20,Casual
PixelPete,Pac-Man,56991,76,4,Casual
RetroRider,Frogger,153314,85,45,Grandmaster
BlipBlop,Frogger,57306,71,25,Casual
SegaSam,Frogger,22997,92,9,Novice
KongKiller,Space Invaders,27502,97,6,Novice
KongKiller,Pac-Man,14587,96,40,Novice
NeoGeo,Space Invaders,86353,64,33,Pro Gamer
NeoGeo,Frogger,112623,90,13,Pro Gamer
BlipBlop,Space Invaders,11833,95,3,Novice
SegaSam,Pac-Man,152023,77,25,Grandmaster
ChompQueen,Donkey Kong,117618,67,44,Pro Gamer
SegaSam,Galaga,34182,83,17,Casual
NeoGeo,Frogger,133048,84,15,Grandmaster
PixelPete,Galaga,32371,95,30,Casual
SegaSam,Galaga,108808,78,8,Pro Gamer
ChompQueen,Galaga,40048,64,2,Casual
BlipBlop,Galaga,151689,99,5,Grandmaster
SegaSam,Pac-Man,121101,93,32,Grandmaster
KongKiller,Donkey Kong,102016,99,40,Pro Gamer
RetroRider,Frogger,38451,90,40,Casual
RetroRider,Pac-Man,95864,68,45,Pro Gamer
NeoGeo,Frogger,108678,83,23,Pro Gamer
PixelPete,Galaga,145063,99,27,Grandmaster
ChompQueen,Frogger,71226,62,43,Casual
ChompQueen,Space Invaders,125125,70,27,Grandmaster
NeoGeo,Frogger,111375,60,43,Pro Gamer
BlipBlop,Pac-Man,107056,84,9,Pro Gamer
RetroRider,Frogger,44591,90,41,Casual
PixelPete,Space Invaders,34130,81,30,Casual
NeoGeo,Donkey Kong,27980,68,44,Novice
RetroRider,Donkey Kong,67964,86,22,Casual
ChompQueen,Donkey Kong,89904,68,8,Pro Gamer
KongKiller,Galaga,77299,68,37,Casual
BlipBlop,Pac-Man,35125,86,20,Casual
PixelPete,Frogger,116512,65,10,Pro Gamer
SegaSam,Galaga,52123,75,31,Casual
NeoGeo,Galaga,9389,79,37,Novice
NeoGeo,Galaga,16064,68,25,Novice
KongKiller,Galaga,114435,80,27,Pro Gamer
ChompQueen,Space Invaders,147202,77,4,Grandmaster
KongKiller,Pac-Man,8680,62,28,Novice
KongKiller,Donkey Kong,89305,73,27,Pro Gamer
PixelPete,Pac-Man,65117,89,40,Casual
ChompQueen,Space Invaders,92312,84,26,Pro Gamer
BlipBlop,Frogger,134606,85,7,Grandmaster
RetroRider,Space Invaders,120939,73,44,Grandmaster
BlipBlop,Space Invaders,42810,84,3,Casual
PixelPete,Pac-Man,39955,62,11,Casual
RetroRider,Pac-Man,48506,82,12,Casual
PixelPete,Pac-Man,95332,61,6,Pro Gamer
RetroRider,Donkey Kong,139046,97,7,Grandmaster
ChompQueen,Galaga,43081,97,34,Casual
PixelPete,Donkey Kong,27082,85,19,Novice
PixelPete,Pac-Man,153318,64,25,Grandmaster
BlipBlop,Frogger,47631,72,33,Casual
RetroRider,Donkey Kong,32259,66,31,Casual
ChompQueen,Donkey Kong,130990,99,31,Grandmaster
BlipBlop,Donkey Kong,42817,67,29,Casual
PixelPete,Pac-Man,83335,68,6,Pro Gamer
KongKiller,Donkey Kong,141469,100,13,Grandmaster
SegaSam,Donkey Kong,27799,69,44,Novice
NeoGeo,Donkey Kong,98794,66,24,Pro Gamer
SegaSam,Space Invaders,20287,100,15,Novice
BlipBlop,Space Invaders,109221,97,25,Pro Gamer
SegaSam,Pac-Man,6473,78,30,Novice
RetroRider,Frogger,144248,94,22,Grandmaster
RetroRider,Frogger,48878,82,40,Casual
KongKiller,Frogger,17144,63,21,Novice
RetroRider,Pac-Man,122138,96,9,Grandmaster
NeoGeo,Frogger,25955,73,33,Novice
NeoGeo,Pac-Man,125464,72,24,Grandmaster
NeoGeo,Space Invaders,145737,76,12,Grandmaster
KongKiller,Frogger,136546,67,44,Grandmaster
RetroRider,Frogger,64420,64,40,Casual
ChompQueen,Donkey Kong,28440,62,23,Novice
KongKiller,Pac-Man,79706,66,39,Casual
RetroRider,Donkey Kong,147402,94,5,Grandmaster
SegaSam,Space Invaders,119527,95,7,Pro Gamer
ChompQueen,Galaga,12904,65,44,Novice
KongKiller,Space Invaders,114513,62,45,Pro Gamer
KongKiller,Donkey Kong,149037,70,45,Grandmaster
RetroRider,Space Invaders,52364,62,34,Casual
RetroRider,Space Invaders,144516,66,46,Grandmaster
BlipBlop,Frogger,122293,95,28,Grandmaster
NeoGeo,Space Invaders,96602,63,32,Pro Gamer
ChompQueen,Pac-Man,74771,64,13,Casual
BlipBlop,Galaga,22491,78,38,Novice
ChompQueen,Space Invaders,57983,85,24,Casual
PixelPete,Pac-Man,137121,69,35,Grandmaster
RetroRider,Pac-Man,118828,95,36,Pro Gamer
RetroRider,Donkey Kong,106398,67,5,Pro Gamer
BlipBlop,Pac-Man,132411,72,27,Grandmaster
PixelPete,Frogger,6466,65,37,Novice
SegaSam,Donkey Kong,26846,93,5,Novice
NeoGeo,Donkey Kong,59407,86,11,Casual
SegaSam,Pac-Man,94868,95,11,Pro Gamer
PixelPete,Donkey Kong,8626,71,16,Novice
PixelPete,Space Invaders,26045,89,5,Novice
BlipBlop,Frogger,40164,82,4,Casual
BlipBlop,Frogger,17132,86,21,Novice
KongKiller,Space Invaders,103894,65,42,Pro Gamer
BlipBlop,Donkey Kong,150114,61,24,Grandmaster
NeoGeo,Donkey Kong,78498,78,11,Casual
ChompQueen,Space Invaders,20322,79,7,Novice
BlipBlop,Frogger,146214,61,35,Grandmaster
NeoGeo,Space Invaders,142904,78,29,Grandmaster
NeoGeo,Galaga,110211,89,41,Pro Gamer
PixelPete,Galaga,105307,73,22,Pro Gamer
KongKiller,Space Invaders,137820,81,7,Grandmaster
NeoGeo,Frogger,72505,77,38,Casual
NeoGeo,Pac-Man,123458,71,41,Grandmaster
RetroRider,Frogger,136122,79,39,Grandmaster
KongKiller,Space Invaders,51491,68,21,Casual
ChompQueen,Space Invaders,57750,82,45,Casual
KongKiller,Donkey Kong,151130,77,24,Grandmaster
KongKiller,Frogger,78569,84,25,Casual
SegaSam,Donkey Kong,46185,87,36,Casual
SegaSam,Galaga,87677,90,21,Pro Gamer
BlipBlop,Frogger,85451,68,3,Pro Gamer
NeoGeo,Pac-Man,90606,77,19,Pro Gamer
ChompQueen,Donkey Kong,84030,85,44,Pro Gamer
NeoGeo,Pac-Man,106305,84,43,Pro Gamer
RetroRider,Donkey Kong,87669,69,22,Pro Gamer
NeoGeo,Pac-Man,81831,71,13,Pro Gamer
SegaSam,Pac-Man,41251,62,5,Casual
RetroRider,Galaga,104774,95,27,Pro Gamer
BlipBlop,Pac-Man,73323,97,6,Casual
PixelPete,Pac-Man,89343,73,20,Pro Gamer
SegaSam,Space Invaders,73724,74,38,Casual
SegaSam,Donkey Kong,86195,81,46,Pro Gamer
SegaSam,Space Invaders,63794,66,14,Casual
NeoGeo,Galaga,143367,92,8,Grandmaster
ChompQueen,Pac-Man,25871,93,30,Novice
BlipBlop,Frogger,114111,75,25,Pro Gamer
KongKiller,Galaga,29824,81,20,Novice
ChompQueen,Donkey Kong,83599,91,14,Pro Gamer
PixelPete,Galaga,5492,95,25,Novice
PixelPete,Space Invaders,22805,94,26,Novice
BlipBlop,Pac-Man,85311,96,8,Pro Gamer
NeoGeo,Donkey Kong,64283,96,30,Casual
BlipBlop,Space Invaders,94692,69,25,Pro Gamer
BlipBlop,Frogger,94736,97,23,Pro Gamer
ChompQueen,Space Invaders,12408,94,17,Novice
NeoGeo,Galaga,139407,76,38,Grandmaster
NeoGeo,Donkey Kong,153178,83,37,Grandmaster
NeoGeo,Frogger,132480,62,41,Grandmaster
BlipBlop,Donkey Kong,131960,72,15,Grandmaster
BlipBlop,Frogger,8099,76,27,Novice
KongKiller,Pac-Man,75669,79,44,Casual
PixelPete,Frogger,36868,84,21,Casual
PixelPete,Pac-Man,16751,90,15,Novice
SegaSam,Donkey Kong,33297,85,21,Casual
KongKiller,Space Invaders,114197,68,38,Pro Gamer
KongKiller,Donkey Kong,37727,65,45,Casual
RetroRider,Galaga,100700,76,41,Pro Gamer
NeoGeo,Pac-Man,120706,65,24,Grandmaster
SegaSam,Galaga,92298,82,32,Pro Gamer
BlipBlop,Space Invaders,129684,72,12,Grandmaster
ChompQueen,Frogger,18787,79,46,Novice
PixelPete,Galaga,70261,87,19,Casual
ChompQueen,Pac-Man,65465,91,12,Casual
BlipBlop,Frogger,9674,65,16,Novice
ChompQueen,Galaga,38585,89,23,Casual
ChompQueen,Galaga,76489,60,4,Casual
BlipBlop,Donkey Kong,74567,74,17,Casual
ChompQueen,Frogger,95625,72,3,Pro Gamer
SegaSam,Frogger,101443,72,34,Pro Gamer
PixelPete,Space Invaders,130079,94,17,Grandmaster
KongKiller,Frogger,102236,64,18,Pro Gamer
BlipBlop,Donkey Kong,114155,92,15,Pro Gamer
ChompQueen,Space Invaders,94570,90,42,Pro Gamer
RetroRider,Galaga,9194,80,31,Novice
PixelPete,Galaga,61938,69,2,Casual
KongKiller,Donkey Kong,79884,72,15,Casual
BlipBlop,Space Invaders,123002,91,5,Grandmaster
ChompQueen,Space Invaders,61151,93,35,Casual
ChompQueen,Frogger,119380,66,4,Pro Gamer
BlipBlop,Donkey Kong,43900,92,38,Casual
BlipBlop,Frogger,148351,69,24,Grandmaster
KongKiller,Galaga,67045,70,23,Casual
PixelPete,Frogger,93344,83,12,Pro Gamer
RetroRider,Frogger,67112,99,42,Casual
PixelPete,Pac-Man,32295,70,37,Casual
NeoGeo,Space Invaders,102502,72,43,Pro Gamer
SegaSam,Pac-Man,90422,88,4,Pro Gamer
BlipBlop,Donkey Kong,95269,75,46,Pro Gamer
BlipBlop,Space Invaders,58436,60,40,Casual
RetroRider,Frogger,55085,80,22,Casual
BlipBlop,Space Invaders,126871,100,28,Grandmaster
RetroRider,Galaga,145958,61,18,Grandmaster
BlipBlop,Frogger,110264,87,25,Pro Gamer
NeoGeo,Galaga,12231,78,16,Novice
NeoGeo,Galaga,92887,65,22,Pro Gamer
PixelPete,Donkey Kong,18882,67,11,Novice
KongKiller,Galaga,145751,93,23,Grandmaster
BlipBlop,Donkey Kong,118083,86,38,Pro Gamer
PixelPete,Pac-Man,57709,87,37,Casual
KongKiller,Donkey Kong,46000,82,45,Casual
PixelPete,Frogger,121401,98,17,Grandmaster
ChompQueen,Space Invaders,41218,99,3,Casual
ChompQueen,Space Invaders,63566,66,38,Casual
SegaSam,Space Invaders,103818,78,46,Pro Gamer
NeoGeo,Donkey Kong,61270,93,38,Casual
PixelPete,Frogger,43016,61,13,Casual
KongKiller,Space Invaders,145894,81,39,Grandmaster
ChompQueen,Donkey Kong,147870,88,41,Grandmaster
NeoGeo,Galaga,10920,61,33,Novice
BlipBlop,Pac-Man,54921,76,2,Casual
ChompQueen,Pac-Man,104880,97,12,Pro Gamer
NeoGeo,Pac-Man,14696,73,19,Novice
SegaSam,Pac-Man,14013,92,46,Novice
SegaSam,Donkey Kong,36686,84,36,Casual
KongKiller,Pac-Man,57353,64,12,Casual
RetroRider,Galaga,96474,70,43,Pro Gamer
KongKiller,Donkey Kong,42148,82,41,Casual
RetroRider,Donkey Kong,151182,73,46,Grandmaster
PixelPete,Frogger,69681,62,4,Casual
PixelPete,Space Invaders,94757,82,30,Pro Gamer
NeoGeo,Frogger,132460,92,12,Grandmaster
ChompQueen,Space Invaders,42678,81,32,Casual
BlipBlop,Space Invaders,79434,99,12,Casual
NeoGeo,Space Invaders,144526,88,16,Grandmaster
KongKiller,Galaga,14392,68,46,Novice
KongKiller,Pac-Man,119635,85,34,Pro Gamer
BlipBlop,Frogger,118312,96,38,Pro Gamer
SegaSam,Galaga,35387,87,27,Casual
RetroRider,Frogger,145758,63,33,Grandmaster
NeoGeo,Pac-Man,27763,81,37,Novice
BlipBlop,Frogger,10048,86,24,Novice
SegaSam,Frogger,30820,86,8,Casual
BlipBlop,Galaga,35043,80,34,Casual
SegaSam,Space Invaders,27752,86,16,Novice
NeoGeo,Frogger,99771,87,35,Pro Gamer
RetroRider,Galaga,79619,67,6,Casual
PixelPete,Donkey Kong,60305,95,17,Casual
NeoGeo,Pac-Man,48485,77,41,Casual
NeoGeo,Galaga,56128,94,14,Casual
SegaSam,Pac-Man,77700,91,11,Casual
RetroRider,Pac-Man,139603,93,42,Grandmaster
NeoGeo,Frogger,125663,68,44,Grandmaster
ChompQueen,Pac-Man,98301,71,5,Pro Gamer
ChompQueen,Pac-Man,68214,86,39,Casual
PixelPete,Frogger,32868,79,44,Casual
NeoGeo,Pac-Man,115150,77,28,Pro Gamer
PixelPete,Galaga,66944,94,4,Casual
NeoGeo,Space Invaders,57753,89,46,Casual
PixelPete,Galaga,46292,66,38,Casual
NeoGeo,Frogger,129306,81,37,Grandmaster
ChompQueen,Pac-Man,114247,70,10,Pro Gamer
NeoGeo,Donkey Kong,8766,82,19,Novice
NeoGeo,Space Invaders,73971,72,44,Casual
ChompQueen,Donkey Kong,90367,66,2,Pro Gamer
ChompQueen,Donkey Kong,60628,66,34,Casual
KongKiller,Frogger,114795,88,41,Pro Gamer
SegaSam,Galaga,78885,88,35,Casual
PixelPete,Space Invaders,44794,97,6,Casual
PixelPete,Donkey Kong,134299,62,46,Grandmaster
BlipBlop,Pac-Man,27989,80,22,Novice
PixelPete,Pac-Man,117965,74,10,Pro Gamer
PixelPete,Frogger,131179,75,9,Grandmaster
PixelPete,Galaga,58434,83,11,Casual
BlipBlop,Space Invaders,75045,74,27,Casual
NeoGeo,Frogger,135282,70,33,Grandmaster
NeoGeo,Frogger,73761,77,32,Casual
KongKiller,Pac-Man,116289,61,27,Pro Gamer
BlipBlop,Donkey Kong,86068,90,21,Pro Gamer
BlipBlop,Galaga,41917,94,22,Casual
PixelPete,Donkey Kong,104705,82,14,Pro Gamer
NeoGeo,Frogger,54593,98,21,Casual
SegaSam,Galaga,30399,76,44,Casual
ChompQueen,Pac-Man,145545,62,36,Grandmaster
KongKiller,Galaga,134256,95,45,Grandmaster
BlipBlop,Donkey Kong,118173,60,20,Pro Gamer
RetroRider,Frogger,49397,81,29,Casual
SegaSam,Pac-Man,58739,66,34,Casual
SegaSam,Donkey Kong,126277,78,45,Grandmaster
BlipBlop,Pac-Man,30293,82,45,Casual
ChompQueen,Space Invaders,97316,80,40,Pro Gamer
NeoGeo,Frogger,52249,78,13,Casual
BlipBlop,Frogger,14313,69,24,Novice
KongKiller,Space Invaders,40070,76,33,Casual
BlipBlop,Pac-Man,77936,81,41,Casual
RetroRider,Galaga,139323,78,32,Grandmaster
ChompQueen,Donkey Kong,109095,90,10,Pro Gamer
ChompQueen,Space Invaders,73635,63,38,Casual
NeoGeo,Pac-Man,120333,76,21,Grandmaster
BlipBlop,Donkey Kong,150573,96,30,Grandmaster
RetroRider,Galaga,13517,90,13,Novice
SegaSam,Pac-Man,32592,97,37,Casual
RetroRider,Frogger,67233,77,10,Casual
PixelPete,Frogger,104835,69,39,Pro Gamer
KongKiller,Galaga,48921,90,25,Casual
RetroRider,Space Invaders,137666,99,22,Grandmaster
SegaSam,Galaga,130003,65,15,Grandmaster
SegaSam,Galaga,99316,91,25,Pro Gamer
SegaSam,Donkey Kong,88125,100,45,Pro Gamer
SegaSam,Space Invaders,98498,94,22,Pro Gamer
NeoGeo,Donkey Kong,104783,78,26,Pro Gamer
SegaSam,Donkey Kong,43625,65,34,Casual
RetroRider,Frogger,108317,79,8,Pro Gamer
KongKiller,Donkey Kong,137319,71,7,Grandmaster
KongKiller,Frogger,90016,84,4,Pro Gamer
PixelPete,Donkey Kong,92748,94,5,Pro Gamer
NeoGeo,Donkey Kong,73932,61,5,Casual
RetroRider,Pac-Man,132736,60,24,Grandmaster
KongKiller,Pac-Man,93685,62,36,Pro Gamer
BlipBlop,Pac-Man,104890,80,41,Pro Gamer
SegaSam,Space Invaders,82099,87,16,Pro Gamer
NeoGeo,Galaga,80280,70,36,Pro Gamer
RetroRider,Pac-Man,10253,86,23,Novice
KongKiller,Galaga,62657,66,33,Casual
BlipBlop,Galaga,79787,90,43,Casual
NeoGeo,Space Invaders,68784,99,5,Casual
BlipBlop,Space Invaders,8604,91,37,Novice
RetroRider,Space Invaders,37411,79,10,Casual
SegaSam,Space Invaders,67662,96,12,Casual
BlipBlop,Donkey Kong,135113,80,39,Grandmaster
KongKiller,Space Invaders,107092,87,11,Pro Gamer
BlipBlop,Donkey Kong,98962,96,11,Pro Gamer
SegaSam,Galaga,85083,62,32,Pro Gamer
RetroRider,Pac-Man,88311,75,42,Pro Gamer
BlipBlop,Pac-Man,115293,73,3,Pro Gamer
RetroRider,Pac-Man,108818,87,22,Pro Gamer
NeoGeo,Space Invaders,111759,72,12,Pro Gamer
PixelPete,Pac-Man,27265,83,44,Novice
ChompQueen,Space Invaders,127647,64,7,Grandmaster
PixelPete,Space Invaders,111675,95,37,Pro Gamer
BlipBlop,Donkey Kong,74061,75,19,Casual
ChompQueen,Pac-Man,99164,65,4,Pro Gamer
PixelPete,Galaga,38515,85,42,Casual
ChompQueen,Pac-Man,137541,64,2,Grandmaster
PixelPete,Donkey Kong,50167,93,45,Casual
ChompQueen,Frogger,59044,90,12,Casual
NeoGeo,Space Invaders,111078,85,19,Pro Gamer
PixelPete,Pac-Man,28891,85,39,Novice
NeoGeo,Donkey Kong,33012,91,9,Casual
NeoGeo,Donkey Kong,15124,96,18,Novice
SegaSam,Donkey Kong,138838,78,23,Grandmaster
PixelPete,Galaga,13785,64,19,Novice
KongKiller,Frogger,137305,66,4,Grandmaster
RetroRider,Pac-Man,99545,96,34,Pro Gamer
BlipBlop,Space Invaders,29139,95,41,Novice
BlipBlop,Donkey Kong,83774,63,27,Pro Gamer
KongKiller,Donkey Kong,19632,79,43,Novice
NeoGeo,Pac-Man,69796,76,30,Casual
NeoGeo,Space Invaders,25936,95,8,Novice
KongKiller,Galaga,113387,61,29,Pro Gamer
ChompQueen,Pac-Man,89444,79,23,Pro Gamer
ChompQueen,Galaga,47845,93,4,Casual
PixelPete,Donkey Kong,104561,92,29,Pro Gamer
PixelPete,Donkey Kong,141507,87,35,Grandmaster
KongKiller,Space Invaders,35971,83,17,Casual
NeoGeo,Donkey Kong,103425,63,33,Pro Gamer
PixelPete,Pac-Man,122315,81,9,Grandmaster
PixelPete,Frogger,61082,62,40,Casual
BlipBlop,Donkey Kong,131372,100,45,Grandmaster
NeoGeo,Space Invaders,127389,84,20,Grandmaster
KongKiller,Galaga,153831,65,32,Grandmaster
PixelPete,Pac-Man,40870,65,42,Casual
KongKiller,Frogger,71456,82,4,Casual
SegaSam,Pac-Man,96817,68,5,Pro Gamer
ChompQueen,Frogger,131504,77,24,Grandmaster
SegaSam,Pac-Man,84129,92,23,Pro Gamer
KongKiller,Donkey Kong,10065,83,11,Novice
KongKiller,Donkey Kong,7671,94,2,Novice
KongKiller,Donkey Kong,68721,77,10,Casual
SegaSam,Pac-Man,81606,67,17,Pro Gamer
BlipBlop,Frogger,63142,85,35,Casual
PixelPete,Frogger,35818,64,4,Casual
NeoGeo,Frogger,121192,65,40,Grandmaster
ChompQueen,Frogger,73856,62,12,Casual
NeoGeo,Frogger,91653,99,37,Pro Gamer
RetroRider,Pac-Man,13624,77,14,Novice
RetroRider,Donkey Kong,151014,99,6,Grandmaster
ChompQueen,Pac-Man,22175,63,14,Novice
NeoGeo,Space Invaders,40328,98,7,Casual
ChompQueen,Pac-Man,52225,97,26,Casual
NeoGeo,Pac-Man,12446,63,22,Novice
NeoGeo,Frogger,86932,84,5,Pro Gamer
RetroRider,Pac-Man,148954,60,15,Grandmaster
SegaSam,Galaga,146199,89,44,Grandmaster
BlipBlop,Donkey Kong,26754,74,3,Novice
PixelPete,Pac-Man,24400,95,37,Novice
NeoGeo,Pac-Man,78023,75,22,Casual
NeoGeo,Space Invaders,33708,66,46,Casual
PixelPete,Pac-Man,39882,83,4,Casual
BlipBlop,Donkey Kong,44809,69,26,Casual
PixelPete,Frogger,124704,95,45,Grandmaster
KongKiller,Pac-Man,54728,73,34,Casual
KongKiller,Donkey Kong,111693,63,35,Pro Gamer
RetroRider,Pac-Man,122501,70,10,Grandmaster
PixelPete,Pac-Man,36469,70,7,Casual
ChompQueen,Galaga,10560,75,43,Novice
BlipBlop,Space Invaders,78038,94,10,Casual
RetroRider,Donkey Kong,56878,62,3,Casual
NeoGeo,Donkey Kong,91626,97,26,Pro Gamer
KongKiller,Space Invaders,151536,61,8,Grandmaster
RetroRider,Galaga,147025,72,32,Grandmaster
BlipBlop,Galaga,24717,61,25,Novice
NeoGeo,Frogger,51155,85,5,Casual
BlipBlop,Galaga,77891,96,22,Casual
KongKiller,Donkey Kong,143772,60,19,Grandmaster
ChompQueen,Galaga,148384,94,25,Grandmaster
NeoGeo,Galaga,136265,84,28,Grandmaster
NeoGeo,Donkey Kong,104998,84,40,Pro Gamer
PixelPete,Galaga,67975,62,8,Casual
BlipBlop,Pac-Man,150484,74,27,Grandmaster
ChompQueen,Pac-Man,58691,74,25,Casual
NeoGeo,Pac-Man,97881,80,41,Pro Gamer
ChompQueen,Pac-Man,118356,96,23,Pro Gamer
NeoGeo,Donkey Kong,78732,64,32,Casual
ChompQueen,Frogger,92142,69,30,Pro Gamer
SegaSam,Frogger,112495,68,14,Pro Gamer
RetroRider,Frogger,96953,81,16,Pro Gamer
SegaSam,Pac-Man,90617,96,39,Pro Gamer
PixelPete,Frogger,83046,81,20,Pro Gamer
PixelPete,Galaga,56746,63,17,Casual
BlipBlop,Frogger,77418,66,8,Casual
RetroRider,Galaga,54816,62,38,Casual
NeoGeo,Space Invaders,75579,96,38,Casual
NeoGeo,Pac-Man,25648,91,16,Novice
SegaSam,Galaga,104048,79,11,Pro Gamer
RetroRider,Frogger,76792,66,30,Casual
KongKiller,Galaga,56510,100,26,Casual
BlipBlop,Donkey Kong,148377,79,20,Grandmaster
BlipBlop,Galaga,18277,96,20,Novice
ChompQueen,Donkey Kong,101402,85,42,Pro Gamer
KongKiller,Frogger,26146,83,25,Novice
BlipBlop,Space Invaders,40287,65,34,Casual
SegaSam,Galaga,115558,91,20,Pro Gamer
PixelPete,Frogger,79856,69,32,Casual
BlipBlop,Galaga,110892,84,7,Pro Gamer
PixelPete,Pac-Man,38573,69,16,Casual
RetroRider,Donkey Kong,97072,62,28,Pro Gamer
SegaSam,Galaga,117735,76,39,Pro Gamer
RetroRider,Frogger,115156,71,11,Pro Gamer
KongKiller,Frogger,98994,89,18,Pro Gamer
BlipBlop,Frogger,119620,83,26,Pro Gamer
NeoGeo,Donkey Kong,96846,90,3,Pro Gamer
SegaSam,Space Invaders,5138,63,28,Novice
BlipBlop,Space Invaders,64204,71,42,Casual
KongKiller,Pac-Man,28420,60,46,Novice
ChompQueen,Space Invaders,105988,93,44,Pro Gamer
NeoGeo,Pac-Man,9378,96,8,Novice
KongKiller,Donkey Kong,61453,91,9,Casual
ChompQueen,Pac-Man,125108,89,41,Grandmaster
RetroRider,Donkey Kong,35230,66,14,Casual
PixelPete,Galaga,77393,65,25,Casual
RetroRider,Space Invaders,23418,91,46,Novice
SegaSam,Frogger,122891,70,13,Grandmaster
NeoGeo,Galaga,95376,62,30,Pro Gamer
ChompQueen,Donkey Kong,34526,64,16,Casual
RetroRider,Donkey Kong,76615,92,42,Casual
ChompQueen,Galaga,104000,75,21,Pro Gamer
RetroRider,Galaga,116224,99,7,Pro Gamer
KongKiller,Frogger,55306,73,43,Casual
NeoGeo,Galaga,81069,91,22,Pro Gamer
BlipBlop,Pac-Man,89581,67,14,Pro Gamer
KongKiller,Frogger,36535,90,2,Casual
PixelPete,Donkey Kong,31977,66,35,Casual
RetroRider,Space Invaders,77620,76,6,Casual
RetroRider,Donkey Kong,91296,90,44,Pro Gamer
NeoGeo,Frogger,126415,67,23,Grandmaster
SegaSam,Frogger,81472,97,15,Pro Gamer
SegaSam,Donkey Kong,67146,65,18,Casual
PixelPete,Frogger,70886,65,29,Casual
NeoGeo,Pac-Man,114535,75,42,Pro Gamer
ChompQueen,Space Invaders,10517,95,7,Novice
ChompQueen,Frogger,87899,62,40,Pro Gamer
NeoGeo,Frogger,114527,94,22,Pro Gamer
PixelPete,Frogger,85179,88,26,Pro Gamer
PixelPete,Space Invaders,78675,89,35,Casual
PixelPete,Space Invaders,107176,61,43,Pro Gamer
NeoGeo,Galaga,95869,73,14,Pro Gamer
KongKiller,Galaga,118013,77,18,Pro Gamer
PixelPete,Donkey Kong,95684,95,3,Pro Gamer
SegaSam,Frogger,99329,96,27,Pro Gamer
KongKiller,Space Invaders,89813,69,27,Pro Gamer
ChompQueen,Space Invaders,15280,83,39,Novice
PixelPete,Pac-Man,108390,79,35,Pro Gamer
PixelPete,Donkey Kong,101371,100,18,Pro Gamer
PixelPete,Pac-Man,107389,84,29,Pro Gamer
RetroRider,Frogger,148951,75,41,Grandmaster
NeoGeo,Space Invaders,72215,96,2,Casual
ChompQueen,Donkey Kong,6460,74,19,Novice
PixelPete,Frogger,96461,73,16,Pro Gamer
KongKiller,Pac-Man,38539,74,19,Casual
BlipBlop,Donkey Kong,35241,77,40,Casual
NeoGeo,Pac-Man,32378,70,24,Casual
ChompQueen,Space Invaders,62271,83,13,Casual
BlipBlop,Galaga,71603,98,35,Casual
RetroRider,Pac-Man,27519,95,46,Novice
RetroRider,Galaga,113040,81,46,Pro Gamer
ChompQueen,Donkey Kong,23343,98,16,Novice
SegaSam,Galaga,77691,92,46,Casual
SegaSam,Galaga,9999,71,4,Novice
RetroRider,Pac-Man,76569,96,21,Casual
NeoGeo,Galaga,65964,60,38,Casual
KongKiller,Space Invaders,9614,88,42,Novice
BlipBlop,Pac-Man,99854,95,8,Pro Gamer
SegaSam,Pac-Man,39507,93,17,Casual
NeoGeo,Space Invaders,108166,93,2,Pro Gamer
ChompQueen,Frogger,32828,61,33,Casual
RetroRider,Space Invaders,91048,72,26,Pro Gamer
ChompQueen,Space Invaders,126094,60,4,Grandmaster
PixelPete,Space Invaders,131871,79,14,Grandmaster
RetroRider,Galaga,32614,79,13,Casual
BlipBlop,Space Invaders,133782,81,33,Grandmaster
SegaSam,Galaga,85724,90,6,Pro Gamer
RetroRider,Frogger,57531,74,17,Casual
ChompQueen,Space Invaders,130557,77,20,Grandmaster
ChompQueen,Frogger,128854,86,41,Grandmaster
KongKiller,Pac-Man,51983,95,31,Casual
NeoGeo,Pac-Man,35888,75,8,Casual
ChompQueen,Pac-Man,64903,62,45,Casual
BlipBlop,Space Invaders,20168,97,7,Novice
KongKiller,Donkey Kong,89567,100,27,Pro Gamer
KongKiller,Donkey Kong,139639,95,25,Grandmaster
SegaSam,Galaga,108907,64,3,Pro Gamer
BlipBlop,Space Invaders,121419,98,2,Grandmaster
RetroRider,Space Invaders,109217,99,39,Pro Gamer
SegaSam,Frogger,150074,72,16,Grandmaster
PixelPete,Space Invaders,132048,100,3,Grandmaster
RetroRider,Frogger,30533,81,27,Casual
PixelPete,Galaga,56417,93,23,Casual
ChompQueen,Pac-Man,130324,83,44,Grandmaster
RetroRider,Space Invaders,15362,99,21,Novice
SegaSam,Space Invaders,40713,91,9,Casual
PixelPete,Donkey Kong,89546,72,3,Pro Gamer
NeoGeo,Donkey Kong,46724,90,10,Casual
SegaSam,Frogger,38062,81,20,Casual
NeoGeo,Donkey Kong,63903,86,46,Casual
BlipBlop,Galaga,62105,74,31,Casual
PixelPete,Space Invaders,99851,62,30,Pro Gamer
RetroRider,Donkey Kong,99938,71,43,Pro Gamer
BlipBlop,Galaga,98144,82,14,Pro Gamer
ChompQueen,Donkey Kong,94655,60,8,Pro Gamer
ChompQueen,Donkey Kong,134138,72,45,Grandmaster
RetroRider,Galaga,130815,100,12,Grandmaster
NeoGeo,Space Invaders,128855,65,13,Grandmaster
SegaSam,Frogger,30764,64,15,Casual
RetroRider,Space Invaders,73686,84,36,Casual
ChompQueen,Pac-Man,40711,74,26,Casual
ChompQueen,Donkey Kong,72642,66,30,Casual
SegaSam,Pac-Man,13765,95,14,Novice
SegaSam,Pac-Man,108117,65,38,Pro Gamer
KongKiller,Frogger,37343,71,4,Casual
SegaSam,Frogger,83311,87,6,Pro Gamer
SegaSam,Space Invaders,90784,87,33,Pro Gamer
NeoGeo,Donkey Kong,49326,63,25,Casual
PixelPete,Galaga,96638,64,16,Pro Gamer
SegaSam,Space Invaders,29473,98,17,Novice
RetroRider,Space Invaders,86451,91,9,Pro Gamer
NeoGeo,Donkey Kong,105005,63,41,Pro Gamer
PixelPete,Pac-Man,103117,64,43,Pro Gamer
RetroRider,Frogger,47545,88,11,Casual
KongKiller,Pac-Man,77929,63,28,Casual
RetroRider,Frogger,11518,65,15,Novice
SegaSam,Donkey Kong,125702,68,9,Grandmaster
BlipBlop,Frogger,91406,72,4,Pro Gamer
ChompQueen,Donkey Kong,57389,60,3,Casual
SegaSam,Galaga,95677,69,43,Pro Gamer
SegaSam,Space Invaders,44294,65,25,Casual
ChompQueen,Pac-Man,68294,99,34,Casual
RetroRider,Frogger,124974,80,43,Grandmaster
ChompQueen,Frogger,67885,90,11,Casual
RetroRider,Donkey Kong,94332,66,40,Pro Gamer
RetroRider,Frogger,51371,87,18,Casual
ChompQueen,Frogger,147546,86,13,Grandmaster
SegaSam,Donkey Kong,67263,92,43,Casual
NeoGeo,Pac-Man,102360,74,11,Pro Gamer
ChompQueen,Frogger,15175,97,39,Novice
RetroRider,Space Invaders,66035,82,6,Casual
KongKiller,Donkey Kong,5478,73,3,Novice
RetroRider,Donkey Kong,88797,88,39,Pro Gamer
NeoGeo,Donkey Kong,115577,96,5,Pro Gamer
PixelPete,Pac-Man,106686,96,29,Pro Gamer
KongKiller,Galaga,58442,99,22,Casual
BlipBlop,Space Invaders,85663,71,26,Pro Gamer
PixelPete,Pac-Man,88862,93,14,Pro Gamer
ChompQueen,Frogger,55023,88,26,Casual
ChompQueen,Galaga,151267,72,16,Grandmaster
BlipBlop,Space Invaders,112694,73,24,Pro Gamer
SegaSam,Frogger,19689,70,13,Novice
ChompQueen,Donkey Kong,60703,67,33,Casual
BlipBlop,Donkey Kong,84106,88,4,Pro Gamer
PixelPete,Frogger,45418,83,6,Casual
ChompQueen,Donkey Kong,64989,68,14,Casual
RetroRider,Space Invaders,64439,66,2,Casual
KongKiller,Frogger,124188,86,30,Grandmaster
BlipBlop,Frogger,39398,80,32,Casual
PixelPete,Pac-Man,32510,66,21,Casual
NeoGeo,Frogger,66147,77,7,Casual
RetroRider,Pac-Man,89720,96,8,Pro Gamer
ChompQueen,Pac-Man,98038,73,45,Pro Gamer
PixelPete,Space Invaders,48836,89,25,Casual
KongKiller,Pac-Man,79664,66,46,Casual
SegaSam,Galaga,91980,80,10,Pro Gamer
ChompQueen,Frogger,146362,67,16,Grandmaster
ChompQueen,Pac-Man,20889,71,33,Novice
ChompQueen,Frogger,87950,96,46,Pro Gamer
SegaSam,Galaga,82204,71,41,Pro Gamer
BlipBlop,Space Invaders,13073,77,24,Novice
RetroRider,Donkey Kong,84582,98,13,Pro Gamer
BlipBlop,Galaga,52768,62,37,Casual
SegaSam,Donkey Kong,109388,75,13,Pro Gamer
PixelPete,Space Invaders,126558,98,17,Grandmaster
SegaSam,Pac-Man,39994,83,29,Casual
BlipBlop,Donkey Kong,89160,83,6,Pro Gamer
SegaSam,Galaga,68561,61,5,Casual
PixelPete,Donkey Kong,89623,66,40,Pro Gamer
SegaSam,Donkey Kong,106116,83,43,Pro Gamer
SegaSam,Donkey Kong,30348,66,31,Casual
PixelPete,Space Invaders,89972,76,43,Pro Gamer
NeoGeo,Donkey Kong,89170,67,18,Pro Gamer
KongKiller,Donkey Kong,20165,99,12,Novice
ChompQueen,Galaga,109669,83,10,Pro Gamer
ChompQueen,Pac-Man,138032,92,20,Grandmaster
KongKiller,Galaga,131383,78,13,Grandmaster
PixelPete,Space Invaders,95839,91,37,Pro Gamer
SegaSam,Galaga,28555,67,8,Novice
RetroRider,Pac-Man,85600,66,14,Pro Gamer
PixelPete,Galaga,127826,82,25,Grandmaster
KongKiller,Galaga,106281,98,26,Pro Gamer
BlipBlop,Galaga,79050,84,15,Casual
NeoGeo,Frogger,14627,97,37,Novice
NeoGeo,Donkey Kong,98526,63,16,Pro Gamer
NeoGeo,Space Invaders,82170,62,14,Pro Gamer
ChompQueen,Frogger,120432,72,44,Grandmaster
RetroRider,Donkey Kong,130232,92,8,Grandmaster
RetroRider,Galaga,89260,94,9,Pro Gamer
KongKiller,Pac-Man,56106,79,29,Casual
PixelPete,Frogger,113133,98,37,Pro Gamer
BlipBlop,Frogger,73042,86,44,Casual
SegaSam,Frogger,9482,96,43,Novice
RetroRider,Donkey Kong,117637,85,39,Pro Gamer
BlipBlop,Pac-Man,24467,81,46,Novice
SegaSam,Pac-Man,64870,71,18,Casual
BlipBlop,Space Invaders,111564,84,6,Pro Gamer
ChompQueen,Space Invaders,123031,97,16,Grandmaster
PixelPete,Galaga,120548,97,27,Grandmaster
ChompQueen,Space Invaders,65561,63,35,Casual
RetroRider,Donkey Kong,79000,63,2,Casual
ChompQueen,Galaga,89041,70,14,Pro Gamer
PixelPete,Space Invaders,65752,68,27,Casual
SegaSam,Frogger,107507,63,34,Pro Gamer
SegaSam,Space Invaders,26866,67,32,Novice
SegaSam,Space Invaders,109235,76,30,Pro Gamer
BlipBlop,Space Invaders,122341,89,27,Grandmaster
SegaSam,Galaga,35023,92,23,Casual
ChompQueen,Pac-Man,68997,81,23,Casual
BlipBlop,Frogger,79873,60,6,Casual
PixelPete,Frogger,154949,97,14,Grandmaster
NeoGeo,Space Invaders,27705,66,15,Novice
SegaSam,Frogger,102938,67,41,Pro Gamer
SegaSam,Galaga,129472,83,22,Grandmaster
BlipBlop,Space Invaders,34467,81,45,Casual
SegaSam,Frogger,32223,79,35,Casual
ChompQueen,Space Invaders,16895,67,16,Novice
ChompQueen,Galaga,47462,78,25,Casual
RetroRider,Donkey Kong,16527,66,16,Novice
SegaSam,Space Invaders,117009,63,13,Pro Gamer
ChompQueen,Frogger,8514,86,37,Novice
RetroRider,Space Invaders,133438,75,43,Grandmaster
ChompQueen,Frogger,98358,68,42,Pro Gamer
NeoGeo,Frogger,102754,65,22,Pro Gamer
NeoGeo,Space Invaders,113539,61,21,Pro Gamer
KongKiller,Galaga,35682,63,42,Casual
ChompQueen,Space Invaders,21516,97,21,Novice
NeoGeo,Donkey Kong,33686,72,20,Casual
SegaSam,Frogger,76199,68,41,Casual
NeoGeo,Space Invaders,142047,85,39,Grandmaster
PixelPete,Galaga,27267,71,5,Novice
KongKiller,Frogger,76434,82,42,Casual
PixelPete,Space Invaders,76848,92,7,Casual
ChompQueen,Donkey Kong,53301,68,44,Casual
PixelPete,Pac-Man,59713,62,35,Casual
RetroRider,Donkey Kong,9535,72,6,Novice
RetroRider,Galaga,131062,89,27,Grandmaster
ChompQueen,Frogger,144917,95,34,Grandmaster
BlipBlop,Pac-Man,30959,71,11,Casual
NeoGeo,Galaga,8615,64,28,Novice
SegaSam,Frogger,11842,87,28,Novice
SegaSam,Donkey Kong,55778,85,3,Casual
NeoGeo,Pac-Man,68533,71,30,Casual
NeoGeo,Frogger,40039,87,37,Casual
SegaSam,Space Invaders,35230,97,36,Casual
NeoGeo,Frogger,138930,89,9,Grandmaster
NeoGeo,Space Invaders,97471,85,28,Pro Gamer
KongKiller,Galaga,135757,70,12,Grandmaster
PixelPete,Pac-Man,23959,78,15,Novice
NeoGeo,Donkey Kong,105242,77,13,Pro Gamer
KongKiller,Space Invaders,130795,75,8,Grandmaster
PixelPete,Galaga,47160,97,41,Casual
BlipBlop,Galaga,30396,88,18,Casual
ChompQueen,Pac-Man,24037,89,45,Novice
SegaSam,Frogger,81594,86,19,Pro Gamer
BlipBlop,Pac-Man,120027,62,21,Grandmaster
BlipBlop,Space Invaders,32589,76,9,Casual
KongKiller,Galaga,8414,66,31,Novice
SegaSam,Space Invaders,76571,74,9,Casual
NeoGeo,Donkey Kong,35418,71,7,Casual
SegaSam,Space Invaders,65677,82,17,Casual
BlipBlop,Donkey Kong,36499,71,8,Casual
NeoGeo,Space Invaders,6164,73,7,Novice
SegaSam,Space Invaders,84316,85,7,Pro Gamer
ChompQueen,Galaga,47328,72,3,Casual
RetroRider,Galaga,109729,99,6,Pro Gamer
BlipBlop,Space Invaders,65209,96,22,Casual
KongKiller,Donkey Kong,119576,74,2,Pro Gamer
KongKiller,Frogger,117263,70,16,Pro Gamer
BlipBlop,Galaga,55514,69,9,Casual
ChompQueen,Donkey Kong,118595,94,12,Pro Gamer
RetroRider,Donkey Kong,72489,90,28,Casual
SegaSam,Galaga,76544,71,25,Casual
KongKiller,Donkey Kong,134994,93,39,Grandmaster
NeoGeo,Donkey Kong,7195,67,7,Novice
BlipBlop,Pac-Man,97994,75,4,Pro Gamer
PixelPete,Pac-Man,146398,62,22,Grandmaster
SegaSam,Pac-Man,152446,76,11,Grandmaster
BlipBlop,Donkey Kong,115965,77,45,Pro Gamer
RetroRider,Space Invaders,126187,74,40,Grandmaster
ChompQueen,Space Invaders,73496,61,18,Casual
RetroRider,Donkey Kong,17269,67,7,Novice
RetroRider,Galaga,41910,99,7,Casual
NeoGeo,Galaga,115723,83,44,Pro Gamer
KongKiller,Galaga,13162,74,43,Novice
ChompQueen,Donkey Kong,151616,92,46,Grandmaster
SegaSam,Donkey Kong,154663,73,7,Grandmaster
PixelPete,Pac-Man,109565,100,9,Pro Gamer
PixelPete,Frogger,129558,67,17,Grandmaster
ChompQueen,Galaga,146826,76,18,Grandmaster
ChompQueen,Donkey Kong,88160,81,46,Pro Gamer
SegaSam,Frogger,148628,63,30,Grandmaster
ChompQueen,Frogger,47919,75,36,Casual
RetroRider,Donkey Kong,8017,80,35,Novice
BlipBlop,Galaga,16103,78,13,Novice
NeoGeo,Frogger,107527,92,34,Pro Gamer
NeoGeo,Space Invaders,14441,89,44,Novice
PixelPete,Donkey Kong,117763,89,26,Pro Gamer
PixelPete,Pac-Man,131039,69,41,Grandmaster
NeoGeo,Space Invaders,53230,94,39,Casual
BlipBlop,Frogger,23387,83,45,Novice
NeoGeo,Galaga,79122,71,39,Casual
KongKiller,Pac-Man,75633,67,22,Casual
PixelPete,Frogger,42707,62,37,Casual
SegaSam,Galaga,10989,61,33,Novice
RetroRider,Pac-Man,49298,65,35,Casual
BlipBlop,Pac-Man,79911,84,9,Casual
SegaSam,Frogger,32131,100,13,Casual
RetroRider,Frogger,54667,86,37,Casual
ChompQueen,Frogger,137942,91,20,Grandmaster
NeoGeo,Pac-Man,113133,86,30,Pro Gamer
ChompQueen,Donkey Kong,76683,71,37,Casual
NeoGeo,Space Invaders,40080,94,38,Casual
BlipBlop,Donkey Kong,50839,87,9,Casual
ChompQueen,Pac-Man,138447,60,37,Grandmaster
NeoGeo,Frogger,62204,82,8,Casual
SegaSam,Pac-Man,127405,69,40,Grandmaster
PixelPete,Donkey Kong,134702,86,3,Grandmaster
RetroRider,Space Invaders,6126,68,16,Novice
RetroRider,Donkey Kong,133432,69,14,Grandmaster
RetroRider,Galaga,143936,73,4,Grandmaster
KongKiller,Space Invaders,153541,79,5,Grandmaster
PixelPete,Frogger,67084,83,9,Casual
RetroRider,Donkey Kong,127251,94,16,Grandmaster
RetroRider,Donkey Kong,144334,99,14,Grandmaster
PixelPete,Space Invaders,104922,82,28,Pro Gamer
NeoGeo,Space Invaders,90459,79,24,Pro Gamer
ChompQueen,Donkey Kong,132227,79,11,Grandmaster
RetroRider,Galaga,118026,82,25,Pro Gamer
SegaSam,Donkey Kong,109805,91,43,Pro Gamer
BlipBlop,Frogger,115011,70,34,Pro Gamer
NeoGeo,Pac-Man,146961,61,26,Grandmaster
ChompQueen,Frogger,73691,78,26,Casual
RetroRider,Pac-Man,43230,84,32,Casual
NeoGeo,Donkey Kong,64586,78,41,Casual
RetroRider,Frogger,62631,83,45,Casual
NeoGeo,Galaga,69003,97,19,Casual
ChompQueen,Donkey Kong,17408,66,42,Novice
RetroRider,Frogger,47658,100,19,Casual
PixelPete,Space Invaders,98272,97,42,Pro Gamer
RetroRider,Pac-Man,5492,61,25,Novice
SegaSam,Frogger,35321,75,29,Casual
RetroRider,Donkey Kong,19039,75,29,Novice
KongKiller,Frogger,16140,72,19,Novice
SegaSam,Galaga,76897,86,37,Casual
PixelPete,Donkey Kong,106832,94,13,Pro Gamer
ChompQueen,Space Invaders,17526,94,27,Novice
RetroRider,Donkey Kong,32922,89,10,Casual
PixelPete,Space Invaders,72723,78,40,Casual
KongKiller,Space Invaders,118990,77,39,Pro Gamer
NeoGeo,Donkey Kong,5200,67,35,Novice
SegaSam,Space Invaders,90476,71,12,Pro Gamer
NeoGeo,Donkey Kong,16362,76,23,Novice
BlipBlop,Galaga,72991,84,39,Casual
PixelPete,Space Invaders,66301,97,32,Casual
ChompQueen,Donkey Kong,27223,71,29,Novice
SegaSam,Frogger,96920,74,36,Pro Gamer
SegaSam,Pac-Man,64127,61,43,Casual
ChompQueen,Space Invaders,84995,76,34,Pro Gamer
PixelPete,Donkey Kong,31393,96,29,Casual
ChompQueen,Frogger,139731,67,38,Grandmaster
SegaSam,Donkey Kong,136477,82,9,Grandmaster
SegaSam,Frogger,149797,91,31,Grandmaster
SegaSam,Donkey Kong,75090,77,15,Casual
PixelPete,Donkey Kong,130896,80,8,Grandmaster
BlipBlop,Pac-Man,32524,86,42,Casual
NeoGeo,Donkey Kong,52044,65,27,Casual
SegaSam,Pac-Man,49684,79,28,Casual
ChompQueen,Space Invaders,36745,80,40,Casual
RetroRider,Pac-Man,66157,98,31,Casual
KongKiller,Donkey Kong,7938,93,33,Novice
RetroRider,Galaga,54051,66,14,Casual
RetroRider,Galaga,126952,78,13,Grandmaster
RetroRider,Pac-Man,130999,74,40,Grandmaster
RetroRider,Frogger,37603,81,12,Casual
SegaSam,Frogger,51854,99,10,Casual
NeoGeo,Space Invaders,28106,92,20,Novice
SegaSam,Frogger,31248,66,4,Casual
KongKiller,Galaga,86123,80,31,Pro Gamer
SegaSam,Frogger,68053,80,43,Casual
ChompQueen,Donkey Kong,98014,65,36,Pro Gamer
KongKiller,Space Invaders,27778,66,46,Novice
NeoGeo,Galaga,151868,77,18,Grandmaster
NeoGeo,Frogger,82201,90,35,Pro Gamer
ChompQueen,Donkey Kong,70612,74,23,Casual
KongKiller,Pac-Man,49928,80,15,Casual
KongKiller,Donkey Kong,53749,79,12,Casual
ChompQueen,Space Invaders,32000,99,28,Casual
BlipBlop,Pac-Man,25471,80,9,Novice
PixelPete,Space Invaders,154767,93,15,Grandmaster
PixelPete,Space Invaders,150412,83,20,Grandmaster
SegaSam,Galaga,90239,75,4,Pro Gamer
SegaSam,Frogger,102724,77,40,Pro Gamer
BlipBlop,Galaga,49157,88,21,Casual
ChompQueen,Pac-Man,96997,68,28,Pro Gamer
SegaSam,Frogger,135807,84,42,Grandmaster
PixelPete,Frogger,103817,69,36,Pro Gamer
PixelPete,Donkey Kong,7485,98,35,Novice
KongKiller,Donkey Kong,116265,90,6,Pro Gamer
RetroRider,Galaga,60201,98,27,Casual
SegaSam,Space Invaders,149207,77,9,Grandmaster
RetroRider,Donkey Kong,139866,78,41,Grandmaster
RetroRider,Frogger,99281,75,34,Pro Gamer
KongKiller,Donkey Kong,21771,78,18,Novice
PixelPete,Space Invaders,69577,60,25,Casual
PixelPete,Pac-Man,39825,66,39,Casual
KongKiller,Galaga,154617,90,17,Grandmaster
KongKiller,Frogger,11217,98,16,Novice
PixelPete,Donkey Kong,128475,94,46,Grandmaster
RetroRider,Space Invaders,152376,72,44,Grandmaster
ChompQueen,Galaga,151535,72,13,Grandmaster
ChompQueen,Frogger,22157,68,5,Novice
ChompQueen,Frogger,144557,62,41,Grandmaster
RetroRider,Galaga,53433,82,22,Casual
NeoGeo,Pac-Man,152625,97,17,Grandmaster
ChompQueen,Space Invaders,130368,85,3,Grandmaster
NeoGeo,Frogger,146366,86,26,Grandmaster
RetroRider,Frogger,123312,77,37,Grandmaster
ChompQueen,Pac-Man,16755,68,21,Novice
SegaSam,Galaga,19118,77,22,Novice
SegaSam,Donkey Kong,51906,96,33,Casual
BlipBlop,Donkey Kong,78281,75,12,Casual
KongKiller,Pac-Man,54759,62,40,Casual
BlipBlop,Pac-Man,133375,89,15,Grandmaster
PixelPete,Galaga,104893,85,32,Pro Gamer
ChompQueen,Pac-Man,137060,83,11,Grandmaster
BlipBlop,Frogger,124004,92,33,Grandmaster
ChompQueen,Donkey Kong,143642,77,43,Grandmaster
BlipBlop,Galaga,24022,76,44,Novice
RetroRider,Frogger,81314,90,32,Pro Gamer
ChompQueen,Galaga,69056,66,6,Casual
PixelPete,Donkey Kong,28968,99,31,Novice
BlipBlop,Pac-Man,77621,65,17,Casual
SegaSam,Pac-Man,46038,63,15,Casual
RetroRider,Galaga,62182,96,43,Casual
RetroRider,Pac-Man,22184,90,29,Novice
ChompQueen,Pac-Man,135318,89,42,Grandmaster
PixelPete,Donkey Kong,154133,72,40,Grandmaster
NeoGeo,Space Invaders,145602,67,11,Grandmaster
SegaSam,Galaga,108101,65,14,Pro Gamer
NeoGeo,Pac-Man,140277,97,39,Grandmaster
RetroRider,Donkey Kong,18742,74,17,Novice
ChompQueen,Donkey Kong,63568,93,46,Casual
NeoGeo,Space Invaders,76690,98,21,Casual
SegaSam,Galaga,109072,85,45,Pro Gamer
PixelPete,Space Invaders,82355,71,12,Pro Gamer
BlipBlop,Pac-Man,97009,72,32,Pro Gamer
PixelPete,Frogger,68335,76,39,Casual
NeoGeo,Space Invaders,137480,90,36,Grandmaster
SegaSam,Donkey Kong,6519,80,6,Novice
PixelPete,Donkey Kong,93031,88,45,Pro Gamer
RetroRider,Galaga,79426,98,40,Casual
RetroRider,Donkey Kong,132945,71,32,Grandmaster
KongKiller,Donkey Kong,87519,66,21,Pro Gamer
SegaSam,Galaga,130517,69,39,Grandmaster
KongKiller,Frogger,74752,97,33,Casual
NeoGeo,Space Invaders,8494,88,5,Novice
KongKiller,Space Invaders,68890,87,36,Casual
KongKiller,Space Invaders,64352,67,33,Casual
NeoGeo,Donkey Kong,24593,69,9,Novice
ChompQueen,Galaga,10695,88,37,Novice
BlipBlop,Frogger,131290,89,30,Grandmaster
BlipBlop,Space Invaders,56129,99,33,Casual
BlipBlop,Galaga,144128,73,12,Grandmaster
ChompQueen,Pac-Man,66708,95,10,Casual
KongKiller,Galaga,39265,92,21,Casual
KongKiller,Donkey Kong,150833,95,18,Grandmaster
BlipBlop,Donkey Kong,146474,92,30,Grandmaster
RetroRider,Space Invaders,10143,65,12,Novice
KongKiller,Pac-Man,151140,85,35,Grandmaster
BlipBlop,Donkey Kong,141052,95,2,Grandmaster
KongKiller,Space Invaders,40843,93,14,Casual
BlipBlop,Galaga,62982,86,23,Casual
NeoGeo,Donkey Kong,108924,94,37,Pro Gamer
KongKiller,Donkey Kong,115072,98,37,Pro Gamer
RetroRider,Space Invaders,18708,80,4,Novice
RetroRider,Pac-Man,9447,68,38,Novice
NeoGeo,Donkey Kong,11921,73,22,Novice
ChompQueen,Frogger,122331,91,5,Grandmaster
BlipBlop,Galaga,33192,96,8,Casual
PixelPete,Frogger,69411,83,23,Casual
ChompQueen,Galaga,108590,72,42,Pro Gamer
SegaSam,Donkey Kong,50561,71,19,Casual
PixelPete,Donkey Kong,139930,97,31,Grandmaster
PixelPete,Frogger,26268,91,8,Novice
NeoGeo,Pac-Man,110400,74,11,Pro Gamer
NeoGeo,Pac-Man,139764,86,8,Grandmaster
KongKiller,Frogger,153938,62,25,Grandmaster
ChompQueen,Pac-Man,18952,88,9,Novice
SegaSam,Frogger,137160,91,31,Grandmaster
SegaSam,Donkey Kong,19115,64,7,Novice
PixelPete,Pac-Man,48534,78,3,Casual
SegaSam,Galaga,40060,79,30,Casual
KongKiller,Pac-Man,48341,63,4,Casual
NeoGeo,Frogger,70812,68,38,Casual
NeoGeo,Pac-Man,92066,94,35,Pro Gamer
ChompQueen,Donkey Kong,82146,61,38,Pro Gamer
ChompQueen,Pac-Man,58747,69,27,Casual
KongKiller,Pac-Man,52242,87,41,Casual
BlipBlop,Galaga,48209,63,11,Casual
KongKiller,Space Invaders,116596,89,7,Pro Gamer
RetroRider,Frogger,100175,80,6,Pro Gamer
KongKiller,Galaga,110713,70,18,Pro Gamer
PixelPete,Donkey Kong,66801,77,38,Casual
KongKiller,Donkey Kong,10095,68,39,Novice
PixelPete,Donkey Kong,45913,78,29,Casual
PixelPete,Galaga,125005,73,27,Grandmaster
RetroRider,Frogger,60611,80,9,Casual
NeoGeo,Pac-Man,139618,79,30,Grandmaster
BlipBlop,Donkey Kong,82673,88,16,Pro Gamer
KongKiller,Space Invaders,84863,86,31,Pro Gamer
NeoGeo,Donkey Kong,15274,64,16,Novice
NeoGeo,Galaga,76477,81,46,Casual
ChompQueen,Pac-Man,6259,86,27,Novice
ChompQueen,Frogger,8529,61,41,Novice
SegaSam,Pac-Man,25800,77,27,Novice
RetroRider,Pac-Man,96771,63,40,Pro Gamer
PixelPete,Donkey Kong,94492,97,7,Pro Gamer
PixelPete,Donkey Kong,78502,69,15,Casual
NeoGeo,Pac-Man,76949,80,39,Casual
RetroRider,Galaga,96201,80,14,Pro Gamer
KongKiller,Space Invaders,57068,94,24,Casual
KongKiller,Galaga,93667,83,25,Pro Gamer
PixelPete,Frogger,150760,84,22,Grandmaster
KongKiller,Galaga,84773,98,38,Pro Gamer
ChompQueen,Donkey Kong,42115,93,11,Casual
BlipBlop,Frogger,27985,68,20,Novice
BlipBlop,Space Invaders,126028,94,8,Grandmaster
BlipBlop,Donkey Kong,75185,83,32,Casual
SegaSam,Donkey Kong,154964,66,12,Grandmaster
KongKiller,Galaga,24377,73,19,Novice
KongKiller,Space Invaders,74445,96,4,Casual
PixelPete,Pac-Man,122806,62,8,Grandmaster
RetroRider,Frogger,27301,80,46,Novice
SegaSam,Pac-Man,136055,89,17,Grandmaster
PixelPete,Donkey Kong,110409,68,39,Pro Gamer
NeoGeo,Donkey Kong,60673,82,10,Casual
KongKiller,Space Invaders,14157,87,4,Novice
NeoGeo,Pac-Man,45257,63,34,Casual
BlipBlop,Frogger,45264,99,4,Casual
ChompQueen,Donkey Kong,45362,70,26,Casual
RetroRider,Donkey Kong,37093,71,35,Casual
NeoGeo,Space Invaders,97214,85,40,Pro Gamer
BlipBlop,Frogger,60357,68,23,Casual
BlipBlop,Donkey Kong,39352,85,14,Casual
PixelPete,Frogger,55144,90,37,Casual
NeoGeo,Frogger,111863,77,5,Pro Gamer
ChompQueen,Frogger,125979,98,39,Grandmaster
KongKiller,Frogger,26439,62,22,Novice
RetroRider,Frogger,23444,94,42,Novice
RetroRider,Space Invaders,49994,79,42,Casual
PixelPete,Pac-Man,127993,76,40,Grandmaster
PixelPete,Frogger,76259,86,33,Casual
RetroRider,Galaga,39127,87,28,Casual
KongKiller,Galaga,39962,99,6,Casual
RetroRider,Pac-Man,38919,66,18,Casual
SegaSam,Donkey Kong,8819,80,21,Novice
KongKiller,Pac-Man,98724,73,8,Pro Gamer
KongKiller,Pac-Man,121505,94,39,Grandmaster
PixelPete,Donkey Kong,18240,62,11,Novice
RetroRider,Donkey Kong,118159,94,23,Pro Gamer
RetroRider,Donkey Kong,118076,70,26,Pro Gamer
NeoGeo,Galaga,38871,85,40,Casual
ChompQueen,Pac-Man,63966,96,44,Casual
BlipBlop,Space Invaders,103219,91,26,Pro Gamer
PixelPete,Frogger,48966,73,29,Casual
ChompQueen,Galaga,138264,96,21,Grandmaster
RetroRider,Pac-Man,77666,71,14,Casual
SegaSam,Pac-Man,45275,67,16,Casual
KongKiller,Donkey Kong,100344,94,22,Pro Gamer
PixelPete,Galaga,89315,81,24,Pro Gamer
SegaSam,Frogger,56618,61,43,Casual
SegaSam,Pac-Man,137349,75,38,Grandmaster
RetroRider,Space Invaders,12795,64,3,Novice
BlipBlop,Galaga,42278,93,45,Casual
BlipBlop,Space Invaders,74521,60,37,Casual
RetroRider,Frogger,36851,89,11,Casual
SegaSam,Pac-Man,105484,77,27,Pro Gamer
BlipBlop,Pac-Man,24804,60,44,Novice
ChompQueen,Pac-Man,144179,78,27,Grandmaster
NeoGeo,Galaga,77830,82,45,Casual
BlipBlop,Space Invaders,136086,81,31,Grandmaster
ChompQueen,Galaga,95504,72,26,Pro Gamer
NeoGeo,Galaga,118478,72,30,Pro Gamer
BlipBlop,Galaga,108037,86,28,Pro Gamer
ChompQueen,Pac-Man,94330,69,11,Pro Gamer
ChompQueen,Pac-Man,102415,88,21,Pro Gamer
PixelPete,Space Invaders,122739,63,10,Grandmaster
SegaSam,Galaga,31428,70,34,Casual
RetroRider,Galaga,10344,65,24,Novice
KongKiller,Galaga,71722,99,15,Casual
SegaSam,Space Invaders,37644,73,12,Casual
BlipBlop,Galaga,145518,79,4,Grandmaster
RetroRider,Galaga,61827,99,6,Casual
BlipBlop,Donkey Kong,144634,82,16,Grandmaster
BlipBlop,Frogger,21157,87,28,Novice
NeoGeo,Donkey Kong,21197,64,18,Novice
NeoGeo,Donkey Kong,44802,92,3,Casual
ChompQueen,Donkey Kong,57003,83,38,Casual
ChompQueen,Frogger,90603,65,3,Pro Gamer
RetroRider,Frogger,105661,89,27,Pro Gamer
KongKiller,Galaga,18618,77,19,Novice
ChompQueen,Galaga,111723,80,39,Pro Gamer
NeoGeo,Donkey Kong,67600,91,26,Casual
ChompQueen,Galaga,56877,100,32,Casual
NeoGeo,Donkey Kong,89349,89,44,Pro Gamer
NeoGeo,Frogger,152441,90,22,Grandmaster
RetroRider,Pac-Man,137350,86,34,Grandmaster
BlipBlop,Space Invaders,140654,73,35,Grandmaster
NeoGeo,Galaga,119615,91,4,Pro Gamer
KongKiller,Frogger,80918,69,7,Pro Gamer
ChompQueen,Galaga,74560,83,43,Casual
KongKiller,Pac-Man,145778,74,29,Grandmaster
ChompQueen,Space Invaders,50100,80,31,Casual
PixelPete,Donkey Kong,92168,85,35,Pro Gamer
RetroRider,Donkey Kong,6933,65,8,Novice
PixelPete,Space Invaders,98494,76,21,Pro Gamer
RetroRider,Frogger,130356,92,42,Grandmaster
SegaSam,Donkey Kong,151058,93,15,Grandmaster
PixelPete,Donkey Kong,12781,70,30,Novice
KongKiller,Galaga,46506,61,38,Casual
RetroRider,Pac-Man,57487,96,15,Casual
SegaSam,Space Invaders,124734,61,11,Grandmaster
RetroRider,Space Invaders,93842,67,30,Pro Gamer
NeoGeo,Galaga,148461,91,33,Grandmaster
ChompQueen,Galaga,79306,92,43,Casual
RetroRider,Donkey Kong,102388,87,23,Pro Gamer
NeoGeo,Frogger,124304,85,2,Grandmaster
PixelPete,Frogger,17106,81,42,Novice
PixelPete,Space Invaders,32153,70,39,Casual
SegaSam,Donkey Kong,136577,77,43,Grandmaster
BlipBlop,Pac-Man,125366,96,38,Grandmaster
KongKiller,Donkey Kong,121622,68,35,Grandmaster
PixelPete,Frogger,24947,79,28,Novice
KongKiller,Space Invaders,61281,88,4,Casual
RetroRider,Pac-Man,7028,87,44,Novice
PixelPete,Donkey Kong,48040,62,36,Casual
ChompQueen,Donkey Kong,124242,93,29,Grandmaster
KongKiller,Donkey Kong,80757,82,11,Pro Gamer
NeoGeo,Frogger,14028,75,4,Novice
SegaSam,Galaga,78105,78,2,Casual
PixelPete,Pac-Man,80481,62,27,Pro Gamer
ChompQueen,Frogger,103087,92,16,Pro Gamer
BlipBlop,Galaga,61842,71,37,Casual
ChompQueen,Frogger,12698,81,23,Novice
ChompQueen,Space Invaders,107532,84,9,Pro Gamer
NeoGeo,Pac-Man,6370,91,6,Novice
KongKiller,Galaga,23484,72,7,Novice
RetroRider,Frogger,93169,92,38,Pro Gamer
RetroRider,Frogger,51396,98,16,Casual
RetroRider,Donkey Kong,18307,71,25,Novice
KongKiller,Pac-Man,8339,78,11,Novice
NeoGeo,Galaga,12964,71,40,Novice
NeoGeo,Donkey Kong,96778,95,40,Pro Gamer
BlipBlop,Space Invaders,41724,62,10,Casual
SegaSam,Space Invaders,21121,65,40,Novice
RetroRider,Galaga,73196,67,12,Casual
SegaSam,Galaga,49487,85,40,Casual
NeoGeo,Space Invaders,72804,66,28,Casual
NeoGeo,Space Invaders,154817,67,15,Grandmaster
PixelPete,Frogger,13556,83,25,Novice
PixelPete,Pac-Man,30699,67,40,Casual
SegaSam,Frogger,131112,88,3,Grandmaster
PixelPete,Space Invaders,89443,77,27,Pro Gamer
PixelPete,Frogger,29801,69,41,Novice
KongKiller,Donkey Kong,17811,80,21,Novice
NeoGeo,Frogger,103269,70,24,Pro Gamer
PixelPete,Donkey Kong,83909,94,40,Pro Gamer
ChompQueen,Pac-Man,66232,98,22,Casual
RetroRider,Space Invaders,108818,71,22,Pro Gamer
RetroRider,Pac-Man,90220,85,16,Pro Gamer
NeoGeo,Donkey Kong,9420,85,32,Novice
RetroRider,Galaga,98628,84,40,Pro Gamer
KongKiller,Frogger,68226,82,44,Casual
ChompQueen,Space Invaders,142510,64,13,Grandmaster
NeoGeo,Space Invaders,149625,81,26,Grandmaster
RetroRider,Pac-Man,74814,98,28,Casual
ChompQueen,Frogger,55696,99,8,Casual
ChompQueen,Galaga,153566,85,33,Grandmaster
RetroRider,Frogger,47957,71,27,Casual
SegaSam,Galaga,94907,93,33,Pro Gamer
RetroRider,Space Invaders,77948,64,14,Casual
PixelPete,Galaga,9475,97,38,Novice
KongKiller,Pac-Man,105319,76,37,Pro Gamer
BlipBlop,Donkey Kong,115026,84,2,Pro Gamer
ChompQueen,Galaga,103287,71,11,Pro Gamer
KongKiller,Donkey Kong,7331,90,26,Novice
BlipBlop,Frogger,117049,79,30,Pro Gamer
KongKiller,Pac-Man,74699,97,16,Casual
BlipBlop,Space Invaders,136708,83,25,Grandmaster
BlipBlop,Space Invaders,10154,90,34,Novice
SegaSam,Galaga,31943,66,19,Casual
NeoGeo,Frogger,146258,65,37,Grandmaster
KongKiller,Frogger,129752,63,6,Grandmaster
PixelPete,Pac-Man,148897,65,2,Grandmaster
NeoGeo,Pac-Man,17920,68,21,Novice
KongKiller,Donkey Kong,108691,86,32,Pro Gamer
RetroRider,Space Invaders,145339,75,45,Grandmaster
ChompQueen,Pac-Man,47176,89,22,Casual
RetroRider,Galaga,146179,97,20,Grandmaster
SegaSam,Galaga,90252,84,21,Pro Gamer
KongKiller,Space Invaders,129717,66,6,Grandmaster
KongKiller,Donkey Kong,114877,78,40,Pro Gamer
NeoGeo,Frogger,123876,82,20,Grandmaster
BlipBlop,Galaga,63887,72,12,Casual
NeoGeo,Galaga,8642,64,34,Novice
KongKiller,Space Invaders,76051,93,23,Casual
NeoGeo,Space Invaders,150566,77,43,Grandmaster
ChompQueen,Frogger,72942,64,28,Casual
PixelPete,Donkey Kong,134511,88,16,Grandmaster
KongKiller,Galaga,108893,74,41,Pro Gamer
SegaSam,Donkey Kong,125231,66,13,Grandmaster
NeoGeo,Space Invaders,36221,84,5,Casual
BlipBlop,Space Invaders,121163,98,17,Grandmaster
PixelPete,Frogger,113120,71,3,Pro Gamer
PixelPete,Frogger,141367,64,19,Grandmaster
BlipBlop,Pac-Man,43444,70,41,Casual
BlipBlop,Galaga,15544,69,17,Novice
ChompQueen,Galaga,125285,64,21,Grandmaster
PixelPete,Space Invaders,150090,72,11,Grandmaster
BlipBlop,Donkey Kong,139499,70,9,Grandmaster
SegaSam,Donkey Kong,70792,94,8,Casual
PixelPete,Frogger,74982,66,15,Casual
NeoGeo,Donkey Kong,117458,76,33,Pro Gamer
KongKiller,Frogger,128380,92,11,Grandmaster
RetroRider,Frogger,42817,81,26,Casual
PixelPete,Frogger,14797,69,4,Novice
KongKiller,Galaga,25246,87,14,Novice
BlipBlop,Galaga,121989,71,29,Grandmaster
ChompQueen,Galaga,97818,87,7,Pro Gamer
ChompQueen,Frogger,44392,68,29,Casual
NeoGeo,Galaga,113183,96,10,Pro Gamer
PixelPete,Donkey Kong,140868,82,28,Grandmaster
SegaSam,Pac-Man,48395,71,22,Casual
SegaSam,Galaga,41864,82,41,Casual
RetroRider,Frogger,147254,81,23,Grandmaster
NeoGeo,Pac-Man,38730,90,19,Casual
ChompQueen,Frogger,108882,84,7,Pro Gamer
ChompQueen,Pac-Man,136126,63,43,Grandmaster
KongKiller,Pac-Man,102871,75,3,Pro Gamer
BlipBlop,Galaga,10538,63,11,Novice
NeoGeo,Frogger,151113,79,38,Grandmaster
NeoGeo,Space Invaders,139629,69,37,Grandmaster
NeoGeo,Galaga,52458,85,44,Casual
BlipBlop,Frogger,72551,99,29,Casual
BlipBlop,Donkey Kong,11762,80,11,Novice
SegaSam,Donkey Kong,152444,66,10,Grandmaster
PixelPete,Pac-Man,129221,75,44,Grandmaster
KongKiller,Donkey Kong,132218,60,10,Grandmaster
NeoGeo,Pac-Man,135100,87,29,Grandmaster
BlipBlop,Galaga,70481,93,14,Casual
ChompQueen,Space Invaders,139076,88,41,Grandmaster
ChompQueen,Frogger,63962,78,28,Casual
NeoGeo,Donkey Kong,121051,98,16,Grandmaster
RetroRider,Donkey Kong,69576,84,38,Casual
NeoGeo,Galaga,41266,92,14,Casual
PixelPete,Pac-Man,121346,81,10,Grandmaster
RetroRider,Frogger,67652,84,20,Casual
PixelPete,Galaga,90058,93,17,Pro Gamer
ChompQueen,Galaga,26958,93,10,Novice
SegaSam,Donkey Kong,130016,62,11,Grandmaster
KongKiller,Space Invaders,137471,65,21,Grandmaster
SegaSam,Space Invaders,40471,89,6,Casual
NeoGeo,Pac-Man,25287,77,10,Novice
BlipBlop,Pac-Man,66513,82,34,Casual
BlipBlop,Galaga,20741,94,2,Novice
PixelPete,Galaga,147053,97,20,Grandmaster
KongKiller,Frogger,122897,100,45,Grandmaster
NeoGeo,Frogger,54934,81,31,Casual
BlipBlop,Space Invaders,65024,93,32,Casual
ChompQueen,Galaga,82575,78,10,Pro Gamer
PixelPete,Pac-Man,98654,87,38,Pro Gamer
KongKiller,Galaga,25362,97,32,Novice
ChompQueen,Galaga,72542,84,27,Casual
PixelPete,Space Invaders,10464,91,31,Novice
ChompQueen,Pac-Man,103542,68,38,Pro Gamer
NeoGeo,Donkey Kong,31034,63,42,Casual
PixelPete,Donkey Kong,81615,69,42,Pro Gamer
PixelPete,Donkey Kong,38406,87,19,Casual
KongKiller,Pac-Man,60016,93,30,Casual
PixelPete,Pac-Man,130692,71,33,Grandmaster
KongKiller,Space Invaders,15251,90,11,Novice
SegaSam,Space Invaders,42792,79,35,Casual
KongKiller,Pac-Man,19943,75,23,Novice
SegaSam,Frogger,137146,80,11,Grandmaster
KongKiller,Donkey Kong,37421,68,31,Casual
ChompQueen,Frogger,7872,88,15,Novice
KongKiller,Pac-Man,115207,72,32,Pro Gamer
NeoGeo,Galaga,25605,82,43,Novice
BlipBlop,Frogger,16307,77,36,Novice
ChompQueen,Galaga,93850,90,21,Pro Gamer
PixelPete,Space Invaders,148670,62,3,Grandmaster
PixelPete,Frogger,55698,73,12,Casual
PixelPete,Space Invaders,101036,79,42,Pro Gamer
ChompQueen,Galaga,148292,96,40,Grandmaster
PixelPete,Donkey Kong,151837,72,38,Grandmaster
PixelPete,Galaga,120017,71,17,Grandmaster
KongKiller,Space Invaders,19361,73,25,Novice
SegaSam,Space Invaders,152557,78,44,Grandmaster
KongKiller,Galaga,68068,90,20,Casual
SegaSam,Space Invaders,45857,96,7,Casual
RetroRider,Pac-Man,105022,81,40,Pro Gamer
ChompQueen,Space Invaders,91670,83,12,Pro Gamer
ChompQueen,Frogger,81306,74,10,Pro Gamer
ChompQueen,Space Invaders,16646,65,15,Novice
PixelPete,Frogger,59471,71,10,Casual
PixelPete,Galaga,39541,64,38,Casual
PixelPete,Donkey Kong,6291,85,10,Novice
RetroRider,Pac-Man,28293,74,24,Novice
NeoGeo,Pac-Man,52723,73,17,Casual
KongKiller,Donkey Kong,29293,87,27,Novice
ChompQueen,Galaga,79400,93,20,Casual
PixelPete,Pac-Man,148451,78,13,Grandmaster
ChompQueen,Pac-Man,151485,72,19,Grandmaster
KongKiller,Space Invaders,126376,81,41,Grandmaster
BlipBlop,Space Invaders,17028,69,31,Novice
SegaSam,Galaga,59017,92,18,Casual
PixelPete,Galaga,63454,75,16,Casual
KongKiller,Frogger,94638,81,5,Pro Gamer
BlipBlop,Space Invaders,99538,76,43,Pro Gamer
SegaSam,Space Invaders,58659,83,25,Casual
ChompQueen,Space Invaders,32413,61,28,Casual
ChompQueen,Donkey Kong,13948,92,11,Novice
ChompQueen,Donkey Kong,91520,63,17,Pro Gamer
BlipBlop,Donkey Kong,73357,78,43,Casual
SegaSam,Pac-Man,105008,75,44,Pro Gamer
KongKiller,Space Invaders,107551,93,4,Pro Gamer
BlipBlop,Space Invaders,49887,62,37,Casual
KongKiller,Space Invaders,21669,69,21,Novice
BlipBlop,Space Invaders,11377,87,6,Novice
PixelPete,Galaga,119606,92,18,Pro Gamer
KongKiller,Donkey Kong,96113,67,5,Pro Gamer
ChompQueen,Pac-Man,84717,66,31,Pro Gamer
PixelPete,Space Invaders,70795,89,30,Casual
KongKiller,Pac-Man,36164,91,25,Casual
NeoGeo,Galaga,32971,61,34,Casual
KongKiller,Pac-Man,74935,77,8,Casual
PixelPete,Donkey Kong,18954,97,11,Novice
SegaSam,Donkey Kong,11900,82,45,Novice
KongKiller,Frogger,92369,80,8,Pro Gamer
ChompQueen,Space Invaders,76439,87,15,Casual
NeoGeo,Frogger,93327,79,16,Pro Gamer
SegaSam,Frogger,125667,63,28,Grandmaster
ChompQueen,Pac-Man,47134,96,28,Casual
RetroRider,Pac-Man,152885,79,5,Grandmaster
RetroRider,Pac-Man,61082,89,24,Casual
RetroRider,Space Invaders,151667,95,41,Grandmaster
NeoGeo,Galaga,135273,80,43,Grandmaster
BlipBlop,Frogger,31481,65,13,Casual
ChompQueen,Frogger,20223,85,18,Novice
BlipBlop,Pac-Man,102611,97,37,Pro Gamer
SegaSam,Pac-Man,107617,92,11,Pro Gamer
KongKiller,Pac-Man,104958,65,37,Pro Gamer
ChompQueen,Frogger,79394,81,41,Casual
RetroRider,Space Invaders,20096,63,41,Novice
ChompQueen,Galaga,64739,77,40,Casual
KongKiller,Donkey Kong,98272,81,15,Pro Gamer
KongKiller,Donkey Kong,5451,89,15,Novice
RetroRider,Donkey Kong,34344,69,19,Casual
KongKiller,Donkey Kong,12095,64,15,Novice
SegaSam,Galaga,91294,62,15,Pro Gamer
BlipBlop,Donkey Kong,122532,88,28,Grandmaster
NeoGeo,Space Invaders,98826,79,40,Pro Gamer
ChompQueen,Donkey Kong,60472,94,10,Casual
RetroRider,Frogger,26473,65,29,Novice
SegaSam,Space Invaders,104887,73,13,Pro Gamer
BlipBlop,Pac-Man,15175,62,6,Novice
SegaSam,Pac-Man,47393,74,26,Casual
ChompQueen,Frogger,50131,95,21,Casual
NeoGeo,Frogger,78097,65,5,Casual
PixelPete,Frogger,11941,82,21,Novice
PixelPete,Galaga,50865,75,38,Casual
RetroRider,Frogger,93634,98,9,Pro Gamer
SegaSam,Pac-Man,63170,89,23,Casual
KongKiller,Donkey Kong,138104,90,31,Grandmaster
NeoGeo,Galaga,72320,72,14,Casual
PixelPete,Space Invaders,139564,90,40,Grandmaster
KongKiller,Galaga,15386,98,43,Novice
NeoGeo,Pac-Man,31095,78,18,Casual
ChompQueen,Frogger,22408,97,28,Novice
BlipBlop,Space Invaders,136665,97,46,Grandmaster
BlipBlop,Frogger,26542,92,11,Novice
BlipBlop,Space Invaders,42557,63,43,Casual
RetroRider,Donkey Kong,149750,69,38,Grandmaster
BlipBlop,Donkey Kong,53044,73,25,Casual
PixelPete,Donkey Kong,84178,75,8,Pro Gamer
BlipBlop,Donkey Kong,115574,74,10,Pro Gamer
PixelPete,Pac-Man,109271,95,18,Pro Gamer
ChompQueen,Space Invaders,67291,81,3,Casual
NeoGeo,Pac-Man,12366,67,27,Novice
PixelPete,Frogger,121535,95,45,Grandmaster
BlipBlop,Pac-Man,69164,93,31,Casual
PixelPete,Donkey Kong,87723,97,39,Pro Gamer
NeoGeo,Donkey Kong,72218,92,44,Casual
ChompQueen,Pac-Man,98583,64,26,Pro Gamer
NeoGeo,Frogger,35959,82,22,Casual
RetroRider,Space Invaders,87925,72,28,Pro Gamer
SegaSam,Frogger,39794,97,21,Casual
KongKiller,Frogger,59713,72,43,Casual
ChompQueen,Space Invaders,91916,81,14,Pro Gamer
KongKiller,Pac-Man,124108,61,43,Grandmaster
ChompQueen,Donkey Kong,112274,77,19,Pro Gamer
PixelPete,Frogger,76800,88,4,Casual
ChompQueen,Frogger,134529,88,40,Grandmaster
RetroRider,Frogger,134613,84,21,Grandmaster
SegaSam,Pac-Man,80619,81,14,Pro Gamer
BlipBlop,Galaga,90314,78,5,Pro Gamer
RetroRider,Pac-Man,100367,98,25,Pro Gamer
SegaSam,Donkey Kong,69735,69,40,Casual
BlipBlop,Frogger,29470,92,39,Novice
RetroRider,Space Invaders,29254,66,29,Novice
KongKiller,Frogger,118384,70,17,Pro Gamer
PixelPete,Space Invaders,85177,95,3,Pro Gamer
ChompQueen,Space Invaders,126589,92,46,Grandmaster
PixelPete,Donkey Kong,150478,78,34,Grandmaster
BlipBlop,Pac-Man,145104,88,34,Grandmaster
PixelPete,Frogger,18087,86,7,Novice
RetroRider,Galaga,116285,64,9,Pro Gamer
PixelPete,Space Invaders,77918,96,46,Casual
SegaSam,Pac-Man,105820,72,29,Pro Gamer
SegaSam,Frogger,153870,86,18,Grandmaster
ChompQueen,Donkey Kong,90375,96,30,Pro Gamer
PixelPete,Pac-Man,146516,66,5,Grandmaster
NeoGeo,Donkey Kong,94966,63,28,Pro Gamer
PixelPete,Galaga,99996,73,5,Pro Gamer
RetroRider,Galaga,80355,93,23,Pro Gamer
BlipBlop,Frogger,25199,96,10,Novice
PixelPete,Frogger,154607,71,28,Grandmaster
PixelPete,Frogger,49665,87,19,Casual
PixelPete,Galaga,8204,96,21,Novice
SegaSam,Donkey Kong,121681,91,45,Grandmaster
ChompQueen,Donkey Kong,87564,99,3,Pro Gamer
NeoGeo,Galaga,120577,86,42,Grandmaster
BlipBlop,Space Invaders,93327,90,9,Pro Gamer
BlipBlop,Pac-Man,104285,70,40,Pro Gamer
ChompQueen,Donkey Kong,139763,82,25,Grandmaster
PixelPete,Galaga,76720,88,26,Casual
BlipBlop,Space Invaders,141516,70,2,Grandmaster
SegaSam,Galaga,77770,71,40,Casual
SegaSam,Pac-Man,152620,73,46,Grandmaster
RetroRider,Donkey Kong,117109,87,4,Pro Gamer
NeoGeo,Frogger,17988,78,13,Novice
ChompQueen,Frogger,21263,62,7,Novice
SegaSam,Galaga,111265,63,32,Pro Gamer
ChompQueen,Donkey Kong,69865,81,18,Casual
KongKiller,Frogger,51003,72,43,Casual
KongKiller,Pac-Man,113957,90,35,Pro Gamer
BlipBlop,Frogger,72782,95,12,Casual
NeoGeo,Pac-Man,5446,69,39,Novice
NeoGeo,Donkey Kong,88772,62,10,Pro Gamer
SegaSam,Pac-Man,49481,81,9,Casual
SegaSam,Galaga,40290,90,30,Casual
ChompQueen,Space Invaders,106857,93,12,Pro Gamer
BlipBlop,Galaga,14920,84,38,Novice
KongKiller,Galaga,130696,64,45,Grandmaster
NeoGeo,Galaga,16221,96,38,Novice
BlipBlop,Pac-Man,43120,62,39,Casual
RetroRider,Donkey Kong,75999,71,41,Casual
ChompQueen,Pac-Man,76769,86,35,Casual
RetroRider,Frogger,12417,85,39,Novice
BlipBlop,Pac-Man,108813,75,24,Pro Gamer
KongKiller,Pac-Man,9685,89,10,Novice
PixelPete,Donkey Kong,86631,89,16,Pro Gamer
KongKiller,Pac-Man,47458,79,10,Casual
SegaSam,Galaga,67634,74,23,Casual
RetroRider,Pac-Man,144199,86,13,Grandmaster
PixelPete,Space Invaders,15373,80,46,Novice
SegaSam,Space Invaders,37382,62,43,Casual
ChompQueen,Space Invaders,108612,99,24,Pro Gamer
SegaSam,Frogger,61765,89,8,Casual
BlipBlop,Galaga,80889,97,39,Pro Gamer
ChompQueen,Space Invaders,73382,61,46,Casual
NeoGeo,Galaga,130841,76,38,Grandmaster
ChompQueen,Frogger,58430,74,3,Casual
NeoGeo,Space Invaders,124882,94,42,Grandmaster
KongKiller,Frogger,128491,89,20,Grandmaster
BlipBlop,Galaga,54009,76,16,Casual
RetroRider,Donkey Kong,100791,88,45,Pro Gamer
PixelPete,Space Invaders,136722,72,2,Grandmaster
NeoGeo,Space Invaders,126514,88,7,Grandmaster
BlipBlop,Space Invaders,125969,68,6,Grandmaster
RetroRider,Galaga,114677,82,4,Pro Gamer
RetroRider,Pac-Man,153621,86,20,Grandmaster
SegaSam,Galaga,137306,91,4,Grandmaster
BlipBlop,Donkey Kong,107356,83,40,Pro Gamer
RetroRider,Galaga,32063,90,20,Casual
ChompQueen,Pac-Man,88137,77,6,Pro Gamer
NeoGeo,Donkey Kong,11329,82,7,Novice
NeoGeo,Donkey Kong,109338,74,7,Pro Gamer
SegaSam,Space Invaders,31582,89,46,Casual
NeoGeo,Donkey Kong,9789,85,19,Novice
KongKiller,Pac-Man,12428,78,27,Novice
SegaSam,Pac-Man,7386,65,38,Novice
SegaSam,Pac-Man,78157,81,31,Casual
PixelPete,Frogger,55539,80,23,Casual
NeoGeo,Galaga,48716,75,27,Casual
BlipBlop,Pac-Man,117695,87,29,Pro Gamer
PixelPete,Galaga,78010,72,6,Casual
BlipBlop,Galaga,119374,97,24,Pro Gamer
KongKiller,Donkey Kong,44426,79,38,Casual
PixelPete,Frogger,123519,79,11,Grandmaster
RetroRider,Frogger,104356,69,37,Pro Gamer
KongKiller,Frogger,64533,89,25,Casual
RetroRider,Galaga,13260,68,17,Novice
NeoGeo,Donkey Kong,154944,60,30,Grandmaster
SegaSam,Frogger,75275,65,6,Casual
RetroRider,Pac-Man,147871,79,19,Grandmaster
NeoGeo,Donkey Kong,65406,82,29,Casual
BlipBlop,Space Invaders,52442,69,30,Casual
RetroRider,Space Invaders,136739,74,10,Grandmaster
SegaSam,Space Invaders,154933,88,5,Grandmaster
PixelPete,Donkey Kong,73899,74,19,Casual
SegaSam,Space Invaders,82200,74,36,Pro Gamer
BlipBlop,Frogger,30610,70,43,Casual
ChompQueen,Frogger,146276,98,22,Grandmaster
KongKiller,Donkey Kong,48290,95,20,Casual
PixelPete,Galaga,31096,61,18,Casual
NeoGeo,Pac-Man,105566,66,13,Pro Gamer
ChompQueen,Galaga,60521,98,10,Casual
SegaSam,Frogger,78227,83,5,Casual
KongKiller,Donkey Kong,72055,79,27,Casual
PixelPete,Donkey Kong,78753,80,41,Casual
BlipBlop,Galaga,73859,98,32,Casual
SegaSam,Pac-Man,146943,90,40,Grandmaster
NeoGeo,Frogger,94150,71,34,Pro Gamer
PixelPete,Pac-Man,89461,100,8,Pro Gamer
NeoGeo,Space Invaders,113845,83,8,Pro Gamer
NeoGeo,Space Invaders,144460,68,31,Grandmaster
BlipBlop,Pac-Man,84569,77,13,Pro Gamer
BlipBlop,Frogger,42632,71,33,Casual
BlipBlop,Space Invaders,69202,64,13,Casual
ChompQueen,Space Invaders,79455,74,4,Casual
NeoGeo,Pac-Man,134371,64,31,Grandmaster
KongKiller,Pac-Man,130138,80,18,Grandmaster
RetroRider,Pac-Man,32080,77,2,Casual
SegaSam,Pac-Man,47888,81,19,Casual
ChompQueen,Space Invaders,85931,83,8,Pro Gamer
KongKiller,Frogger,9531,100,35,Novice
SegaSam,Space Invaders,45574,65,5,Casual
NeoGeo,Galaga,102939,76,41,Pro Gamer
BlipBlop,Galaga,44266,77,13,Casual
ChompQueen,Space Invaders,69598,100,14,Casual
RetroRider,Pac-Man,43566,80,2,Casual
NeoGeo,Space Invaders,136570,73,33,Grandmaster
KongKiller,Frogger,143740,64,22,Grandmaster
SegaSam,Donkey Kong,63258,89,17,Casual
SegaSam,Space Invaders,20197,61,2,Novice
PixelPete,Frogger,145996,79,13,Grandmaster
NeoGeo,Donkey Kong,49947,73,45,Casual
BlipBlop,Pac-Man,102164,85,26,Pro Gamer
RetroRider,Donkey Kong,40311,71,13,Casual
KongKiller,Donkey Kong,139505,79,4,Grandmaster
KongKiller,Donkey Kong,44344,74,11,Casual
KongKiller,Pac-Man,65254,84,38,Casual
PixelPete,Space Invaders,51892,64,16,Casual
ChompQueen,Donkey Kong,49724,90,26,Casual
RetroRider,Frogger,125635,91,24,Grandmaster
KongKiller,Frogger,88892,74,14,Pro Gamer
NeoGeo,Galaga,40589,67,38,Casual
RetroRider,Frogger,112129,74,40,Pro Gamer
NeoGeo,Pac-Man,120622,66,14,Grandmaster
RetroRider,Pac-Man,38066,94,40,Casual
PixelPete,Space Invaders,84712,66,46,Pro Gamer
ChompQueen,Frogger,92533,99,35,Pro Gamer
ChompQueen,Pac-Man,8878,81,16,Novice
NeoGeo,Frogger,133959,70,15,Grandmaster
SegaSam,Galaga,117689,88,46,Pro Gamer
SegaSam,Pac-Man,54034,66,25,Casual
RetroRider,Pac-Man,98522,95,22,Pro Gamer
KongKiller,Space Invaders,127422,70,11,Grandmaster
KongKiller,Space Invaders,111047,72,40,Pro Gamer
NeoGeo,Space Invaders,28896,80,24,Novice
RetroRider,Donkey Kong,10267,94,7,Novice
ChompQueen,Space Invaders,74025,78,40,Casual
SegaSam,Frogger,91822,80,39,Pro Gamer
KongKiller,Pac-Man,140317,98,43,Grandmaster
RetroRider,Frogger,57979,84,3,Casual
ChompQueen,Galaga,77501,75,33,Casual
BlipBlop,Donkey Kong,116584,78,10,Pro Gamer
NeoGeo,Galaga,137111,94,29,Grandmaster
KongKiller,Frogger,149639,64,27,Grandmaster
KongKiller,Space Invaders,113169,67,26,Pro Gamer
BlipBlop,Space Invaders,64834,87,16,Casual
NeoGeo,Donkey Kong,87629,68,44,Pro Gamer
BlipBlop,Pac-Man,141998,85,36,Grandmaster
RetroRider,Pac-Man,50015,91,15,Casual
KongKiller,Space Invaders,72174,91,19,Casual
ChompQueen,Galaga,18146,72,20,Novice
NeoGeo,Space Invaders,121696,86,9,Grandmaster
PixelPete,Space Invaders,106002,89,24,Pro Gamer
BlipBlop,Galaga,134684,96,3,Grandmaster
BlipBlop,Space Invaders,122715,66,27,Grandmaster
RetroRider,Frogger,131215,97,35,Grandmaster
BlipBlop,Pac-Man,17302,83,28,Novice
SegaSam,Pac-Man,47904,73,41,Casual
NeoGeo,Frogger,64236,99,6,Casual
SegaSam,Donkey Kong,125538,83,26,Grandmaster
PixelPete,Frogger,135372,89,10,Grandmaster
PixelPete,Frogger,148544,77,29,Grandmaster
SegaSam,Pac-Man,154736,66,5,Grandmaster
NeoGeo,Galaga,128750,68,5,Grandmaster
BlipBlop,Donkey Kong,66340,62,4,Casual
ChompQueen,Pac-Man,23523,75,44,Novice
PixelPete,Galaga,45583,70,43,Casual
RetroRider,Frogger,106636,95,46,Pro Gamer
BlipBlop,Pac-Man,56130,82,11,Casual
RetroRider,Donkey Kong,34035,94,18,Casual
ChompQueen,Pac-Man,53430,97,19,Casual
KongKiller,Galaga,133639,66,24,Grandmaster
PixelPete,Space Invaders,82859,81,9,Pro Gamer
NeoGeo,Space Invaders,54797,95,9,Casual
ChompQueen,Donkey Kong,130371,83,40,Grandmaster
PixelPete,Donkey Kong,40395,74,9,Casual
BlipBlop,Space Invaders,81573,61,4,Pro Gamer
ChompQueen,Frogger,146684,67,46,Grandmaster
NeoGeo,Galaga,29990,73,24,Novice
KongKiller,Donkey Kong,83847,92,22,Pro Gamer
SegaSam,Donkey Kong,115371,65,46,Pro Gamer
RetroRider,Pac-Man,88514,96,30,Pro Gamer
PixelPete,Galaga,25457,78,2,Novice
KongKiller,Galaga,140108,86,3,Grandmaster
ChompQueen,Pac-Man,7606,91,35,Novice
BlipBlop,Pac-Man,132224,88,25,Grandmaster
KongKiller,Galaga,31850,68,46,Casual
RetroRider,Space Invaders,124509,79,19,Grandmaster
BlipBlop,Frogger,28230,94,9,Novice
KongKiller,Galaga,153626,98,22,Grandmaster
NeoGeo,Space Invaders,74629,76,34,Casual
KongKiller,Pac-Man,65950,80,31,Casual
BlipBlop,Pac-Man,124840,87,32,Grandmaster
PixelPete,Galaga,128005,88,3,Grandmaster
BlipBlop,Pac-Man,51707,64,14,Casual
PixelPete,Frogger,58790,98,5,Casual
SegaSam,Galaga,134414,81,41,Grandmaster
PixelPete,Pac-Man,29417,66,30,Novice
BlipBlop,Galaga,132918,84,14,Grandmaster
PixelPete,Donkey Kong,43261,83,6,Casual
ChompQueen,Pac-Man,73707,78,37,Casual
SegaSam,Donkey Kong,83263,94,26,Pro Gamer
PixelPete,Donkey Kong,95939,72,45,Pro Gamer
BlipBlop,Galaga,43326,97,25,Casual
RetroRider,Donkey Kong,143556,87,35,Grandmaster
BlipBlop,Galaga,51220,90,28,Casual
SegaSam,Donkey Kong,141936,96,21,Grandmaster
RetroRider,Frogger,34711,82,44,Casual
ChompQueen,Frogger,15472,76,40,Novice
BlipBlop,Galaga,144213,64,41,Grandmaster
ChompQueen,Frogger,26892,65,37,Novice
SegaSam,Frogger,12997,92,29,Novice
KongKiller,Galaga,21273,84,20,Novice
KongKiller,Pac-Man,151425,98,18,Grandmaster
ChompQueen,Galaga,150170,77,6,Grandmaster
RetroRider,Galaga,141257,63,8,Grandmaster
NeoGeo,Galaga,69818,78,15,Casual
BlipBlop,Galaga,91883,65,24,Pro Gamer
PixelPete,Donkey Kong,56270,91,17,Casual
ChompQueen,Space Invaders,152311,76,5,Grandmaster
NeoGeo,Space Invaders,90912,60,19,Pro Gamer
ChompQueen,Space Invaders,78358,77,12,Casual
RetroRider,Frogger,61390,91,22,Casual
RetroRider,Frogger,131826,88,46,Grandmaster
ChompQueen,Donkey Kong,62619,74,16,Casual
PixelPete,Galaga,24264,86,4,Novice
NeoGeo,Galaga,14180,95,35,Novice
BlipBlop,Donkey Kong,90001,97,31,Pro Gamer
PixelPete,Space Invaders,14634,60,45,Novice
KongKiller,Galaga,67208,97,10,Casual
KongKiller,Frogger,98823,81,4,Pro Gamer
BlipBlop,Pac-Man,81038,69,2,Pro Gamer
KongKiller,Donkey Kong,79250,98,28,Casual
SegaSam,Space Invaders,154017,85,35,Grandmaster
NeoGeo,Pac-Man,102486,84,18,Pro Gamer
BlipBlop,Galaga,147954,92,24,Grandmaster
NeoGeo,Donkey Kong,6664,72,19,Novice
BlipBlop,Galaga,58093,94,6,Casual
BlipBlop,Pac-Man,71678,90,41,Casual
BlipBlop,Donkey Kong,30635,93,10,Casual
SegaSam,Galaga,124291,63,9,Grandmaster
SegaSam,Donkey Kong,65515,82,31,Casual
ChompQueen,Donkey Kong,61135,65,27,Casual
NeoGeo,Frogger,38023,85,7,Casual
BlipBlop,Donkey Kong,42988,63,10,Casual
KongKiller,Donkey Kong,146442,80,22,Grandmaster
NeoGeo,Space Invaders,80139,87,10,Pro Gamer
BlipBlop,Frogger,121847,96,37,Grandmaster
ChompQueen,Pac-Man,7470,62,46,Novice
PixelPete,Donkey Kong,69452,87,3,Casual
RetroRider,Frogger,124023,90,13,Grandmaster
SegaSam,Donkey Kong,150765,86,27,Grandmaster
NeoGeo,Space Invaders,64022,82,32,Casual
BlipBlop,Pac-Man,56388,86,21,Casual
KongKiller,Frogger,48857,85,24,Casual
NeoGeo,Frogger,27246,90,42,Novice
NeoGeo,Donkey Kong,132197,63,29,Grandmaster
SegaSam,Donkey Kong,9785,95,36,Novice
NeoGeo,Donkey Kong,117593,93,35,Pro Gamer
NeoGeo,Pac-Man,121473,84,38,Grandmaster
BlipBlop,Frogger,57194,83,26,Casual
ChompQueen,Pac-Man,90274,81,15,Pro Gamer
KongKiller,Galaga,83217,91,4,Pro Gamer
KongKiller,Galaga,36575,67,18,Casual
ChompQueen,Donkey Kong,148361,69,14,Grandmaster
NeoGeo,Pac-Man,121321,72,13,Grandmaster
SegaSam,Galaga,57038,70,11,Casual
PixelPete,Space Invaders,93010,83,45,Pro Gamer
SegaSam,Pac-Man,54935,81,15,Casual
ChompQueen,Space Invaders,39608,74,46,Casual
BlipBlop,Donkey Kong,150381,86,38,Grandmaster
RetroRider,Pac-Man,15959,86,41,Novice
PixelPete,Frogger,38492,78,12,Casual
NeoGeo,Space Invaders,130751,77,38,Grandmaster
NeoGeo,Space Invaders,34175,91,11,Casual
KongKiller,Donkey Kong,80621,74,2,Pro Gamer
SegaSam,Donkey Kong,32529,73,9,Casual
SegaSam,Donkey Kong,23485,61,34,Novice
PixelPete,Donkey Kong,134726,70,20,Grandmaster
KongKiller,Donkey Kong,119524,70,17,Pro Gamer
SegaSam,Pac-Man,20672,87,42,Novice
NeoGeo,Space Invaders,12355,87,20,Novice
RetroRider,Pac-Man,142758,81,8,Grandmaster
RetroRider,Space Invaders,139375,78,34,Grandmaster
SegaSam,Galaga,80295,83,43,Pro Gamer
SegaSam,Donkey Kong,107717,86,46,Pro Gamer
SegaSam,Donkey Kong,28789,64,9,Novice
SegaSam,Pac-Man,16546,81,42,Novice
SegaSam,Pac-Man,114646,89,32,Pro Gamer
PixelPete,Frogger,26377,93,38,Novice
ChompQueen,Space Invaders,7916,99,22,Novice
KongKiller,Galaga,63941,90,20,Casual
NeoGeo,Donkey Kong,123548,98,29,Grandmaster
NeoGeo,Donkey Kong,64406,93,37,Casual
SegaSam,Frogger,116580,95,22,Pro Gamer
PixelPete,Space Invaders,21328,86,38,Novice
BlipBlop,Galaga,131887,93,40,Grandmaster
PixelPete,Donkey Kong,100679,71,13,Pro Gamer
RetroRider,Frogger,146635,69,20,Grandmaster
PixelPete,Donkey Kong,39262,74,32,Casual
PixelPete,Frogger,94066,75,24,Pro Gamer
KongKiller,Pac-Man,20806,63,28,Novice
SegaSam,Pac-Man,124205,65,43,Grandmaster
RetroRider,Frogger,42380,87,38,Casual
ChompQueen,Space Invaders,138573,95,5,Grandmaster
ChompQueen,Pac-Man,119842,79,5,Pro Gamer
RetroRider,Frogger,94828,77,25,Pro Gamer
NeoGeo,Frogger,41335,75,22,Casual
KongKiller,Pac-Man,116425,87,46,Pro Gamer
PixelPete,Space Invaders,110650,100,24,Pro Gamer
RetroRider,Frogger,92457,76,18,Pro Gamer
RetroRider,Frogger,105713,96,25,Pro Gamer
RetroRider,Donkey Kong,65121,85,35,Casual
NeoGeo,Pac-Man,58720,62,8,Casual
RetroRider,Pac-Man,89865,75,14,Pro Gamer
SegaSam,Pac-Man,89053,69,12,Pro Gamer
BlipBlop,Galaga,71139,82,23,Casual
ChompQueen,Donkey Kong,36872,78,20,Casual
ChompQueen,Space Invaders,81234,98,3,Pro Gamer
BlipBlop,Frogger,101231,85,7,Pro Gamer
RetroRider,Galaga,151182,88,20,Grandmaster
SegaSam,Frogger,83750,88,28,Pro Gamer
BlipBlop,Donkey Kong,117692,91,2,Pro Gamer
RetroRider,Galaga,108270,69,30,Pro Gamer
NeoGeo,Space Invaders,55170,75,44,Casual
BlipBlop,Space Invaders,35300,76,6,Casual
KongKiller,Frogger,16721,74,38,Novice
RetroRider,Space Invaders,36242,71,7,Casual
ChompQueen,Galaga,58852,95,42,Casual
KongKiller,Donkey Kong,16251,96,8,Novice
ChompQueen,Donkey Kong,5229,97,40,Novice
NeoGeo,Pac-Man,50854,70,29,Casual
BlipBlop,Galaga,12759,61,34,Novice
NeoGeo,Donkey Kong,154550,100,23,Grandmaster
RetroRider,Frogger,92767,68,11,Pro Gamer
BlipBlop,Donkey Kong,122456,87,26,Grandmaster
NeoGeo,Frogger,101189,65,4,Pro Gamer
SegaSam,Donkey Kong,140130,92,17,Grandmaster
BlipBlop,Donkey Kong,126310,81,30,Grandmaster
BlipBlop,Donkey Kong,87141,95,14,Pro Gamer
NeoGeo,Galaga,47092,79,35,Casual
KongKiller,Frogger,84449,63,35,Pro Gamer
BlipBlop,Space Invaders,105014,83,40,Pro Gamer
SegaSam,Space Invaders,115711,71,14,Pro Gamer
NeoGeo,Galaga,8722,77,20,Novice
SegaSam,Donkey Kong,41011,87,9,Casual
BlipBlop,Space Invaders,8130,95,28,Novice
ChompQueen,Frogger,59191,99,15,Casual
KongKiller,Galaga,93914,72,5,Pro Gamer
SegaSam,Donkey Kong,38172,66,45,Casual
BlipBlop,Donkey Kong,132656,88,10,Grandmaster
KongKiller,Donkey Kong,83203,65,33,Pro Gamer
ChompQueen,Space Invaders,142045,63,20,Grandmaster
ChompQueen,Frogger,114530,74,23,Pro Gamer
NeoGeo,Pac-Man,102057,94,33,Pro Gamer
SegaSam,Frogger,34026,67,14,Casual
BlipBlop,Pac-Man,125787,64,25,Grandmaster
KongKiller,Galaga,116012,79,28,Pro Gamer
KongKiller,Space Invaders,137270,70,20,Grandmaster
SegaSam,Galaga,71891,71,27,Casual
SegaSam,Galaga,46776,79,20,Casual
RetroRider,Space Invaders,72645,69,34,Casual
BlipBlop,Space Invaders,141956,76,9,Grandmaster
RetroRider,Donkey Kong,52427,71,28,Casual
BlipBlop,Pac-Man,45464,80,2,Casual
ChompQueen,Donkey Kong,111303,98,42,Pro Gamer
NeoGeo,Galaga,136369,71,37,Grandmaster
ChompQueen,Frogger,61005,60,19,Casual
NeoGeo,Galaga,50787,67,34,Casual
ChompQueen,Pac-Man,134145,76,24,Grandmaster
NeoGeo,Pac-Man,33118,66,39,Casual
ChompQueen,Donkey Kong,28184,80,19,Novice
ChompQueen,Frogger,109715,67,18,Pro Gamer
ChompQueen,Galaga,9074,92,33,Novice
NeoGeo,Donkey Kong,117660,76,13,Pro Gamer
ChompQueen,Galaga,82396,81,4,Pro Gamer
KongKiller,Pac-Man,25474,88,9,Novice
NeoGeo,Pac-Man,109628,93,29,Pro Gamer
PixelPete,Pac-Man,103104,93,10,Pro Gamer
BlipBlop,Frogger,9421,90,37,Novice
ChompQueen,Space Invaders,114717,69,10,Pro Gamer
NeoGeo,Galaga,101779,72,37,Pro Gamer
ChompQueen,Galaga,150383,64,34,Grandmaster
NeoGeo,Frogger,150800,80,22,Grandmaster
ChompQueen,Galaga,66292,98,8,Casual
ChompQueen,Galaga,14636,88,35,Novice
KongKiller,Pac-Man,47555,66,18,Casual
PixelPete,Donkey Kong,151546,73,37,Grandmaster
NeoGeo,Pac-Man,17367,90,22,Novice
BlipBlop,Donkey Kong,128975,63,21,Grandmaster
BlipBlop,Pac-Man,39924,97,4,Casual
KongKiller,Pac-Man,143061,81,9,Grandmaster
BlipBlop,Donkey Kong,62779,78,25,Casual
RetroRider,Galaga,64917,62,40,Casual
ChompQueen,Frogger,9505,86,13,Novice
SegaSam,Galaga,141739,77,35,Grandmaster
ChompQueen,Galaga,124260,76,16,Grandmaster
ChompQueen,Frogger,87931,85,30,Pro Gamer
KongKiller,Donkey Kong,79557,64,26,Casual
SegaSam,Donkey Kong,60233,62,4,Casual
PixelPete,Galaga,82153,65,37,Pro Gamer
RetroRider,Pac-Man,5438,66,15,Novice
RetroRider,Galaga,19891,87,41,Novice
NeoGeo,Space Invaders,146238,78,32,Grandmaster
RetroRider,Galaga,48149,73,21,Casual
PixelPete,Frogger,14814,72,32,Novice
ChompQueen,Frogger,40459,66,5,Casual
RetroRider,Pac-Man,91802,95,43,Pro Gamer
SegaSam,Pac-Man,26624,87,5,Novice
NeoGeo,Frogger,27420,91,24,Novice
RetroRider,Frogger,96931,67,44,Pro Gamer
BlipBlop,Space Invaders,128512,78,13,Grandmaster
PixelPete,Frogger,94778,90,18,Pro Gamer
SegaSam,Galaga,60780,82,10,Casual
SegaSam,Frogger,107024,91,6,Pro Gamer
RetroRider,Donkey Kong,34789,94,29,Casual
SegaSam,Galaga,140737,64,35,Grandmaster
SegaSam,Galaga,91060,64,21,Pro Gamer
SegaSam,Space Invaders,118218,68,42,Pro Gamer
RetroRider,Pac-Man,17743,83,20,Novice
BlipBlop,Pac-Man,98775,70,16,Pro Gamer
ChompQueen,Frogger,137163,78,33,Grandmaster
KongKiller,Space Invaders,20300,96,4,Novice
PixelPete,Pac-Man,96119,74,14,Pro Gamer
RetroRider,Pac-Man,43021,70,7,Casual
ChompQueen,Galaga,140300,78,16,Grandmaster
RetroRider,Space Invaders,42450,75,17,Casual
KongKiller,Donkey Kong,20376,70,20,Novice
BlipBlop,Donkey Kong,16123,69,13,Novice
SegaSam,Pac-Man,123889,94,45,Grandmaster
RetroRider,Space Invaders,74634,67,42,Casual
RetroRider,Frogger,27550,67,10,Novice
PixelPete,Frogger,69271,86,16,Casual
KongKiller,Pac-Man,134521,96,29,Grandmaster
ChompQueen,Donkey Kong,72004,90,34,Casual
RetroRider,Donkey Kong,45033,82,42,Casual
ChompQueen,Galaga,114569,68,29,Pro Gamer
RetroRider,Galaga,130083,76,6,Grandmaster
KongKiller,Pac-Man,26883,70,45,Novice
PixelPete,Galaga,25000,74,31,Novice
ChompQueen,Galaga,130974,86,22,Grandmaster
PixelPete,Space Invaders,86049,94,29,Pro Gamer
KongKiller,Space Invaders,117547,74,22,Pro Gamer
NeoGeo,Pac-Man,137007,95,8,Grandmaster
BlipBlop,Donkey Kong,80483,66,29,Pro Gamer
KongKiller,Space Invaders,40007,80,21,Casual
ChompQueen,Galaga,153217,69,13,Grandmaster
ChompQueen,Space Invaders,34338,69,15,Casual
KongKiller,Galaga,96982,95,9,Pro Gamer
BlipBlop,Pac-Man,10426,69,21,Novice
SegaSam,Galaga,153374,92,27,Grandmaster
BlipBlop,Donkey Kong,71879,95,10,Casual
BlipBlop,Pac-Man,42633,92,6,Casual
BlipBlop,Galaga,9698,92,2,Novice
ChompQueen,Pac-Man,35517,74,29,Casual
PixelPete,Pac-Man,54601,94,3,Casual
RetroRider,Frogger,44687,69,12,Casual
NeoGeo,Galaga,135561,64,12,Grandmaster
BlipBlop,Space Invaders,15561,95,41,Novice
NeoGeo,Frogger,132784,77,37,Grandmaster
NeoGeo,Galaga,132989,80,12,Grandmaster
SegaSam,Space Invaders,150905,100,46,Grandmaster
ChompQueen,Donkey Kong,75280,70,10,Casual
SegaSam,Space Invaders,37931,85,46,Casual
KongKiller,Galaga,97931,72,9,Pro Gamer
NeoGeo,Galaga,46530,94,27,Casual
KongKiller,Donkey Kong,106131,80,4,Pro Gamer
ChompQueen,Frogger,71479,96,9,Casual
PixelPete,Space Invaders,86257,72,42,Pro Gamer
NeoGeo,Galaga,16131,95,40,Novice
BlipBlop,Donkey Kong,138741,73,5,Grandmaster
SegaSam,Galaga,89142,83,2,Pro Gamer
SegaSam,Frogger,71499,94,6,Casual
BlipBlop,Space Invaders,58685,88,24,Casual
NeoGeo,Donkey Kong,10680,90,16,Novice
SegaSam,Pac-Man,41593,61,20,Casual
KongKiller,Galaga,132534,79,15,Grandmaster
PixelPete,Space Invaders,109412,90,21,Pro Gamer
ChompQueen,Space Invaders,139284,96,8,Grandmaster
PixelPete,Donkey Kong,116727,79,45,Pro Gamer
SegaSam,Space Invaders,65826,72,19,Casual
PixelPete,Galaga,153998,61,6,Grandmaster
KongKiller,Donkey Kong,140144,92,46,Grandmaster
ChompQueen,Galaga,124964,72,12,Grandmaster
KongKiller,Galaga,62158,69,3,Casual
KongKiller,Frogger,43891,65,15,Casual
NeoGeo,Space Invaders,71879,73,27,Casual
SegaSam,Donkey Kong,150171,79,43,Grandmaster
ChompQueen,Frogger,107248,61,42,Pro Gamer
BlipBlop,Space Invaders,45963,73,38,Casual
ChompQueen,Donkey Kong,7604,65,37,Novice
NeoGeo,Galaga,71509,86,13,Casual
KongKiller,Donkey Kong,112730,81,44,Pro Gamer
KongKiller,Frogger,150052,92,44,Grandmaster
NeoGeo,Donkey Kong,60951,66,2,Casual
PixelPete,Frogger,49904,62,5,Casual
SegaSam,Pac-Man,131830,79,44,Grandmaster
SegaSam,Galaga,68042,72,17,Casual
KongKiller,Pac-Man,109951,62,35,Pro Gamer
KongKiller,Galaga,141466,76,26,Grandmaster
BlipBlop,Frogger,123420,74,14,Grandmaster
SegaSam,Donkey Kong,75485,61,7,Casual
RetroRider,Pac-Man,130127,68,4,Grandmaster
BlipBlop,Frogger,82932,96,37,Pro Gamer
RetroRider,Space Invaders,154647,80,6,Grandmaster
ChompQueen,Frogger,74543,82,36,Casual
BlipBlop,Donkey Kong,138170,82,35,Grandmaster
PixelPete,Galaga,62272,83,35,Casual
KongKiller,Pac-Man,39557,89,30,Casual
NeoGeo,Space Invaders,108356,77,26,Pro Gamer
KongKiller,Donkey Kong,11559,91,23,Novice
BlipBlop,Frogger,50548,65,26,Casual
PixelPete,Donkey Kong,46117,82,20,Casual
PixelPete,Galaga,109009,62,2,Pro Gamer
KongKiller,Galaga,20366,69,13,Novice
RetroRider,Donkey Kong,88293,78,4,Pro Gamer
ChompQueen,Pac-Man,37143,78,18,Casual
ChompQueen,Space Invaders,90910,80,27,Pro Gamer
NeoGeo,Space Invaders,83466,89,45,Pro Gamer
ChompQueen,Frogger,110029,86,36,Pro Gamer
PixelPete,Space Invaders,79919,72,10,Casual
ChompQueen,Space Invaders,53508,64,38,Casual
PixelPete,Pac-Man,67829,70,42,Casual
KongKiller,Donkey Kong,141702,92,39,Grandmaster
KongKiller,Space Invaders,100915,69,30,Pro Gamer
NeoGeo,Frogger,26896,74,25,Novice
PixelPete,Space Invaders,19615,96,11,Novice
BlipBlop,Pac-Man,127037,96,46,Grandmaster
SegaSam,Space Invaders,86057,70,34,Pro Gamer
NeoGeo,Pac-Man,137503,78,10,Grandmaster
BlipBlop,Donkey Kong,86424,65,5,Pro Gamer
RetroRider,Space Invaders,118321,97,36,Pro Gamer
KongKiller,Galaga,44154,78,4,Casual
NeoGeo,Pac-Man,11185,81,6,Novice
KongKiller,Pac-Man,88770,72,23,Pro Gamer
PixelPete,Frogger,87730,95,2,Pro Gamer
KongKiller,Galaga,10675,68,30,Novice
SegaSam,Donkey Kong,46103,66,6,Casual
KongKiller,Frogger,97202,91,6,Pro Gamer
KongKiller,Donkey Kong,29491,92,20,Novice
NeoGeo,Pac-Man,140031,77,3,Grandmaster
NeoGeo,Space Invaders,59045,85,30,Casual
PixelPete,Galaga,111404,99,18,Pro Gamer
SegaSam,Galaga,145353,81,4,Grandmaster
NeoGeo,Pac-Man,112751,80,26,Pro Gamer
RetroRider,Galaga,114545,99,28,Pro Gamer
RetroRider,Galaga,153034,85,19,Grandmaster
RetroRider,Pac-Man,36426,99,28,Casual
BlipBlop,Space Invaders,8019,75,33,Novice
PixelPete,Frogger,52355,78,45,Casual
NeoGeo,Pac-Man,98806,68,11,Pro Gamer
ChompQueen,Frogger,62399,96,38,Casual
BlipBlop,Galaga,107454,87,12,Pro Gamer
RetroRider,Pac-Man,22307,73,33,Novice
PixelPete,Frogger,122539,66,14,Grandmaster
SegaSam,Space Invaders,90883,78,12,Pro Gamer
KongKiller,Pac-Man,91846,67,18,Pro Gamer
SegaSam,Galaga,127695,70,14,Grandmaster
SegaSam,Pac-Man,46681,97,21,Casual
BlipBlop,Space Invaders,112099,72,5,Pro Gamer
PixelPete,Space Invaders,103250,90,32,Pro Gamer
RetroRider,Frogger,136579,82,35,Grandmaster
NeoGeo,Galaga,50735,67,34,Casual
BlipBlop,Frogger,114076,78,14,Pro Gamer
RetroRider,Galaga,25036,82,2,Novice
BlipBlop,Donkey Kong,144351,77,3,Grandmaster
PixelPete,Donkey Kong,80047,72,33,Pro Gamer
KongKiller,Pac-Man,141201,91,23,Grandmaster
KongKiller,Donkey Kong,44765,76,20,Casual
BlipBlop,Galaga,152773,82,5,Grandmaster
PixelPete,Frogger,94094,78,9,Pro Gamer
RetroRider,Space Invaders,134898,77,13,Grandmaster
BlipBlop,Galaga,111364,76,33,Pro Gamer
ChompQueen,Donkey Kong,148057,75,19,Grandmaster
PixelPete,Space Invaders,44178,86,22,Casual
SegaSam,Frogger,13158,75,24,Novice
BlipBlop,Pac-Man,146528,87,40,Grandmaster
ChompQueen,Frogger,128352,70,18,Grandmaster
RetroRider,Pac-Man,130339,83,26,Grandmaster
ChompQueen,Donkey Kong,77555,78,29,Casual
KongKiller,Pac-Man,44609,94,29,Casual
KongKiller,Galaga,146802,84,29,Grandmaster
BlipBlop,Frogger,51291,75,14,Casual
RetroRider,Frogger,15762,60,25,Novice
SegaSam,Frogger,49420,99,37,Casual
SegaSam,Donkey Kong,151352,82,18,Grandmaster
BlipBlop,Pac-Man,98806,79,31,Pro Gamer
SegaSam,Pac-Man,14333,77,8,Novice
ChompQueen,Space Invaders,86741,63,42,Pro Gamer
ChompQueen,Pac-Man,89071,68,43,Pro Gamer
ChompQueen,Galaga,34963,87,41,Casual
ChompQueen,Donkey Kong,89424,68,46,Pro Gamer
SegaSam,Pac-Man,100675,88,30,Pro Gamer
SegaSam,Donkey Kong,8756,75,28,Novice
BlipBlop,Frogger,131794,80,9,Grandmaster
BlipBlop,Galaga,27051,78,44,Novice
BlipBlop,Pac-Man,116960,100,9,Pro Gamer
SegaSam,Donkey Kong,46999,77,18,Casual
SegaSam,Galaga,143669,97,30,Grandmaster
SegaSam,Space Invaders,151055,84,34,Grandmaster
NeoGeo,Donkey Kong,44599,75,36,Casual
ChompQueen,Donkey Kong,142633,76,3,Grandmaster
KongKiller,Frogger,89008,71,5,Pro Gamer
RetroRider,Galaga,153950,63,27,Grandmaster
SegaSam,Galaga,148116,83,32,Grandmaster
ChompQueen,Galaga,97006,88,26,Pro Gamer
BlipBlop,Pac-Man,38313,69,35,Casual
NeoGeo,Galaga,65324,75,31,Casual
NeoGeo,Frogger,81144,73,35,Pro Gamer
BlipBlop,Galaga,114540,73,20,Pro Gamer
KongKiller,Galaga,31929,87,8,Casual
RetroRider,Galaga,77489,83,25,Casual
PixelPete,Donkey Kong,32019,60,41,Casual
ChompQueen,Donkey Kong,49147,86,23,Casual
ChompQueen,Galaga,146857,77,33,Grandmaster
RetroRider,Space Invaders,140756,85,42,Grandmaster
RetroRider,Pac-Man,56873,84,17,Casual
SegaSam,Space Invaders,44420,87,8,Casual
KongKiller,Donkey Kong,5575,85,27,Novice
NeoGeo,Pac-Man,95858,89,31,Pro Gamer
KongKiller,Space Invaders,73759,69,2,Casual
BlipBlop,Donkey Kong,27794,89,20,Novice
SegaSam,Donkey Kong,17327,78,22,Novice
PixelPete,Galaga,34550,81,45,Casual
BlipBlop,Galaga,39147,62,16,Casual
PixelPete,Frogger,132516,92,12,Grandmaster
KongKiller,Pac-Man,94659,88,40,Pro Gamer
SegaSam,Frogger,66703,93,33,Casual
RetroRider,Galaga,70264,83,45,Casual
BlipBlop,Galaga,135081,80,28,Grandmaster
PixelPete,Pac-Man,80468,68,15,Pro Gamer
BlipBlop,Pac-Man,147006,62,39,Grandmaster
ChompQueen,Galaga,24239,65,19,Novice
KongKiller,Frogger,74275,77,41,Casual
RetroRider,Space Invaders,144263,73,4,Grandmaster
NeoGeo,Pac-Man,39429,89,7,Casual
BlipBlop,Space Invaders,144784,75,24,Grandmaster
ChompQueen,Galaga,54134,63,44,Casual
NeoGeo,Space Invaders,55169,96,7,Casual
KongKiller,Pac-Man,96698,67,20,Pro Gamer
ChompQueen,Frogger,75816,97,6,Casual
NeoGeo,Pac-Man,52215,90,17,Casual
ChompQueen,Donkey Kong,99132,80,10,Pro Gamer
SegaSam,Pac-Man,68066,74,28,Casual
ChompQueen,Donkey Kong,112025,93,11,Pro Gamer
SegaSam,Space Invaders,64382,83,29,Casual
ChompQueen,Space Invaders,116097,90,34,Pro Gamer
NeoGeo,Space Invaders,5703,97,15,Novice
KongKiller,Frogger,18997,72,36,Novice
RetroRider,Donkey Kong,154661,64,34,Grandmaster
RetroRider,Donkey Kong,67436,74,46,Casual
ChompQueen,Donkey Kong,34883,90,15,Casual
ChompQueen,Galaga,46244,82,44,Casual
ChompQueen,Space Invaders,17815,63,22,Novice
PixelPete,Frogger,146588,77,46,Grandmaster
RetroRider,Galaga,18403,96,17,Novice
ChompQueen,Donkey Kong,10986,64,4,Novice
PixelPete,Galaga,48114,89,35,Casual
SegaSam,Space Invaders,52096,78,31,Casual
KongKiller,Donkey Kong,133974,87,15,Grandmaster
KongKiller,Pac-Man,109682,87,9,Pro Gamer
NeoGeo,Donkey Kong,77718,89,8,Casual
PixelPete,Space Invaders,108204,88,11,Pro Gamer
ChompQueen,Donkey Kong,17148,61,9,Novice
PixelPete,Frogger,38935,94,32,Casual
RetroRider,Space Invaders,44020,63,43,Casual
BlipBlop,Galaga,127219,64,15,Grandmaster
PixelPete,Pac-Man,117641,81,45,Pro Gamer
NeoGeo,Frogger,148550,67,40,Grandmaster
NeoGeo,Frogger,139504,98,19,Grandmaster
RetroRider,Pac-Man,73579,68,9,Casual
KongKiller,Donkey Kong,10799,82,26,Novice
KongKiller,Galaga,71390,87,19,Casual
NeoGeo,Donkey Kong,146768,92,7,Grandmaster
KongKiller,Galaga,81036,62,14,Pro Gamer
ChompQueen,Frogger,47560,94,38,Casual
SegaSam,Donkey Kong,63617,95,16,Casual
SegaSam,Space Invaders,8764,98,18,Novice
KongKiller,Donkey Kong,42001,62,43,Casual
BlipBlop,Pac-Man,117626,88,22,Pro Gamer
ChompQueen,Space Invaders,28769,64,7,Novice
PixelPete,Frogger,97276,64,18,Pro Gamer
ChompQueen,Donkey Kong,62966,70,35,Casual
NeoGeo,Donkey Kong,147281,86,20,Grandmaster
ChompQueen,Galaga,56340,80,8,Casual
BlipBlop,Frogger,20926,85,6,Novice
BlipBlop,Space Invaders,64570,60,26,Casual
ChompQueen,Galaga,66057,78,19,Casual
RetroRider,Pac-Man,100768,89,15,Pro Gamer
KongKiller,Galaga,6222,68,33,Novice
KongKiller,Space Invaders,126939,78,35,Grandmaster
BlipBlop,Pac-Man,70674,86,10,Casual
BlipBlop,Pac-Man,34000,83,20,Casual
BlipBlop,Pac-Man,80172,67,25,Pro Gamer
ChompQueen,Frogger,72877,70,46,Casual
BlipBlop,Galaga,136331,70,25,Grandmaster
PixelPete,Galaga,20830,78,13,Novice
RetroRider,Galaga,135930,80,38,Grandmaster
KongKiller,Pac-Man,83124,92,7,Pro Gamer
PixelPete,Space Invaders,140104,93,2,Grandmaster
NeoGeo,Space Invaders,82952,98,38,Pro Gamer
BlipBlop,Space Invaders,60172,85,29,Casual
NeoGeo,Donkey Kong,40581,99,33,Casual
SegaSam,Galaga,127549,96,42,Grandmaster
KongKiller,Pac-Man,120204,81,8,Grandmaster
KongKiller,Space Invaders,14919,68,5,Novice
ChompQueen,Pac-Man,133241,71,3,Grandmaster
BlipBlop,Space Invaders,81857,96,20,Pro Gamer
BlipBlop,Pac-Man,135276,76,46,Grandmaster
RetroRider,Donkey Kong,76355,91,25,Casual
SegaSam,Donkey Kong,86603,79,21,Pro Gamer
BlipBlop,Donkey Kong,100541,82,45,Pro Gamer
BlipBlop,Pac-Man,38715,80,13,Casual
ChompQueen,Frogger,150394,71,2,Grandmaster
PixelPete,Pac-Man,16678,91,19,Novice
PixelPete,Galaga,17931,62,2,Novice
ChompQueen,Space Invaders,93295,85,39,Pro Gamer
RetroRider,Galaga,121031,67,39,Grandmaster
PixelPete,Space Invaders,106537,73,19,Pro Gamer
NeoGeo,Frogger,134503,89,8,Grandmaster
RetroRider,Galaga,131453,97,28,Grandmaster
RetroRider,Galaga,102888,94,20,Pro Gamer
PixelPete,Galaga,120883,83,11,Grandmaster
RetroRider,Galaga,30706,77,11,Casual
RetroRider,Pac-Man,133777,72,14,Grandmaster
BlipBlop,Space Invaders,84909,75,21,Pro Gamer
SegaSam,Space Invaders,146359,91,37,Grandmaster
NeoGeo,Donkey Kong,143418,65,7,Grandmaster
RetroRider,Galaga,120180,75,7,Grandmaster
NeoGeo,Space Invaders,124503,93,9,Grandmaster
KongKiller,Frogger,31706,95,25,Casual
RetroRider,Donkey Kong,72516,78,31,Casual
SegaSam,Space Invaders,92452,75,11,Pro Gamer
ChompQueen,Galaga,116394,77,12,Pro Gamer
NeoGeo,Frogger,65089,85,6,Casual
NeoGeo,Galaga,49331,96,44,Casual
BlipBlop,Galaga,134017,67,15,Grandmaster
RetroRider,Galaga,137837,65,28,Grandmaster
PixelPete,Space Invaders,139412,97,27,Grandmaster
KongKiller,Space Invaders,28447,75,43,Novice
SegaSam,Space Invaders,98155,86,39,Pro Gamer
KongKiller,Galaga,111077,71,17,Pro Gamer
ChompQueen,Donkey Kong,94190,70,5,Pro Gamer
PixelPete,Galaga,142768,77,24,Grandmaster
SegaSam,Space Invaders,102997,97,46,Pro Gamer
PixelPete,Donkey Kong,27806,83,8,Novice
PixelPete,Pac-Man,95531,71,24,Pro Gamer
BlipBlop,Galaga,58784,96,10,Casual
RetroRider,Frogger,95253,61,42,Pro Gamer
NeoGeo,Frogger,63922,95,45,Casual
KongKiller,Donkey Kong,77481,65,29,Casual
ChompQueen,Donkey Kong,145933,70,5,Grandmaster
NeoGeo,Frogger,34258,82,3,Casual
RetroRider,Pac-Man,35408,82,26,Casual
BlipBlop,Frogger,138792,80,28,Grandmaster
SegaSam,Galaga,139509,71,13,Grandmaster
SegaSam,Galaga,64581,76,28,Casual
SegaSam,Space Invaders,63688,95,7,Casual
SegaSam,Donkey Kong,27643,76,12,Novice
NeoGeo,Frogger,127833,92,31,Grandmaster
KongKiller,Pac-Man,81001,89,23,Pro Gamer
ChompQueen,Space Invaders,14618,79,2,Novice
PixelPete,Space Invaders,29957,92,27,Novice
KongKiller,Pac-Man,154620,71,33,Grandmaster
RetroRider,Pac-Man,42524,60,2,Casual
SegaSam,Donkey Kong,39435,61,12,Casual
SegaSam,Galaga,110445,80,29,Pro Gamer
PixelPete,Frogger,11489,78,30,Novice
ChompQueen,Galaga,22045,85,4,Novice
BlipBlop,Space Invaders,136112,83,13,Grandmaster
RetroRider,Galaga,135499,86,43,Grandmaster
NeoGeo,Pac-Man,45777,74,40,Casual
SegaSam,Space Invaders,56652,73,18,Casual
NeoGeo,Pac-Man,131425,66,7,Grandmaster
KongKiller,Pac-Man,26122,72,40,Novice
PixelPete,Space Invaders,151635,75,23,Grandmaster
SegaSam,Pac-Man,5806,76,37,Novice
ChompQueen,Pac-Man,38024,67,23,Casual
BlipBlop,Pac-Man,10005,82,29,Novice
PixelPete,Galaga,119602,86,17,Pro Gamer
NeoGeo,Frogger,33846,71,31,Casual
PixelPete,Frogger,67024,64,36,Casual
NeoGeo,Pac-Man,65674,90,8,Casual
KongKiller,Frogger,142876,95,13,Grandmaster
BlipBlop,Space Invaders,69309,73,42,Casual
RetroRider,Space Invaders,113703,69,36,Pro Gamer
BlipBlop,Donkey Kong,146490,69,2,Grandmaster
RetroRider,Frogger,139821,72,44,Grandmaster
NeoGeo,Space Invaders,22892,68,36,Novice
SegaSam,Pac-Man,94093,96,46,Pro Gamer
NeoGeo,Donkey Kong,135127,96,42,Grandmaster
KongKiller,Frogger,65945,89,39,Casual
KongKiller,Donkey Kong,7758,80,18,Novice
NeoGeo,Galaga,137939,62,24,Grandmaster
NeoGeo,Space Invaders,125957,61,27,Grandmaster
ChompQueen,Space Invaders,147344,98,38,Grandmaster
ChompQueen,Donkey Kong,154159,88,41,Grandmaster
PixelPete,Pac-Man,140541,63,30,Grandmaster
ChompQueen,Donkey Kong,28027,82,11,Novice
RetroRider,Frogger,90216,95,32,Pro Gamer
BlipBlop,Pac-Man,98016,85,24,Pro Gamer
NeoGeo,Frogger,100241,89,29,Pro Gamer
RetroRider,Frogger,137584,75,42,Grandmaster
PixelPete,Donkey Kong,27303,94,22,Novice
KongKiller,Galaga,108833,77,24,Pro Gamer
PixelPete,Space Invaders,10695,99,40,Novice
RetroRider,Pac-Man,87631,73,23,Pro Gamer
NeoGeo,Space Invaders,42614,83,31,Casual
RetroRider,Galaga,113509,85,24,Pro Gamer
NeoGeo,Frogger,146952,61,33,Grandmaster
NeoGeo,Space Invaders,86084,76,27,Pro Gamer
ChompQueen,Donkey Kong,72432,88,40,Casual
ChompQueen,Frogger,86051,81,30,Pro Gamer
RetroRider,Galaga,83695,89,27,Pro Gamer
NeoGeo,Frogger,111724,82,26,Pro Gamer
PixelPete,Space Invaders,95058,90,20,Pro Gamer
SegaSam,Galaga,86400,64,28,Pro Gamer
PixelPete,Donkey Kong,25307,65,29,Novice
ChompQueen,Donkey Kong,85945,69,19,Pro Gamer
BlipBlop,Frogger,108346,77,16,Pro Gamer
BlipBlop,Galaga,13046,68,21,Novice
KongKiller,Space Invaders,107916,81,43,Pro Gamer
KongKiller,Galaga,47805,68,33,Casual
ChompQueen,Space Invaders,48488,64,34,Casual
PixelPete,Space Invaders,100129,72,25,Pro Gamer
BlipBlop,Galaga,133746,67,20,Grandmaster
RetroRider,Frogger,33611,77,7,Casual
KongKiller,Galaga,17200,62,11,Novice
ChompQueen,Pac-Man,29421,79,5,Novice
KongKiller,Donkey Kong,40578,61,22,Casual
ChompQueen,Galaga,27162,73,32,Novice
KongKiller,Donkey Kong,60278,73,13,Casual
BlipBlop,Donkey Kong,126378,92,21,Grandmaster
SegaSam,Galaga,139185,97,14,Grandmaster
BlipBlop,Galaga,59810,95,32,Casual
SegaSam,Pac-Man,100785,85,38,Pro Gamer
ChompQueen,Donkey Kong,30585,74,36,Casual
RetroRider,Space Invaders,78119,97,36,Casual
BlipBlop,Frogger,7293,61,42,Novice
SegaSam,Donkey Kong,17610,80,42,Novice
KongKiller,Frogger,61228,61,6,Casual
RetroRider,Galaga,114302,69,37,Pro Gamer
SegaSam,Pac-Man,122616,83,27,Grandmaster
RetroRider,Galaga,79579,62,45,Casual
RetroRider,Pac-Man,143306,95,3,Grandmaster
KongKiller,Space Invaders,103857,85,6,Pro Gamer
PixelPete,Space Invaders,45712,72,6,Casual
SegaSam,Galaga,145424,71,44,Grandmaster
KongKiller,Galaga,122058,76,20,Grandmaster
RetroRider,Pac-Man,18446,63,9,Novice
ChompQueen,Galaga,77718,80,3,Casual
RetroRider,Galaga,143338,100,13,Grandmaster
KongKiller,Pac-Man,29428,89,44,Novice
KongKiller,Galaga,127749,98,20,Grandmaster
KongKiller,Pac-Man,22076,76,5,Novice
ChompQueen,Space Invaders,76072,95,5,Casual
PixelPete,Donkey Kong,10580,61,42,Novice
ChompQueen,Space Invaders,119863,88,37,Pro Gamer
SegaSam,Pac-Man,74518,87,30,Casual
KongKiller,Donkey Kong,125244,69,12,Grandmaster
SegaSam,Space Invaders,11430,76,10,Novice
RetroRider,Donkey Kong,108937,74,21,Pro Gamer
PixelPete,Donkey Kong,49610,65,27,Casual
KongKiller,Pac-Man,78381,85,43,Casual
BlipBlop,Frogger,53883,81,15,Casual
RetroRider,Galaga,85375,81,38,Pro Gamer
KongKiller,Pac-Man,34049,82,41,Casual
KongKiller,Pac-Man,37807,72,23,Casual
SegaSam,Frogger,146100,64,33,Grandmaster
PixelPete,Galaga,21729,85,10,Novice
BlipBlop,Frogger,19173,84,39,Novice
BlipBlop,Frogger,30509,82,46,Casual
RetroRider,Frogger,13155,69,11,Novice
PixelPete,Space Invaders,63498,61,25,Casual
ChompQueen,Galaga,23361,95,46,Novice
ChompQueen,Galaga,19905,68,10,Novice
SegaSam,Pac-Man,59789,97,19,Casual
KongKiller,Pac-Man,112005,74,6,Pro Gamer
ChompQueen,Pac-Man,98069,67,22,Pro Gamer
ChompQueen,Pac-Man,43415,81,9,Casual
NeoGeo,Galaga,117531,68,36,Pro Gamer
NeoGeo,Space Invaders,144383,71,36,Grandmaster
BlipBlop,Donkey Kong,125135,67,2,Grandmaster
PixelPete,Donkey Kong,107694,78,36,Pro Gamer
BlipBlop,Frogger,115236,94,23,Pro Gamer
BlipBlop,Frogger,39896,63,21,Casual
BlipBlop,Galaga,109348,90,36,Pro Gamer
KongKiller,Pac-Man,77479,92,44,Casual
SegaSam,Pac-Man,54597,100,24,Casual
BlipBlop,Pac-Man,98962,70,15,Pro Gamer
NeoGeo,Frogger,112774,63,40,Pro Gamer
RetroRider,Galaga,153301,93,46,Grandmaster
PixelPete,Space Invaders,18091,94,11,Novice
SegaSam,Space Invaders,154177,92,28,Grandmaster
BlipBlop,Space Invaders,13067,78,41,Novice
ChompQueen,Donkey Kong,17307,99,15,Novice
SegaSam,Galaga,113028,83,15,Pro Gamer
ChompQueen,Donkey Kong,152394,68,32,Grandmaster
SegaSam,Pac-Man,35069,86,42,Casual
PixelPete,Galaga,28546,86,44,Novice
RetroRider,Pac-Man,119266,96,7,Pro Gamer
KongKiller,Pac-Man,99558,74,6,Pro Gamer
BlipBlop,Donkey Kong,152357,79,32,Grandmaster
BlipBlop,Donkey Kong,23649,89,20,Novice
ChompQueen,Donkey Kong,106360,96,10,Pro Gamer
BlipBlop,Frogger,108972,93,43,Pro Gamer
BlipBlop,Space Invaders,46175,85,12,Casual
NeoGeo,Donkey Kong,98627,72,18,Pro Gamer
RetroRider,Pac-Man,16875,87,40,Novice
PixelPete,Pac-Man,144123,72,38,Grandmaster
SegaSam,Donkey Kong,112186,88,35,Pro Gamer
PixelPete,Galaga,15510,90,40,Novice
SegaSam,Frogger,41331,94,6,Casual
ChompQueen,Pac-Man,16910,64,19,Novice
ChompQueen,Donkey Kong,93158,66,37,Pro Gamer
BlipBlop,Pac-Man,7415,74,34,Novice
KongKiller,Galaga,21096,84,44,Novice
RetroRider,Donkey Kong,22790,68,9,Novice
ChompQueen,Pac-Man,113733,66,7,Pro Gamer
KongKiller,Pac-Man,46999,95,45,Casual
RetroRider,Galaga,125494,74,39,Grandmaster
PixelPete,Donkey Kong,37668,95,35,Casual
PixelPete,Donkey Kong,22314,84,24,Novice
RetroRider,Pac-Man,84745,87,39,Pro Gamer
SegaSam,Frogger,26602,60,26,Novice
NeoGeo,Frogger,120172,62,7,Grandmaster
ChompQueen,Frogger,95710,88,20,Pro Gamer
NeoGeo,Space Invaders,38274,75,44,Casual
KongKiller,Galaga,31939,80,22,Casual
SegaSam,Galaga,99108,83,45,Pro Gamer
ChompQueen,Donkey Kong,74726,80,9,Casual
PixelPete,Pac-Man,115816,72,14,Pro Gamer
NeoGeo,Pac-Man,116915,97,45,Pro Gamer
SegaSam,Frogger,17972,82,3,Novice
KongKiller,Frogger,121279,76,25,Grandmaster
SegaSam,Space Invaders,150597,88,2,Grandmaster
RetroRider,Space Invaders,120236,80,43,Grandmaster
NeoGeo,Space Invaders,36133,81,6,Casual
KongKiller,Donkey Kong,141347,72,29,Grandmaster
ChompQueen,Frogger,15442,83,34,Novice
SegaSam,Galaga,115124,88,37,Pro Gamer
PixelPete,Frogger,137523,87,28,Grandmaster
KongKiller,Frogger,113473,63,34,Pro Gamer
RetroRider,Donkey Kong,90333,70,6,Pro Gamer
ChompQueen,Frogger,99042,79,7,Pro Gamer
ChompQueen,Space Invaders,110043,70,39,Pro Gamer
NeoGeo,Donkey Kong,120730,64,16,Grandmaster
NeoGeo,Galaga,41923,81,43,Casual
PixelPete,Space Invaders,21055,75,2,Novice
PixelPete,Pac-Man,27133,69,6,Novice
KongKiller,Donkey Kong,150527,86,10,Grandmaster
KongKiller,Pac-Man,121847,99,28,Grandmaster
ChompQueen,Galaga,14710,82,26,Novice
SegaSam,Pac-Man,15627,99,43,Novice
ChompQueen,Galaga,28005,69,11,Novice
RetroRider,Space Invaders,138906,65,38,Grandmaster
SegaSam,Space Invaders,16309,84,45,Novice
BlipBlop,Donkey Kong,50329,85,33,Casual
RetroRider,Space Invaders,104225,63,17,Pro Gamer
BlipBlop,Galaga,18785,97,40,Novice
KongKiller,Space Invaders,143162,92,34,Grandmaster
ChompQueen,Frogger,110925,92,12,Pro Gamer
PixelPete,Space Invaders,36253,65,19,Casual
BlipBlop,Galaga,111667,79,29,Pro Gamer
SegaSam,Frogger,57447,76,45,Casual
BlipBlop,Frogger,49165,75,4,Casual
RetroRider,Donkey Kong,38833,82,18,Casual
NeoGeo,Pac-Man,21737,99,26,Novice
SegaSam,Pac-Man,130368,86,37,Grandmaster
KongKiller,Donkey Kong,118596,67,34,Pro Gamer
PixelPete,Frogger,60843,76,2,Casual
NeoGeo,Frogger,115197,62,15,Pro Gamer
KongKiller,Space Invaders,131512,74,37,Grandmaster
ChompQueen,Space Invaders,15117,72,18,Novice
SegaSam,Frogger,146489,93,3,Grandmaster
PixelPete,Space Invaders,76427,75,5,Casual
ChompQueen,Galaga,130392,73,31,Grandmaster
ChompQueen,Pac-Man,142982,68,20,Grandmaster
NeoGeo,Pac-Man,90523,86,39,Pro Gamer
ChompQueen,Space Invaders,26244,88,7,Novice
KongKiller,Frogger,13017,82,8,Novice
RetroRider,Donkey Kong,148031,96,30,Grandmaster
ChompQueen,Space Invaders,80322,79,16,Pro Gamer
ChompQueen,Galaga,144023,86,41,Grandmaster
KongKiller,Donkey Kong,133845,67,30,Grandmaster
RetroRider,Frogger,60905,84,24,Casual
KongKiller,Pac-Man,150340,72,8,Grandmaster
SegaSam,Galaga,10967,70,21,Novice
SegaSam,Space Invaders,94090,92,30,Pro Gamer
ChompQueen,Space Invaders,43801,97,9,Casual
NeoGeo,Donkey Kong,149238,91,21,Grandmaster
PixelPete,Space Invaders,149512,82,34,Grandmaster
RetroRider,Space Invaders,119016,91,37,Pro Gamer
SegaSam,Space Invaders,89395,92,34,Pro Gamer
SegaSam,Frogger,94864,66,5,Pro Gamer
SegaSam,Donkey Kong,105954,67,2,Pro Gamer
KongKiller,Galaga,149551,96,35,Grandmaster
ChompQueen,Frogger,153199,90,35,Grandmaster
ChompQueen,Frogger,100413,66,41,Pro Gamer
RetroRider,Space Invaders,119821,80,26,Pro Gamer
PixelPete,Donkey Kong,133314,80,4,Grandmaster
BlipBlop,Frogger,124568,86,34,Grandmaster
BlipBlop,Pac-Man,39417,89,36,Casual
RetroRider,Pac-Man,15139,73,35,Novice
RetroRider,Pac-Man,99463,80,7,Pro Gamer
SegaSam,Pac-Man,107897,62,31,Pro Gamer
ChompQueen,Donkey Kong,86770,79,8,Pro Gamer
SegaSam,Space Invaders,80131,95,5,Pro Gamer
BlipBlop,Pac-Man,28181,89,45,Novice
BlipBlop,Donkey Kong,87871,93,6,Pro Gamer
NeoGeo,Space Invaders,117705,96,29,Pro Gamer
NeoGeo,Pac-Man,114905,99,32,Pro Gamer
KongKiller,Donkey Kong,142918,79,5,Grandmaster
SegaSam,Space Invaders,112363,72,17,Pro Gamer
PixelPete,Space Invaders,109311,61,43,Pro Gamer
ChompQueen,Space Invaders,111319,76,10,Pro Gamer
PixelPete,Space Invaders,59491,65,3,Casual
ChompQueen,Frogger,141821,94,14,Grandmaster
SegaSam,Pac-Man,103768,82,19,Pro Gamer
NeoGeo,Donkey Kong,146303,81,28,Grandmaster
ChompQueen,Galaga,29035,86,18,Novice
KongKiller,Pac-Man,94234,87,3,Pro Gamer
PixelPete,Donkey Kong,23403,79,21,Novice
NeoGeo,Donkey Kong,153031,60,44,Grandmaster
ChompQueen,Donkey Kong,73149,67,24,Casual
BlipBlop,Frogger,41655,76,32,Casual
NeoGeo,Frogger,74689,93,44,Casual
RetroRider,Frogger,9349,79,30,Novice
PixelPete,Galaga,32649,94,4,Casual
BlipBlop,Donkey Kong,35436,77,3,Casual
KongKiller,Pac-Man,20610,65,44,Novice
KongKiller,Pac-Man,100897,74,13,Pro Gamer
RetroRider,Galaga,26900,77,25,Novice
NeoGeo,Donkey Kong,92259,96,32,Pro Gamer
BlipBlop,Donkey Kong,109196,83,30,Pro Gamer
PixelPete,Space Invaders,31062,95,39,Casual
SegaSam,Galaga,44386,74,16,Casual
NeoGeo,Galaga,130087,63,31,Grandmaster
BlipBlop,Frogger,85197,88,34,Pro Gamer
NeoGeo,Donkey Kong,92466,81,11,Pro Gamer
NeoGeo,Galaga,108938,98,40,Pro Gamer
NeoGeo,Donkey Kong,145639,69,38,Grandmaster
SegaSam,Space Invaders,75972,64,24,Casual
NeoGeo,Galaga,115938,63,35,Pro Gamer
BlipBlop,Space Invaders,114278,86,44,Pro Gamer
SegaSam,Space Invaders,24497,90,14,Novice
SegaSam,Galaga,129684,72,17,Grandmaster
ChompQueen,Space Invaders,150183,96,4,Grandmaster
BlipBlop,Galaga,81680,91,4,Pro Gamer
NeoGeo,Galaga,127815,83,33,Grandmaster
RetroRider,Space Invaders,32273,96,35,Casual
RetroRider,Pac-Man,139508,81,9,Grandmaster
SegaSam,Frogger,54247,71,22,Casual
RetroRider,Galaga,154157,78,14,Grandmaster
KongKiller,Space Invaders,16770,97,37,Novice
RetroRider,Space Invaders,107118,100,40,Pro Gamer
ChompQueen,Galaga,70425,86,4,Casual
ChompQueen,Pac-Man,29146,93,29,Novice
KongKiller,Donkey Kong,144846,74,40,Grandmaster
ChompQueen,Galaga,118204,69,20,Pro Gamer
RetroRider,Donkey Kong,107447,74,10,Pro Gamer
NeoGeo,Donkey Kong,127699,80,11,Grandmaster
PixelPete,Frogger,42720,66,46,Casual
NeoGeo,Space Invaders,38165,90,24,Casual
NeoGeo,Galaga,44117,62,7,Casual
SegaSam,Space Invaders,76196,69,28,Casual
KongKiller,Donkey Kong,107204,83,30,Pro Gamer
SegaSam,Pac-Man,10837,76,14,Novice
NeoGeo,Frogger,120935,80,43,Grandmaster
BlipBlop,Donkey Kong,12632,98,19,Novice
SegaSam,Pac-Man,121640,84,39,Grandmaster
RetroRider,Space Invaders,29657,93,20,Novice
BlipBlop,Frogger,24614,80,7,Novice
KongKiller,Frogger,61932,62,30,Casual
RetroRider,Donkey Kong,96380,84,29,Pro Gamer
RetroRider,Galaga,40255,73,32,Casual
BlipBlop,Pac-Man,119609,61,11,Pro Gamer
RetroRider,Frogger,31025,91,27,Casual
NeoGeo,Space Invaders,47299,78,18,Casual
ChompQueen,Space Invaders,123015,90,11,Grandmaster
PixelPete,Pac-Man,139597,89,40,Grandmaster
PixelPete,Galaga,88519,76,41,Pro Gamer
PixelPete,Space Invaders,117760,95,18,Pro Gamer
PixelPete,Donkey Kong,151494,100,28,Grandmaster
SegaSam,Space Invaders,123214,95,38,Grandmaster
KongKiller,Frogger,32851,87,13,Casual
NeoGeo,Donkey Kong,120346,100,43,Grandmaster
ChompQueen,Space Invaders,37070,85,8,Casual
KongKiller,Donkey Kong,119356,89,12,Pro Gamer
KongKiller,Pac-Man,47930,84,7,Casual
KongKiller,Frogger,102793,84,42,Pro Gamer
NeoGeo,Pac-Man,84919,88,31,Pro Gamer
NeoGeo,Donkey Kong,17256,68,2,Novice
NeoGeo,Donkey Kong,72116,63,31,Casual
SegaSam,Pac-Man,134567,98,10,Grandmaster
SegaSam,Pac-Man,146490,74,34,Grandmaster
RetroRider,Galaga,140645,74,12,Grandmaster
BlipBlop,Galaga,32699,94,18,Casual
KongKiller,Space Invaders,116369,82,28,Pro Gamer
SegaSam,Pac-Man,121569,79,24,Grandmaster
NeoGeo,Space Invaders,73080,77,38,Casual
NeoGeo,Space Invaders,36523,65,20,Casual
BlipBlop,Donkey Kong,58452,74,34,Casual
RetroRider,Pac-Man,13737,69,45,Novice
RetroRider,Frogger,75064,90,38,Casual
PixelPete,Galaga,27488,87,45,Novice
KongKiller,Donkey Kong,51553,66,27,Casual
RetroRider,Galaga,40176,74,8,Casual
NeoGeo,Galaga,59088,93,14,Casual
KongKiller,Galaga,124651,80,25,Grandmaster
SegaSam,Pac-Man,29306,94,27,Novice
PixelPete,Space Invaders,43800,72,42,Casual
PixelPete,Galaga,61848,81,10,Casual
RetroRider,Space Invaders,97389,94,12,Pro Gamer
ChompQueen,Pac-Man,39220,63,6,Casual
KongKiller,Frogger,48451,64,4,Casual
RetroRider,Galaga,23568,82,10,Novice
SegaSam,Pac-Man,33371,82,16,Casual
BlipBlop,Frogger,133283,91,11,Grandmaster
RetroRider,Galaga,48117,68,24,Casual
BlipBlop,Donkey Kong,124758,98,12,Grandmaster
ChompQueen,Donkey Kong,151945,79,34,Grandmaster
KongKiller,Galaga,60337,92,24,Casual
SegaSam,Space Invaders,55446,98,29,Casual
SegaSam,Donkey Kong,20364,71,5,Novice
PixelPete,Galaga,41280,66,31,Casual
RetroRider,Frogger,87944,88,46,Pro Gamer
BlipBlop,Space Invaders,149838,90,44,Grandmaster
ChompQueen,Frogger,153284,68,39,Grandmaster
ChompQueen,Galaga,141673,90,2,Grandmaster
RetroRider,Galaga,79331,85,34,Casual
KongKiller,Donkey Kong,56712,81,36,Casual
ChompQueen,Donkey Kong,114132,98,32,Pro Gamer
PixelPete,Galaga,104335,90,11,Pro Gamer
KongKiller,Galaga,34994,94,44,Casual
NeoGeo,Pac-Man,137584,71,29,Grandmaster
PixelPete,Frogger,77922,79,29,Casual
ChompQueen,Pac-Man,35890,61,9,Casual
SegaSam,Galaga,145396,72,5,Grandmaster
SegaSam,Galaga,34277,86,27,Casual
ChompQueen,Pac-Man,46489,76,38,Casual
PixelPete,Pac-Man,81567,64,23,Pro Gamer
NeoGeo,Donkey Kong,89051,98,28,Pro Gamer
ChompQueen,Donkey Kong,76281,92,17,Casual
SegaSam,Space Invaders,26707,90,13,Novice
SegaSam,Pac-Man,21657,94,33,Novice
RetroRider,Pac-Man,56588,61,14,Casual
ChompQueen,Pac-Man,61724,99,39,Casual
ChompQueen,Frogger,57038,83,43,Casual
BlipBlop,Donkey Kong,145076,86,10,Grandmaster
KongKiller,Frogger,41917,62,8,Casual
BlipBlop,Donkey Kong,43221,99,6,Casual
SegaSam,Frogger,54712,70,6,Casual
RetroRider,Donkey Kong,60678,90,15,Casual
KongKiller,Galaga,86102,88,33,Pro Gamer
RetroRider,Pac-Man,82426,99,8,Pro Gamer
NeoGeo,Space Invaders,130483,96,27,Grandmaster
RetroRider,Donkey Kong,48501,93,9,Casual
PixelPete,Frogger,123553,92,10,Grandmaster
RetroRider,Frogger,16803,69,20,Novice
PixelPete,Space Invaders,13890,61,39,Novice
ChompQueen,Donkey Kong,148364,89,33,Grandmaster
KongKiller,Space Invaders,131275,87,39,Grandmaster
SegaSam,Frogger,46811,97,42,Casual
SegaSam,Frogger,94043,67,39,Pro Gamer
NeoGeo,Space Invaders,19158,84,12,Novice
NeoGeo,Galaga,46593,98,9,Casual
ChompQueen,Space Invaders,152768,72,26,Grandmaster
NeoGeo,Donkey Kong,105603,66,14,Pro Gamer
KongKiller,Pac-Man,26705,76,26,Novice
KongKiller,Pac-Man,6420,65,18,Novice
BlipBlop,Galaga,120447,84,19,Grandmaster
KongKiller,Galaga,136982,76,40,Grandmaster
BlipBlop,Galaga,109053,90,12,Pro Gamer
SegaSam,Frogger,127413,94,39,Grandmaster
BlipBlop,Frogger,91417,91,3,Pro Gamer
RetroRider,Frogger,94205,76,29,Pro Gamer
ChompQueen,Donkey Kong,51436,80,2,Casual
NeoGeo,Galaga,79034,65,42,Casual
SegaSam,Galaga,34946,84,13,Casual
ChompQueen,Pac-Man,110438,96,9,Pro Gamer
ChompQueen,Donkey Kong,87888,72,38,Pro Gamer
BlipBlop,Space Invaders,151481,61,19,Grandmaster
PixelPete,Pac-Man,61773,82,10,Casual
ChompQueen,Frogger,151392,83,37,Grandmaster
NeoGeo,Space Invaders,137761,89,6,Grandmaster
KongKiller,Galaga,67960,99,6,Casual
RetroRider,Frogger,38161,73,35,Casual
NeoGeo,Galaga,30941,95,24,Casual
SegaSam,Frogger,43444,89,24,Casual
KongKiller,Donkey Kong,149572,98,23,Grandmaster
ChompQueen,Space Invaders,67976,88,6,Casual
BlipBlop,Pac-Man,15983,90,15,Novice
PixelPete,Pac-Man,61573,94,45,Casual
KongKiller,Galaga,73799,97,26,Casual
PixelPete,Galaga,111275,76,12,Pro Gamer
BlipBlop,Donkey Kong,37613,83,44,Casual
KongKiller,Pac-Man,130655,75,6,Grandmaster
NeoGeo,Galaga,129953,84,16,Grandmaster
SegaSam,Space Invaders,127352,70,31,Grandmaster
PixelPete,Space Invaders,129707,99,25,Grandmaster
SegaSam,Pac-Man,150480,83,10,Grandmaster
SegaSam,Frogger,34688,67,6,Casual
PixelPete,Space Invaders,109853,89,35,Pro Gamer
PixelPete,Frogger,90293,66,36,Pro Gamer
RetroRider,Space Invaders,74678,78,39,Casual
RetroRider,Pac-Man,75881,95,25,Casual
NeoGeo,Galaga,24682,87,7,Novice
KongKiller,Frogger,41846,75,37,Casual
KongKiller,Galaga,64196,96,23,Casual
PixelPete,Pac-Man,55101,99,7,Casual
BlipBlop,Galaga,108435,88,23,Pro Gamer
PixelPete,Galaga,112042,95,2,Pro Gamer
NeoGeo,Frogger,78399,86,18,Casual
SegaSam,Pac-Man,73317,64,24,Casual
NeoGeo,Pac-Man,24749,68,21,Novice
NeoGeo,Space Invaders,107152,91,26,Pro Gamer
ChompQueen,Donkey Kong,91418,83,46,Pro Gamer
ChompQueen,Galaga,144488,86,37,Grandmaster
ChompQueen,Space Invaders,102285,64,11,Pro Gamer
BlipBlop,Space Invaders,71419,73,3,Casual
KongKiller,Space Invaders,45966,88,11,Casual
NeoGeo,Space Invaders,73824,72,15,Casual
KongKiller,Donkey Kong,36941,63,5,Casual
BlipBlop,Space Invaders,52268,99,12,Casual
KongKiller,Pac-Man,70885,95,44,Casual
RetroRider,Pac-Man,14985,100,32,Novice
KongKiller,Galaga,92695,90,14,Pro Gamer
KongKiller,Space Invaders,54554,75,43,Casual
KongKiller,Pac-Man,69338,65,36,Casual
ChompQueen,Frogger,18530,82,42,Novice
RetroRider,Pac-Man,109208,85,5,Pro Gamer
SegaSam,Space Invaders,150795,79,3,Grandmaster
RetroRider,Pac-Man,53692,73,40,Casual
ChompQueen,Pac-Man,104266,90,33,Pro Gamer
NeoGeo,Donkey Kong,79934,65,3,Casual
RetroRider,Space Invaders,123976,76,31,Grandmaster
ChompQueen,Space Invaders,143833,84,8,Grandmaster
BlipBlop,Galaga,144181,77,6,Grandmaster
PixelPete,Frogger,107099,88,36,Pro Gamer
BlipBlop,Space Invaders,138526,76,18,Grandmaster
BlipBlop,Galaga,45699,80,30,Casual
SegaSam,Galaga,52006,95,26,Casual
ChompQueen,Donkey Kong,109105,64,37,Pro Gamer
PixelPete,Donkey Kong,93448,69,38,Pro Gamer
BlipBlop,Space Invaders,67839,85,37,Casual
NeoGeo,Frogger,14771,73,16,Novice
PixelPete,Galaga,31589,82,34,Casual
KongKiller,Galaga,81639,93,28,Pro Gamer
PixelPete,Donkey Kong,95825,70,8,Pro Gamer
RetroRider,Frogger,26516,65,10,Novice
BlipBlop,Pac-Man,99261,95,40,Pro Gamer
RetroRider,Pac-Man,9499,62,45,Novice
BlipBlop,Frogger,35458,90,16,Casual
ChompQueen,Pac-Man,38756,100,10,Casual
PixelPete,Galaga,35826,87,6,Casual
NeoGeo,Pac-Man,24008,82,46,Novice
RetroRider,Galaga,101163,69,20,Pro Gamer
KongKiller,Space Invaders,49552,94,25,Casual
RetroRider,Pac-Man,115855,91,40,Pro Gamer
ChompQueen,Galaga,103170,63,45,Pro Gamer
SegaSam,Space Invaders,120936,63,46,Grandmaster
NeoGeo,Space Invaders,151524,66,5,Grandmaster
SegaSam,Donkey Kong,124704,99,7,Grandmaster
NeoGeo,Pac-Man,118257,74,10,Pro Gamer
BlipBlop,Donkey Kong,19222,97,8,Novice
NeoGeo,Pac-Man,69281,75,22,Casual
KongKiller,Pac-Man,68436,71,24,Casual
SegaSam,Space Invaders,69342,70,25,Casual
BlipBlop,Frogger,102646,74,29,Pro Gamer
NeoGeo,Frogger,73418,62,34,Casual
PixelPete,Donkey Kong,116252,100,35,Pro Gamer
KongKiller,Donkey Kong,104773,62,21,Pro Gamer
BlipBlop,Frogger,29944,76,3,Novice
RetroRider,Donkey Kong,18419,85,8,Novice
ChompQueen,Galaga,8443,72,8,Novice
SegaSam,Galaga,122370,72,7,Grandmaster
NeoGeo,Pac-Man,65425,78,32,Casual
RetroRider,Space Invaders,125521,83,37,Grandmaster
RetroRider,Pac-Man,77989,84,45,Casual
ChompQueen,Pac-Man,138885,63,16,Grandmaster
PixelPete,Space Invaders,32438,96,35,Casual
PixelPete,Space Invaders,105006,68,24,Pro Gamer
SegaSam,Frogger,45169,67,12,Casual
KongKiller,Space Invaders,14639,68,28,Novice
KongKiller,Frogger,57328,66,12,Casual
BlipBlop,Space Invaders,106258,97,20,Pro Gamer
PixelPete,Galaga,108119,63,15,Pro Gamer
ChompQueen,Pac-Man,104018,65,39,Pro Gamer
ChompQueen,Donkey Kong,123495,99,18,Grandmaster
ChompQueen,Frogger,78171,76,12,Casual
SegaSam,Frogger,32114,75,46,Casual
NeoGeo,Galaga,23061,79,26,Novice
NeoGeo,Galaga,117895,80,24,Pro Gamer
PixelPete,Galaga,104727,73,5,Pro Gamer
KongKiller,Pac-Man,149248,72,26,Grandmaster
BlipBlop,Pac-Man,50031,74,25,Casual
BlipBlop,Galaga,125838,67,27,Grandmaster
KongKiller,Pac-Man,123605,77,2,Grandmaster
KongKiller,Donkey Kong,68222,95,5,Casual
SegaSam,Space Invaders,13720,69,44,Novice
SegaSam,Pac-Man,69100,78,31,Casual
ChompQueen,Pac-Man,25529,99,33,Novice
ChompQueen,Space Invaders,47262,61,4,Casual
BlipBlop,Space Invaders,61195,64,21,Casual
NeoGeo,Pac-Man,94627,69,12,Pro Gamer
RetroRider,Donkey Kong,6533,85,21,Novice
PixelPete,Donkey Kong,20593,69,23,Novice
RetroRider,Galaga,54439,80,38,Casual
ChompQueen,Donkey Kong,84501,64,9,Pro Gamer
SegaSam,Donkey Kong,95649,75,22,Pro Gamer
BlipBlop,Frogger,80141,97,29,Pro Gamer
RetroRider,Frogger,71658,60,8,Casual
NeoGeo,Pac-Man,84938,69,33,Pro Gamer
RetroRider,Frogger,113476,74,20,Pro Gamer
PixelPete,Space Invaders,43385,61,18,Casual
ChompQueen,Frogger,34245,93,27,Casual
RetroRider,Space Invaders,122408,97,3,Grandmaster
KongKiller,Space Invaders,136346,88,27,Grandmaster
RetroRider,Space Invaders,36044,61,17,Casual
PixelPete,Donkey Kong,85980,68,24,Pro Gamer
ChompQueen,Frogger,117865,69,25,Pro Gamer
PixelPete,Pac-Man,60268,99,20,Casual
BlipBlop,Space Invaders,52947,97,24,Casual
RetroRider,Pac-Man,41572,85,38,Casual
BlipBlop,Donkey Kong,70985,65,13,Casual
SegaSam,Space Invaders,24987,97,16,Novice
SegaSam,Galaga,133336,61,8,Grandmaster
NeoGeo,Galaga,95235,84,14,Pro Gamer
NeoGeo,Donkey Kong,63189,79,42,Casual
RetroRider,Pac-Man,47799,65,19,Casual
BlipBlop,Space Invaders,11244,68,22,Novice
RetroRider,Space Invaders,101044,90,9,Pro Gamer
ChompQueen,Galaga,7773,76,16,Novice
SegaSam,Galaga,60001,83,27,Casual
NeoGeo,Space Invaders,54671,68,11,Casual
NeoGeo,Space Invaders,130545,61,20,Grandmaster
KongKiller,Frogger,42916,61,10,Casual
KongKiller,Frogger,77613,98,30,Casual
SegaSam,Donkey Kong,121347,68,36,Grandmaster
NeoGeo,Pac-Man,107815,65,17,Pro Gamer
NeoGeo,Space Invaders,92300,72,19,Pro Gamer
KongKiller,Space Invaders,9202,93,24,Novice
BlipBlop,Frogger,133406,60,12,Grandmaster
BlipBlop,Pac-Man,112134,62,7,Pro Gamer
PixelPete,Space Invaders,91563,77,35,Pro Gamer
BlipBlop,Space Invaders,26760,76,45,Novice
KongKiller,Galaga,88597,91,21,Pro Gamer
NeoGeo,Frogger,141359,67,7,Grandmaster
PixelPete,Pac-Man,37962,83,19,Casual
PixelPete,Galaga,30154,99,4,Casual
SegaSam,Space Invaders,34258,91,30,Casual
ChompQueen,Frogger,107493,70,24,Pro Gamer
ChompQueen,Space Invaders,140385,89,45,Grandmaster
BlipBlop,Space Invaders,123267,78,36,Grandmaster
NeoGeo,Galaga,135199,64,45,Grandmaster
KongKiller,Galaga,150205,68,11,Grandmaster
PixelPete,Galaga,120860,77,6,Grandmaster
PixelPete,Space Invaders,69233,72,38,Casual
NeoGeo,Space Invaders,113033,98,29,Pro Gamer
PixelPete,Frogger,95711,67,16,Pro Gamer
PixelPete,Frogger,17706,70,26,Novice
ChompQueen,Galaga,95205,95,14,Pro Gamer
KongKiller,Pac-Man,73422,80,31,Casual
KongKiller,Donkey Kong,114051,96,41,Pro Gamer
BlipBlop,Pac-Man,116425,86,15,Pro Gamer
NeoGeo,Galaga,49745,72,16,Casual
PixelPete,Space Invaders,34432,88,28,Casual
RetroRider,Pac-Man,112581,99,29,Pro Gamer
BlipBlop,Donkey Kong,89787,77,39,Pro Gamer
RetroRider,Donkey Kong,29402,67,25,Novice
SegaSam,Frogger,101569,75,24,Pro Gamer
KongKiller,Pac-Man,7762,69,45,Novice
BlipBlop,Donkey Kong,29669,82,19,Novice
RetroRider,Space Invaders,18676,90,17,Novice
KongKiller,Frogger,111078,61,36,Pro Gamer
ChompQueen,Galaga,33610,92,5,Casual
PixelPete,Pac-Man,63643,62,40,Casual
PixelPete,Space Invaders,132553,74,3,Grandmaster
SegaSam,Space Invaders,139845,70,31,Grandmaster
SegaSam,Galaga,89724,92,7,Pro Gamer
KongKiller,Donkey Kong,64326,95,11,Casual
ChompQueen,Donkey Kong,132211,93,28,Grandmaster
PixelPete,Donkey Kong,33639,81,38,Casual
BlipBlop,Frogger,107565,72,23,Pro Gamer
PixelPete,Donkey Kong,13327,86,25,Novice
BlipBlop,Frogger,127342,66,44,Grandmaster
BlipBlop,Pac-Man,73751,85,37,Casual
ChompQueen,Galaga,99122,69,25,Pro Gamer
SegaSam,Space Invaders,126898,82,41,Grandmaster
ChompQueen,Pac-Man,46168,65,23,Casual
BlipBlop,Pac-Man,61489,84,5,Casual
ChompQueen,Galaga,88594,90,19,Pro Gamer
BlipBlop,Galaga,128476,81,29,Grandmaster
PixelPete,Galaga,81665,83,7,Pro Gamer
RetroRider,Galaga,132197,90,45,Grandmaster
BlipBlop,Pac-Man,49398,66,43,Casual
ChompQueen,Frogger,16206,65,42,Novice
ChompQueen,Space Invaders,15995,93,27,Novice
KongKiller,Frogger,106674,89,19,Pro Gamer
ChompQueen,Space Invaders,59721,88,26,Casual
PixelPete,Pac-Man,37512,65,24,Casual
KongKiller,Space Invaders,79035,94,35,Casual
BlipBlop,Space Invaders,45308,65,32,Casual
BlipBlop,Pac-Man,102137,98,38,Pro Gamer
NeoGeo,Space Invaders,19008,84,27,Novice
KongKiller,Galaga,5815,68,43,Novice
SegaSam,Pac-Man,149479,92,19,Grandmaster
SegaSam,Galaga,102052,73,12,Pro Gamer
ChompQueen,Pac-Man,78809,76,28,Casual
SegaSam,Pac-Man,88343,79,12,Pro Gamer
ChompQueen,Pac-Man,47178,65,14,Casual
NeoGeo,Space Invaders,104236,69,20,Pro Gamer
BlipBlop,Galaga,106924,67,20,Pro Gamer
BlipBlop,Space Invaders,49846,84,22,Casual
PixelPete,Space Invaders,82221,69,25,Pro Gamer
NeoGeo,Pac-Man,23252,80,31,Novice
BlipBlop,Pac-Man,16883,88,24,Novice
PixelPete,Pac-Man,47310,78,12,Casual
RetroRider,Frogger,44956,81,34,Casual
BlipBlop,Pac-Man,84562,94,22,Pro Gamer
PixelPete,Pac-Man,127882,66,15,Grandmaster
RetroRider,Donkey Kong,65359,77,5,Casual
RetroRider,Space Invaders,142194,94,32,Grandmaster
SegaSam,Frogger,62508,88,22,Casual
BlipBlop,Donkey Kong,131325,60,41,Grandmaster
KongKiller,Galaga,76953,76,36,Casual
RetroRider,Pac-Man,64175,86,37,Casual
RetroRider,Space Invaders,110859,89,31,Pro Gamer
BlipBlop,Galaga,111837,68,15,Pro Gamer
ChompQueen,Donkey Kong,100462,77,29,Pro Gamer
PixelPete,Pac-Man,103972,88,33,Pro Gamer
PixelPete,Galaga,143724,60,32,Grandmaster
ChompQueen,Donkey Kong,18284,86,42,Novice
NeoGeo,Space Invaders,98626,91,25,Pro Gamer
NeoGeo,Space Invaders,75986,100,18,Casual
SegaSam,Galaga,97786,97,20,Pro Gamer
KongKiller,Frogger,59469,95,46,Casual
SegaSam,Galaga,65212,100,14,Casual
BlipBlop,Galaga,86655,96,38,Pro Gamer
RetroRider,Galaga,17750,93,18,Novice
ChompQueen,Galaga,42293,99,33,Casual
ChompQueen,Galaga,84787,84,7,Pro Gamer
RetroRider,Pac-Man,116514,76,3,Pro Gamer
KongKiller,Donkey Kong,128783,87,3,Grandmaster
NeoGeo,Galaga,94605,92,21,Pro Gamer
ChompQueen,Pac-Man,46337,94,24,Casual
PixelPete,Pac-Man,37155,84,27,Casual
RetroRider,Galaga,139915,64,30,Grandmaster
RetroRider,Space Invaders,35486,76,26,Casual
NeoGeo,Frogger,112852,74,35,Pro Gamer
BlipBlop,Frogger,123820,80,23,Grandmaster
PixelPete,Frogger,101517,76,33,Pro Gamer
ChompQueen,Donkey Kong,21716,92,12,Novice
NeoGeo,Space Invaders,36168,97,37,Casual
KongKiller,Donkey Kong,83131,86,27,Pro Gamer
KongKiller,Galaga,66429,72,8,Casual
RetroRider,Galaga,39212,99,5,Casual
SegaSam,Space Invaders,87263,91,40,Pro Gamer
NeoGeo,Pac-Man,43566,92,44,Casual
SegaSam,Space Invaders,106148,96,42,Pro Gamer
BlipBlop,Space Invaders,90935,81,24,Pro Gamer
SegaSam,Space Invaders,128538,82,31,Grandmaster
KongKiller,Space Invaders,64182,65,16,Casual
ChompQueen,Space Invaders,90462,69,17,Pro Gamer
PixelPete,Galaga,11525,71,8,Novice
KongKiller,Pac-Man,106350,66,36,Pro Gamer
BlipBlop,Pac-Man,91749,81,25,Pro Gamer
BlipBlop,Frogger,151511,63,29,Grandmaster
ChompQueen,Frogger,77660,84,2,Casual
PixelPete,Frogger,56929,94,28,Casual
SegaSam,Space Invaders,6592,69,25,Novice
BlipBlop,Frogger,127870,83,16,Grandmaster
NeoGeo,Pac-Man,5615,73,34,Novice
RetroRider,Frogger,94459,93,46,Pro Gamer
KongKiller,Frogger,97311,75,11,Pro Gamer
BlipBlop,Galaga,90278,65,46,Pro Gamer
NeoGeo,Galaga,32663,87,36,Casual
NeoGeo,Galaga,86742,85,46,Pro Gamer
BlipBlop,Donkey Kong,24761,71,13,Novice
ChompQueen,Frogger,63328,91,46,Casual
SegaSam,Space Invaders,144223,93,13,Grandmaster
PixelPete,Space Invaders,115870,75,43,Pro Gamer
BlipBlop,Frogger,153865,85,26,Grandmaster
PixelPete,Space Invaders,87443,94,41,Pro Gamer
RetroRider,Space Invaders,50640,72,18,Casual
PixelPete,Space Invaders,41362,84,12,Casual
PixelPete,Pac-Man,40092,68,45,Casual
PixelPete,Space Invaders,140405,72,12,Grandmaster
PixelPete,Space Invaders,79081,97,30,Casual
SegaSam,Space Invaders,73058,85,12,Casual
SegaSam,Galaga,82593,68,16,Pro Gamer
NeoGeo,Galaga,50176,88,42,Casual
RetroRider,Frogger,26011,82,12,Novice
RetroRider,Galaga,87744,88,43,Pro Gamer
SegaSam,Donkey Kong,60536,72,17,Casual
PixelPete,Pac-Man,152895,64,46,Grandmaster
SegaSam,Donkey Kong,80229,70,46,Pro Gamer
ChompQueen,Space Invaders,42912,64,4,Casual
SegaSam,Donkey Kong,20772,90,16,Novice
PixelPete,Frogger,147342,84,2,Grandmaster
ChompQueen,Galaga,62781,88,7,Casual
RetroRider,Galaga,13688,78,44,Novice
ChompQueen,Space Invaders,37033,84,5,Casual
BlipBlop,Frogger,124398,60,41,Grandmaster
PixelPete,Galaga,151463,99,20,Grandmaster
NeoGeo,Frogger,58816,68,18,Casual
KongKiller,Galaga,152768,88,40,Grandmaster
PixelPete,Donkey Kong,21967,87,9,Novice
SegaSam,Pac-Man,71116,72,12,Casual
BlipBlop,Frogger,70036,60,9,Casual
KongKiller,Pac-Man,7023,80,19,Novice
ChompQueen,Galaga,109877,94,32,Pro Gamer
PixelPete,Space Invaders,128741,70,29,Grandmaster
BlipBlop,Donkey Kong,91598,90,38,Pro Gamer
SegaSam,Pac-Man,154242,70,24,Grandmaster
NeoGeo,Pac-Man,34996,75,42,Casual
BlipBlop,Donkey Kong,58302,82,10,Casual
NeoGeo,Pac-Man,13405,77,45,Novice
KongKiller,Pac-Man,12661,66,35,Novice
NeoGeo,Donkey Kong,68133,88,35,Casual
ChompQueen,Pac-Man,130437,61,12,Grandmaster
RetroRider,Space Invaders,22434,89,38,Novice
KongKiller,Frogger,103511,61,18,Pro Gamer
PixelPete,Galaga,53695,93,45,Casual
NeoGeo,Frogger,115624,96,19,Pro Gamer
PixelPete,Frogger,15454,85,40,Novice
KongKiller,Pac-Man,136298,80,28,Grandmaster
RetroRider,Galaga,74143,94,34,Casual
NeoGeo,Frogger,10907,67,10,Novice
BlipBlop,Galaga,70806,82,34,Casual
ChompQueen,Space Invaders,80191,84,32,Pro Gamer
RetroRider,Galaga,145681,64,20,Grandmaster
NeoGeo,Pac-Man,26448,71,28,Novice
KongKiller,Donkey Kong,87199,96,5,Pro Gamer
RetroRider,Space Invaders,49979,87,27,Casual
BlipBlop,Donkey Kong,33109,65,26,Casual
KongKiller,Donkey Kong,37854,90,15,Casual
SegaSam,Space Invaders,64307,99,4,Casual
NeoGeo,Donkey Kong,122964,91,7,Grandmaster
RetroRider,Pac-Man,152940,98,5,Grandmaster
KongKiller,Donkey Kong,100491,97,32,Pro Gamer
BlipBlop,Donkey Kong,102299,89,29,Pro Gamer
SegaSam,Space Invaders,67109,89,27,Casual
NeoGeo,Space Invaders,138729,71,22,Grandmaster
SegaSam,Donkey Kong,12546,75,20,Novice
NeoGeo,Space Invaders,68723,93,30,Casual
SegaSam,Donkey Kong,15063,63,23,Novice
PixelPete,Space Invaders,27569,69,27,Novice
NeoGeo,Space Invaders,13967,79,14,Novice
ChompQueen,Frogger,63418,81,10,Casual
KongKiller,Frogger,31110,73,27,Casual
SegaSam,Galaga,47611,87,11,Casual
RetroRider,Space Invaders,136718,66,3,Grandmaster
SegaSam,Donkey Kong,59855,84,18,Casual
RetroRider,Galaga,71794,79,15,Casual
KongKiller,Frogger,117441,95,4,Pro Gamer
NeoGeo,Frogger,143616,72,11,Grandmaster
ChompQueen,Pac-Man,37414,85,17,Casual
PixelPete,Donkey Kong,41148,75,26,Casual
SegaSam,Donkey Kong,33102,81,2,Casual
BlipBlop,Galaga,41751,95,37,Casual
RetroRider,Donkey Kong,60849,66,26,Casual
SegaSam,Galaga,57830,91,33,Casual
ChompQueen,Frogger,36991,68,12,Casual
BlipBlop,Space Invaders,113302,65,18,Pro Gamer
BlipBlop,Galaga,111640,76,45,Pro Gamer
ChompQueen,Space Invaders,69572,72,41,Casual
KongKiller,Pac-Man,52387,65,26,Casual
KongKiller,Frogger,93074,73,4,Pro Gamer
SegaSam,Space Invaders,135619,94,46,Grandmaster
ChompQueen,Pac-Man,138781,70,3,Grandmaster
PixelPete,Donkey Kong,121372,61,8,Grandmaster
BlipBlop,Frogger,11924,99,31,Novice
ChompQueen,Donkey Kong,69739,71,38,Casual
PixelPete,Space Invaders,133099,86,24,Grandmaster
RetroRider,Galaga,83852,73,19,Pro Gamer
SegaSam,Frogger,103317,82,33,Pro Gamer
KongKiller,Frogger,140429,86,7,Grandmaster
ChompQueen,Galaga,29992,90,24,Novice
RetroRider,Donkey Kong,10200,92,25,Novice
NeoGeo,Pac-Man,12353,73,30,Novice
KongKiller,Frogger,83879,78,15,Pro Gamer
PixelPete,Pac-Man,32448,74,25,Casual
PixelPete,Galaga,101897,97,21,Pro Gamer
ChompQueen,Galaga,102054,96,6,Pro Gamer
PixelPete,Space Invaders,27689,72,37,Novice
NeoGeo,Pac-Man,92674,66,28,Pro Gamer
RetroRider,Space Invaders,13543,86,4,Novice
BlipBlop,Donkey Kong,113026,82,30,Pro Gamer
PixelPete,Donkey Kong,46342,69,6,Casual
RetroRider,Frogger,93198,81,12,Pro Gamer
NeoGeo,Space Invaders,64749,80,33,Casual
ChompQueen,Space Invaders,146297,69,46,Grandmaster
BlipBlop,Donkey Kong,115026,86,2,Pro Gamer
ChompQueen,Galaga,62953,87,40,Casual
PixelPete,Galaga,64520,69,23,Casual
KongKiller,Pac-Man,34413,92,10,Casual
RetroRider,Donkey Kong,76402,69,15,Casual
ChompQueen,Pac-Man,98069,90,7,Pro Gamer
ChompQueen,Space Invaders,150376,73,44,Grandmaster
RetroRider,Frogger,47893,97,35,Casual
NeoGeo,Pac-Man,104559,85,11,Pro Gamer
ChompQueen,Pac-Man,74027,98,9,Casual
PixelPete,Frogger,141390,78,39,Grandmaster
KongKiller,Donkey Kong,81943,89,6,Pro Gamer
BlipBlop,Space Invaders,20052,66,17,Novice
KongKiller,Frogger,39922,82,7,Casual
BlipBlop,Donkey Kong,91534,99,31,Pro Gamer
BlipBlop,Galaga,111086,78,24,Pro Gamer
SegaSam,Frogger,8236,99,41,Novice
SegaSam,Donkey Kong,117045,75,5,Pro Gamer
NeoGeo,Donkey Kong,48699,62,19,Casual
NeoGeo,Space Invaders,106966,63,46,Pro Gamer
BlipBlop,Galaga,70358,90,12,Casual
KongKiller,Pac-Man,54545,97,21,Casual
ChompQueen,Donkey Kong,27118,65,10,Novice
BlipBlop,Donkey Kong,94459,67,46,Pro Gamer
ChompQueen,Space Invaders,138657,89,27,Grandmaster
RetroRider,Donkey Kong,35205,76,41,Casual
PixelPete,Frogger,119599,99,41,Pro Gamer
ChompQueen,Pac-Man,130799,94,7,Grandmaster
SegaSam,Pac-Man,148624,99,14,Grandmaster
NeoGeo,Space Invaders,22609,78,37,Novice
ChompQueen,Donkey Kong,35002,77,24,Casual
RetroRider,Frogger,151521,75,14,Grandmaster
RetroRider,Donkey Kong,94839,74,36,Pro Gamer
ChompQueen,Frogger,31576,94,25,Casual
KongKiller,Frogger,87116,65,19,Pro Gamer
ChompQueen,Pac-Man,154311,78,40,Grandmaster
SegaSam,Donkey Kong,14093,95,26,Novice
SegaSam,Galaga,63663,85,10,Casual
PixelPete,Space Invaders,46565,69,14,Casual
ChompQueen,Pac-Man,108805,76,18,Pro Gamer
NeoGeo,Galaga,111481,97,36,Pro Gamer
KongKiller,Pac-Man,103068,99,12,Pro Gamer
BlipBlop,Donkey Kong,139908,79,7,Grandmaster
KongKiller,Galaga,111812,69,18,Pro Gamer
ChompQueen,Space Invaders,77270,73,39,Casual
KongKiller,Donkey Kong,27608,88,24,Novice
KongKiller,Frogger,81647,70,37,Pro Gamer
SegaSam,Galaga,153678,96,2,Grandmaster
KongKiller,Pac-Man,26624,75,7,Novice
SegaSam,Galaga,41118,78,8,Casual
NeoGeo,Frogger,93321,63,35,Pro Gamer
PixelPete,Frogger,83517,72,10,Pro Gamer
KongKiller,Frogger,80501,89,26,Pro Gamer
KongKiller,Pac-Man,136715,98,10,Grandmaster
SegaSam,Galaga,108570,91,6,Pro Gamer
ChompQueen,Pac-Man,68063,85,6,Casual
BlipBlop,Galaga,97301,65,35,Pro Gamer
PixelPete,Donkey Kong,106172,66,16,Pro Gamer
NeoGeo,Galaga,26507,79,37,Novice
KongKiller,Donkey Kong,114341,77,39,Pro Gamer
RetroRider,Frogger,116499,87,31,Pro Gamer
KongKiller,Frogger,25427,88,24,Novice
ChompQueen,Donkey Kong,31783,67,13,Casual
ChompQueen,Donkey Kong,113327,71,14,Pro Gamer
NeoGeo,Space Invaders,53282,96,2,Casual
ChompQueen,Pac-Man,19987,74,44,Novice
NeoGeo,Space Invaders,42828,93,36,Casual
KongKiller,Pac-Man,31619,78,36,Casual
NeoGeo,Frogger,65113,82,5,Casual
SegaSam,Donkey Kong,5568,85,46,Novice
RetroRider,Pac-Man,65224,62,38,Casual
KongKiller,Donkey Kong,81124,79,36,Pro Gamer
BlipBlop,Space Invaders,31393,79,34,Casual
RetroRider,Frogger,76545,61,22,Casual
ChompQueen,Pac-Man,65309,87,33,Casual
KongKiller,Space Invaders,84956,80,46,Pro Gamer
ChompQueen,Space Invaders,31298,98,36,Casual
BlipBlop,Donkey Kong,144111,67,31,Grandmaster
BlipBlop,Frogger,74159,60,12,Casual
SegaSam,Pac-Man,81171,95,46,Pro Gamer
RetroRider,Frogger,38698,86,43,Casual
SegaSam,Pac-Man,61204,64,43,Casual
ChompQueen,Pac-Man,147009,97,13,Grandmaster
RetroRider,Space Invaders,102373,100,33,Pro Gamer
PixelPete,Space Invaders,147590,84,11,Grandmaster
SegaSam,Space Invaders,56604,69,2,Casual
NeoGeo,Space Invaders,28797,65,21,Novice
NeoGeo,Frogger,58129,87,21,Casual
ChompQueen,Space Invaders,76967,90,20,Casual
BlipBlop,Space Invaders,146792,91,21,Grandmaster
RetroRider,Donkey Kong,14361,92,39,Novice
NeoGeo,Space Invaders,69941,68,42,Casual
PixelPete,Galaga,29407,86,34,Novice
SegaSam,Donkey Kong,32678,66,32,Casual
ChompQueen,Space Invaders,32643,70,32,Casual
NeoGeo,Donkey Kong,43764,73,42,Casual
PixelPete,Galaga,70418,75,35,Casual
BlipBlop,Frogger,34587,86,34,Casual
NeoGeo,Pac-Man,20838,85,40,Novice
KongKiller,Frogger,32497,94,22,Casual
BlipBlop,Galaga,90183,90,38,Pro Gamer
ChompQueen,Donkey Kong,112730,93,34,Pro Gamer
BlipBlop,Galaga,28003,66,22,Novice
SegaSam,Galaga,15809,73,8,Novice
KongKiller,Pac-Man,86389,72,13,Pro Gamer
SegaSam,Galaga,71771,62,40,Casual
BlipBlop,Donkey Kong,133402,87,34,Grandmaster
NeoGeo,Pac-Man,63533,98,32,Casual
NeoGeo,Donkey Kong,128230,78,26,Grandmaster
SegaSam,Frogger,35382,95,3,Casual
RetroRider,Space Invaders,74926,93,22,Casual
SegaSam,Donkey Kong,58702,98,43,Casual
RetroRider,Galaga,47224,77,43,Casual
BlipBlop,Pac-Man,78389,77,30,Casual
ChompQueen,Pac-Man,102661,93,20,Pro Gamer
NeoGeo,Frogger,63808,99,21,Casual
BlipBlop,Frogger,99592,89,10,Pro Gamer
BlipBlop,Galaga,106246,71,21,Pro Gamer
PixelPete,Donkey Kong,141863,79,15,Grandmaster
KongKiller,Frogger,10513,86,20,Novice
KongKiller,Galaga,151334,91,13,Grandmaster
RetroRider,Pac-Man,32087,78,9,Casual
NeoGeo,Frogger,100219,65,13,Pro Gamer
BlipBlop,Donkey Kong,8448,99,46,Novice
BlipBlop,Pac-Man,117060,78,41,Pro Gamer
PixelPete,Pac-Man,154137,88,29,Grandmaster
NeoGeo,Space Invaders,106830,76,30,Pro Gamer
ChompQueen,Pac-Man,60094,76,27,Casual
RetroRider,Pac-Man,60823,81,27,Casual
RetroRider,Galaga,84527,87,9,Pro Gamer
PixelPete,Space Invaders,16892,97,46,Novice
RetroRider,Frogger,28513,72,10,Novice
RetroRider,Space Invaders,10389,72,24,Novice
NeoGeo,Pac-Man,36268,66,2,Casual
RetroRider,Space Invaders,13652,67,46,Novice
KongKiller,Frogger,75324,71,34,Casual
RetroRider,Space Invaders,77110,74,33,Casual
BlipBlop,Pac-Man,92969,99,17,Pro Gamer
ChompQueen,Pac-Man,93337,72,17,Pro Gamer
NeoGeo,Space Invaders,39577,62,11,Casual
BlipBlop,Donkey Kong,84420,89,41,Pro Gamer
BlipBlop,Galaga,140957,88,26,Grandmaster
SegaSam,Galaga,63213,69,28,Casual
NeoGeo,Donkey Kong,149104,92,15,Grandmaster
BlipBlop,Pac-Man,139292,66,16,Grandmaster
BlipBlop,Galaga,105715,67,34,Pro Gamer
KongKiller,Pac-Man,120485,77,37,Grandmaster
BlipBlop,Pac-Man,107678,71,43,Pro Gamer
KongKiller,Galaga,97243,68,15,Pro Gamer
ChompQueen,Pac-Man,68888,73,10,Casual
BlipBlop,Pac-Man,105960,89,26,Pro Gamer
BlipBlop,Pac-Man,84863,65,36,Pro Gamer
BlipBlop,Space Invaders,12274,86,14,Novice
BlipBlop,Space Invaders,10363,79,16,Novice
RetroRider,Donkey Kong,125008,88,36,Grandmaster
KongKiller,Pac-Man,29028,85,30,Novice
KongKiller,Donkey Kong,89778,87,12,Pro Gamer
ChompQueen,Galaga,75724,67,15,Casual
PixelPete,Pac-Man,153672,72,33,Grandmaster
PixelPete,Frogger,122079,98,35,Grandmaster
RetroRider,Pac-Man,100993,70,35,Pro Gamer
ChompQueen,Galaga,18782,61,28,Novice
KongKiller,Donkey Kong,78812,72,12,Casual
RetroRider,Galaga,68259,66,22,Casual
RetroRider,Space Invaders,61541,83,10,Casual
ChompQueen,Galaga,34470,100,36,Casual
ChompQueen,Frogger,108797,98,25,Pro Gamer
RetroRider,Space Invaders,105942,93,35,Pro Gamer
KongKiller,Frogger,54293,75,8,Casual
SegaSam,Donkey Kong,112554,60,32,Pro Gamer
BlipBlop,Frogger,98091,89,10,Pro Gamer
ChompQueen,Donkey Kong,6095,71,10,Novice
NeoGeo,Frogger,51323,84,11,Casual
KongKiller,Donkey Kong,25860,65,23,Novice
RetroRider,Galaga,83770,65,39,Pro Gamer
KongKiller,Frogger,118344,63,23,Pro Gamer
RetroRider,Pac-Man,68356,69,28,Casual
RetroRider,Frogger,43533,88,33,Casual
PixelPete,Pac-Man,57087,78,41,Casual
PixelPete,Pac-Man,55085,96,9,Casual
NeoGeo,Space Invaders,76687,86,12,Casual
ChompQueen,Pac-Man,120514,86,13,Grandmaster
RetroRider,Space Invaders,66800,63,31,Casual
SegaSam,Pac-Man,61435,85,7,Casual
BlipBlop,Space Invaders,75915,79,3,Casual
KongKiller,Donkey Kong,59811,67,21,Casual
ChompQueen,Donkey Kong,123928,93,37,Grandmaster
SegaSam,Space Invaders,112211,89,43,Pro Gamer
KongKiller,Frogger,142570,65,6,Grandmaster
PixelPete,Galaga,124975,77,14,Grandmaster
KongKiller,Pac-Man,82945,92,45,Pro Gamer
KongKiller,Donkey Kong,38278,84,6,Casual
ChompQueen,Galaga,128609,80,42,Grandmaster
BlipBlop,Donkey Kong,70618,80,43,Casual
ChompQueen,Galaga,5640,85,40,Novice
SegaSam,Galaga,17047,94,7,Novice
PixelPete,Frogger,91445,90,24,Pro Gamer
ChompQueen,Donkey Kong,9768,68,15,Novice
KongKiller,Space Invaders,145021,63,5,Grandmaster
ChompQueen,Donkey Kong,61773,100,33,Casual
RetroRider,Galaga,93936,61,25,Pro Gamer
ChompQueen,Frogger,147792,90,14,Grandmaster
KongKiller,Pac-Man,147745,66,5,Grandmaster
KongKiller,Galaga,49086,70,34,Casual
BlipBlop,Donkey Kong,89627,88,35,Pro Gamer
ChompQueen,Frogger,148827,99,20,Grandmaster
NeoGeo,Donkey Kong,42535,83,13,Casual
BlipBlop,Galaga,29174,79,21,Novice
SegaSam,Galaga,86130,74,14,Pro Gamer
BlipBlop,Space Invaders,23891,61,29,Novice
ChompQueen,Pac-Man,66420,83,42,Casual
SegaSam,Space Invaders,16238,95,46,Novice
KongKiller,Pac-Man,113028,74,21,Pro Gamer
NeoGeo,Donkey Kong,99444,68,39,Pro Gamer
BlipBlop,Galaga,113808,64,39,Pro Gamer
RetroRider,Galaga,150582,81,10,Grandmaster
PixelPete,Pac-Man,59617,89,35,Casual
ChompQueen,Galaga,53455,89,41,Casual
SegaSam,Space Invaders,5187,60,11,Novice
NeoGeo,Pac-Man,78172,75,4,Casual
SegaSam,Galaga,27290,67,10,Novice
NeoGeo,Donkey Kong,127554,88,9,Grandmaster
KongKiller,Pac-Man,143193,64,25,Grandmaster
ChompQueen,Pac-Man,61507,88,42,Casual
NeoGeo,Galaga,144469,68,44,Grandmaster
KongKiller,Pac-Man,153778,61,8,Grandmaster
NeoGeo,Galaga,16735,85,11,Novice
NeoGeo,Frogger,154942,81,4,Grandmaster
PixelPete,Space Invaders,141623,88,11,Grandmaster
SegaSam,Space Invaders,147443,70,15,Grandmaster
PixelPete,Frogger,88628,75,6,Pro Gamer
BlipBlop,Space Invaders,100658,91,25,Pro Gamer
BlipBlop,Space Invaders,107849,64,4,Pro Gamer
NeoGeo,Frogger,92954,99,39,Pro Gamer
ChompQueen,Galaga,49898,82,16,Casual
ChompQueen,Donkey Kong,111416,69,45,Pro Gamer
RetroRider,Pac-Man,7684,72,27,Novice
KongKiller,Space Invaders,137922,75,36,Grandmaster
BlipBlop,Donkey Kong,74179,86,19,Casual
BlipBlop,Donkey Kong,53802,63,40,Casual
BlipBlop,Space Invaders,64565,70,24,Casual
PixelPete,Donkey Kong,126773,76,43,Grandmaster
BlipBlop,Frogger,105285,80,5,Pro Gamer
RetroRider,Galaga,122050,77,12,Grandmaster
ChompQueen,Frogger,89387,78,12,Pro Gamer
RetroRider,Frogger,48735,76,43,Casual
RetroRider,Space Invaders,39926,99,20,Casual
NeoGeo,Donkey Kong,57742,66,11,Casual
SegaSam,Frogger,95268,70,19,Pro Gamer
NeoGeo,Pac-Man,123935,77,35,Grandmaster
SegaSam,Space Invaders,14113,77,38,Novice
SegaSam,Space Invaders,87951,65,28,Pro Gamer
BlipBlop,Frogger,46660,75,43,Casual
BlipBlop,Galaga,32790,72,26,Casual
KongKiller,Frogger,93920,78,4,Pro Gamer
KongKiller,Pac-Man,137910,77,32,Grandmaster
NeoGeo,Galaga,19935,84,13,Novice
SegaSam,Galaga,47830,82,5,Casual
BlipBlop,Pac-Man,109089,84,20,Pro Gamer
RetroRider,Pac-Man,122742,93,15,Grandmaster
PixelPete,Space Invaders,149930,91,14,Grandmaster
BlipBlop,Frogger,8885,90,31,Novice
KongKiller,Pac-Man,87794,100,42,Pro Gamer
SegaSam,Galaga,100966,97,44,Pro Gamer
NeoGeo,Galaga,145231,72,30,Grandmaster
SegaSam,Pac-Man,71448,78,2,Casual
NeoGeo,Galaga,21126,88,16,Novice
BlipBlop,Pac-Man,25709,89,30,Novice
PixelPete,Donkey Kong,126518,89,25,Grandmaster
NeoGeo,Donkey Kong,66938,60,7,Casual
NeoGeo,Frogger,114222,88,5,Pro Gamer
SegaSam,Space Invaders,42068,98,5,Casual
ChompQueen,Donkey Kong,23341,82,39,Novice
PixelPete,Donkey Kong,149011,93,45,Grandmaster
RetroRider,Space Invaders,77040,75,36,Casual
RetroRider,Galaga,25703,78,9,Novice
BlipBlop,Pac-Man,134034,84,34,Grandmaster
BlipBlop,Frogger,127601,66,15,Grandmaster
PixelPete,Galaga,88692,99,23,Pro Gamer
BlipBlop,Donkey Kong,152053,69,19,Grandmaster
NeoGeo,Space Invaders,132676,79,38,Grandmaster
PixelPete,Donkey Kong,102979,68,6,Pro Gamer
SegaSam,Galaga,18179,83,21,Novice
SegaSam,Donkey Kong,109916,78,16,Pro Gamer
PixelPete,Pac-Man,35543,75,32,Casual
PixelPete,Frogger,110121,80,4,Pro Gamer
ChompQueen,Space Invaders,60327,95,37,Casual
ChompQueen,Donkey Kong,76943,98,36,Casual
BlipBlop,Galaga,57981,89,11,Casual
RetroRider,Frogger,120775,75,42,Grandmaster
ChompQueen,Donkey Kong,101902,74,17,Pro Gamer
RetroRider,Space Invaders,95489,66,37,Pro Gamer
NeoGeo,Galaga,75038,65,26,Casual
BlipBlop,Space Invaders,14015,62,15,Novice
SegaSam,Space Invaders,53208,74,45,Casual
PixelPete,Pac-Man,32952,61,16,Casual
PixelPete,Galaga,77746,96,7,Casual
PixelPete,Pac-Man,58859,98,34,Casual
NeoGeo,Galaga,40165,80,13,Casual
ChompQueen,Frogger,136395,80,17,Grandmaster
KongKiller,Pac-Man,95618,87,2,Pro Gamer
BlipBlop,Galaga,105537,88,26,Pro Gamer
KongKiller,Donkey Kong,89224,90,13,Pro Gamer
SegaSam,Frogger,59588,98,13,Casual
PixelPete,Galaga,40843,98,5,Casual
RetroRider,Frogger,97885,62,33,Pro Gamer
ChompQueen,Space Invaders,108807,70,28,Pro Gamer
PixelPete,Frogger,8783,73,33,Novice
ChompQueen,Pac-Man,31275,89,44,Casual
KongKiller,Frogger,128348,71,3,Grandmaster
PixelPete,Frogger,89513,72,11,Pro Gamer
SegaSam,Pac-Man,123162,77,19,Grandmaster
RetroRider,Space Invaders,10098,94,35,Novice
NeoGeo,Pac-Man,63547,72,31,Casual
ChompQueen,Space Invaders,96583,65,40,Pro Gamer
BlipBlop,Frogger,61860,66,41,Casual
KongKiller,Donkey Kong,13139,98,46,Novice
PixelPete,Frogger,50109,82,6,Casual
SegaSam,Space Invaders,145437,76,46,Grandmaster
PixelPete,Donkey Kong,74031,95,46,Casual
KongKiller,Frogger,75169,70,17,Casual
NeoGeo,Space Invaders,70675,89,2,Casual
ChompQueen,Pac-Man,36663,81,27,Casual
KongKiller,Galaga,38510,96,12,Casual
BlipBlop,Pac-Man,142771,60,35,Grandmaster
KongKiller,Pac-Man,140834,69,38,Grandmaster
NeoGeo,Galaga,29748,86,33,Novice
KongKiller,Pac-Man,16440,87,7,Novice
RetroRider,Space Invaders,92930,97,45,Pro Gamer
SegaSam,Galaga,144193,87,35,Grandmaster
NeoGeo,Frogger,6599,81,4,Novice
KongKiller,Frogger,108083,86,5,Pro Gamer
ChompQueen,Pac-Man,97878,66,17,Pro Gamer
NeoGeo,Space Invaders,103833,63,16,Pro Gamer
BlipBlop,Space Invaders,148017,71,7,Grandmaster
KongKiller,Donkey Kong,15050,93,21,Novice
PixelPete,Pac-Man,105229,83,21,Pro Gamer
RetroRider,Donkey Kong,16324,88,2,Novice
ChompQueen,Space Invaders,38889,66,13,Casual
SegaSam,Donkey Kong,40073,96,21,Casual
BlipBlop,Donkey Kong,34996,65,37,Casual
BlipBlop,Frogger,113262,97,43,Pro Gamer
PixelPete,Galaga,12917,62,39,Novice
BlipBlop,Pac-Man,108013,79,20,Pro Gamer
SegaSam,Frogger,116749,85,4,Pro Gamer
ChompQueen,Donkey Kong,63704,74,45,Casual
NeoGeo,Galaga,51695,69,35,Casual
PixelPete,Galaga,54821,71,34,Casual
NeoGeo,Space Invaders,57032,80,7,Casual
RetroRider,Donkey Kong,102705,68,32,Pro Gamer
PixelPete,Space Invaders,77601,66,36,Casual
NeoGeo,Pac-Man,74260,96,3,Casual
NeoGeo,Space Invaders,154522,79,9,Grandmaster
RetroRider,Galaga,140091,80,29,Grandmaster
KongKiller,Pac-Man,128010,99,24,Grandmaster
SegaSam,Pac-Man,103565,63,16,Pro Gamer
NeoGeo,Pac-Man,43226,82,46,Casual
SegaSam,Donkey Kong,50605,72,28,Casual
BlipBlop,Donkey Kong,153544,77,9,Grandmaster
SegaSam,Donkey Kong,50358,65,20,Casual
ChompQueen,Frogger,54735,83,35,Casual
SegaSam,Galaga,10156,96,11,Novice
RetroRider,Frogger,102220,89,12,Pro Gamer
NeoGeo,Donkey Kong,39430,66,23,Casual
ChompQueen,Pac-Man,24516,73,3,Novice
NeoGeo,Galaga,118001,85,15,Pro Gamer
SegaSam,Donkey Kong,28314,62,11,Novice
RetroRider,Pac-Man,55591,81,12,Casual
BlipBlop,Galaga,87365,88,42,Pro Gamer
ChompQueen,Space Invaders,134678,88,29,Grandmaster
PixelPete,Frogger,136742,61,29,Grandmaster
NeoGeo,Space Invaders,58101,87,3,Casual
ChompQueen,Galaga,84895,91,4,Pro Gamer
NeoGeo,Donkey Kong,57017,81,43,Casual
PixelPete,Frogger,114008,79,43,Pro Gamer
BlipBlop,Space Invaders,38542,61,4,Casual
KongKiller,Galaga,137860,88,44,Grandmaster
RetroRider,Pac-Man,49769,76,30,Casual
RetroRider,Galaga,121274,90,38,Grandmaster
PixelPete,Pac-Man,75121,65,31,Casual
ChompQueen,Space Invaders,146262,84,34,Grandmaster
ChompQueen,Frogger,136437,71,26,Grandmaster
PixelPete,Pac-Man,96213,66,22,Pro Gamer
NeoGeo,Galaga,85920,96,22,Pro Gamer
PixelPete,Space Invaders,52024,84,22,Casual
ChompQueen,Pac-Man,101424,73,28,Pro Gamer
RetroRider,Frogger,106585,83,20,Pro Gamer
NeoGeo,Galaga,27662,73,12,Novice
PixelPete,Galaga,101633,87,31,Pro Gamer
ChompQueen,Space Invaders,12880,84,23,Novice
RetroRider,Frogger,130883,82,40,Grandmaster
PixelPete,Pac-Man,63186,95,13,Casual
KongKiller,Frogger,87817,84,32,Pro Gamer
SegaSam,Space Invaders,104458,88,44,Pro Gamer
KongKiller,Galaga,59780,87,17,Casual
NeoGeo,Galaga,46034,77,28,Casual
SegaSam,Frogger,153594,95,44,Grandmaster
SegaSam,Frogger,103033,98,4,Pro Gamer
ChompQueen,Galaga,111521,81,9,Pro Gamer
ChompQueen,Galaga,152266,95,40,Grandmaster
ChompQueen,Space Invaders,98177,83,24,Pro Gamer
PixelPete,Pac-Man,39637,99,34,Casual
RetroRider,Frogger,29390,66,35,Novice
RetroRider,Space Invaders,20819,72,8,Novice
RetroRider,Galaga,131035,92,32,Grandmaster
RetroRider,Space Invaders,107148,93,3,Pro Gamer
ChompQueen,Galaga,95891,82,9,Pro Gamer
RetroRider,Donkey Kong,11229,71,26,Novice
RetroRider,Space Invaders,24425,100,14,Novice
BlipBlop,Donkey Kong,25661,83,41,Novice
SegaSam,Galaga,32680,65,17,Casual
KongKiller,Space Invaders,19062,80,3,Novice
ChompQueen,Galaga,108957,95,9,Pro Gamer
SegaSam,Frogger,51209,81,10,Casual
ChompQueen,Frogger,92920,60,43,Pro Gamer
ChompQueen,Pac-Man,85073,63,42,Pro Gamer
KongKiller,Frogger,8619,71,2,Novice
BlipBlop,Space Invaders,112225,92,17,Pro Gamer
SegaSam,Donkey Kong,129010,68,34,Grandmaster
SegaSam,Donkey Kong,21025,92,31,Novice
KongKiller,Donkey Kong,119194,70,25,Pro Gamer
RetroRider,Frogger,54267,85,32,Casual
KongKiller,Space Invaders,154388,71,29,Grandmaster
ChompQueen,Donkey Kong,33372,98,31,Casual
KongKiller,Frogger,129905,76,9,Grandmaster
SegaSam,Space Invaders,143677,65,5,Grandmaster
ChompQueen,Galaga,65232,86,8,Casual
NeoGeo,Space Invaders,66137,74,43,Casual
BlipBlop,Space Invaders,52298,76,17,Casual
KongKiller,Frogger,79233,70,34,Casual
BlipBlop,Donkey Kong,63880,61,16,Casual
KongKiller,Donkey Kong,104546,72,35,Pro Gamer
NeoGeo,Space Invaders,137059,89,33,Grandmaster
ChompQueen,Donkey Kong,82288,69,29,Pro Gamer
KongKiller,Frogger,31457,92,31,Casual
BlipBlop,Galaga,62676,76,27,Casual
ChompQueen,Space Invaders,141896,79,29,Grandmaster
BlipBlop,Frogger,69223,68,41,Casual
NeoGeo,Frogger,128596,87,13,Grandmaster
SegaSam,Galaga,25674,81,44,Novice
KongKiller,Pac-Man,66555,93,39,Casual
RetroRider,Donkey Kong,78694,90,21,Casual
PixelPete,Pac-Man,74217,69,32,Casual
NeoGeo,Galaga,152326,74,41,Grandmaster
RetroRider,Space Invaders,9118,64,19,Novice
SegaSam,Space Invaders,113901,91,5,Pro Gamer
NeoGeo,Galaga,54571,64,8,Casual
ChompQueen,Pac-Man,56457,74,34,Casual
KongKiller,Frogger,13940,76,14,Novice
RetroRider,Galaga,74126,67,24,Casual
KongKiller,Space Invaders,93383,97,7,Pro Gamer
ChompQueen,Space Invaders,124086,90,35,Grandmaster
RetroRider,Donkey Kong,118467,85,38,Pro Gamer
ChompQueen,Pac-Man,59870,89,30,Casual
NeoGeo,Pac-Man,22813,85,11,Novice
PixelPete,Space Invaders,47012,97,14,Casual
SegaSam,Pac-Man,24261,95,12,Novice
ChompQueen,Space Invaders,26388,84,23,Novice
RetroRider,Galaga,16414,72,8,Novice
PixelPete,Space Invaders,102634,76,11,Pro Gamer
PixelPete,Donkey Kong,79043,70,43,Casual
PixelPete,Donkey Kong,152329,65,11,Grandmaster
PixelPete,Galaga,117693,88,37,Pro Gamer
KongKiller,Galaga,50321,98,13,Casual
PixelPete,Frogger,90106,68,17,Pro Gamer
BlipBlop,Space Invaders,72503,73,35,Casual
RetroRider,Galaga,47056,98,12,Casual
KongKiller,Galaga,38006,79,10,Casual
BlipBlop,Donkey Kong,101575,62,35,Pro Gamer
NeoGeo,Galaga,92795,67,29,Pro Gamer
ChompQueen,Frogger,120684,87,7,Grandmaster
PixelPete,Frogger,29622,63,28,Novice
ChompQueen,Donkey Kong,84922,85,31,Pro Gamer
PixelPete,Pac-Man,108979,80,43,Pro Gamer
SegaSam,Pac-Man,72925,78,2,Casual
NeoGeo,Donkey Kong,84608,81,33,Pro Gamer
BlipBlop,Space Invaders,52423,86,23,Casual
ChompQueen,Donkey Kong,94753,76,30,Pro Gamer
BlipBlop,Donkey Kong,128956,91,26,Grandmaster
NeoGeo,Frogger,69751,67,8,Casual
ChompQueen,Space Invaders,94721,65,19,Pro Gamer
KongKiller,Pac-Man,13623,97,12,Novice
SegaSam,Pac-Man,42967,80,23,Casual
NeoGeo,Pac-Man,153630,61,8,Grandmaster
KongKiller,Galaga,91438,66,2,Pro Gamer
BlipBlop,Donkey Kong,45641,84,39,Casual
ChompQueen,Donkey Kong,81741,64,34,Pro Gamer
KongKiller,Galaga,145627,82,15,Grandmaster
ChompQueen,Donkey Kong,48471,100,45,Casual
ChompQueen,Pac-Man,63439,75,15,Casual
PixelPete,Space Invaders,69008,78,8,Casual
RetroRider,Donkey Kong,18709,62,3,Novice
ChompQueen,Pac-Man,76629,79,22,Casual
SegaSam,Galaga,118961,82,44,Pro Gamer
NeoGeo,Galaga,19698,74,6,Novice
NeoGeo,Donkey Kong,96806,62,6,Pro Gamer
RetroRider,Donkey Kong,20342,70,9,Novice
PixelPete,Donkey Kong,146122,80,21,Grandmaster
PixelPete,Frogger,139753,84,39,Grandmaster
NeoGeo,Galaga,100746,65,39,Pro Gamer
PixelPete,Galaga,27894,72,45,Novice
PixelPete,Frogger,13798,73,20,Novice
NeoGeo,Pac-Man,12700,67,40,Novice
PixelPete,Space Invaders,149359,75,23,Grandmaster
KongKiller,Galaga,79591,98,21,Casual
NeoGeo,Donkey Kong,47044,71,12,Casual
RetroRider,Donkey Kong,25988,69,31,Novice
SegaSam,Pac-Man,87188,95,4,Pro Gamer
ChompQueen,Pac-Man,80250,65,8,Pro Gamer
NeoGeo,Donkey Kong,28437,92,34,Novice
SegaSam,Pac-Man,143228,61,21,Grandmaster
ChompQueen,Donkey Kong,30539,78,16,Casual
BlipBlop,Frogger,119412,64,24,Pro Gamer
RetroRider,Galaga,51068,100,40,Casual
PixelPete,Pac-Man,39858,67,42,Casual
BlipBlop,Frogger,85255,97,25,Pro Gamer
KongKiller,Frogger,54026,72,36,Casual
ChompQueen,Space Invaders,53533,79,21,Casual
SegaSam,Frogger,70741,82,6,Casual
BlipBlop,Space Invaders,91071,84,12,Pro Gamer
BlipBlop,Donkey Kong,96838,67,18,Pro Gamer
SegaSam,Pac-Man,63726,83,20,Casual
RetroRider,Donkey Kong,69749,62,5,Casual
NeoGeo,Donkey Kong,72618,82,33,Casual
RetroRider,Space Invaders,117121,65,15,Pro Gamer
SegaSam,Donkey Kong,62266,64,16,Casual
ChompQueen,Donkey Kong,71414,84,14,Casual
NeoGeo,Pac-Man,119537,79,31,Pro Gamer
SegaSam,Frogger,26023,74,25,Novice
KongKiller,Pac-Man,150217,65,28,Grandmaster
NeoGeo,Frogger,9934,96,6,Novice
BlipBlop,Pac-Man,73297,88,3,Casual
PixelPete,Space Invaders,144135,96,9,Grandmaster
NeoGeo,Frogger,82329,72,5,Pro Gamer
KongKiller,Space Invaders,25187,100,34,Novice
BlipBlop,Frogger,141975,77,14,Grandmaster
KongKiller,Space Invaders,115168,85,12,Pro Gamer
SegaSam,Donkey Kong,106825,61,37,Pro Gamer
PixelPete,Pac-Man,118462,86,23,Pro Gamer
RetroRider,Galaga,143986,79,33,Grandmaster
ChompQueen,Frogger,117302,63,37,Pro Gamer
PixelPete,Space Invaders,75914,74,19,Casual
NeoGeo,Pac-Man,95116,72,20,Pro Gamer
KongKiller,Frogger,132997,91,28,Grandmaster
KongKiller,Galaga,93819,63,15,Pro Gamer
BlipBlop,Space Invaders,21389,97,33,Novice
ChompQueen,Galaga,143208,80,7,Grandmaster
NeoGeo,Space Invaders,139459,77,3,Grandmaster
BlipBlop,Frogger,52327,88,37,Casual
NeoGeo,Space Invaders,12840,99,34,Novice
NeoGeo,Galaga,103059,69,3,Pro Gamer
NeoGeo,Space Invaders,54194,91,22,Casual
ChompQueen,Space Invaders,100994,73,17,Pro Gamer
BlipBlop,Pac-Man,90882,64,33,Pro Gamer
SegaSam,Donkey Kong,60557,83,11,Casual
KongKiller,Space Invaders,5145,90,5,Novice
ChompQueen,Space Invaders,154117,85,3,Grandmaster
KongKiller,Pac-Man,51074,81,15,Casual
KongKiller,Frogger,119337,78,45,Pro Gamer
SegaSam,Donkey Kong,136051,84,44,Grandmaster
KongKiller,Pac-Man,70797,68,18,Casual
PixelPete,Galaga,18452,83,31,Novice
NeoGeo,Galaga,24830,100,23,Novice
BlipBlop,Frogger,102650,93,14,Pro Gamer
NeoGeo,Pac-Man,56264,72,24,Casual
BlipBlop,Frogger,29573,66,26,Novice
RetroRider,Frogger,24785,100,44,Novice
NeoGeo,Donkey Kong,68525,78,9,Casual
PixelPete,Space Invaders,59575,73,42,Casual
RetroRider,Pac-Man,29699,93,13,Novice
RetroRider,Donkey Kong,46508,77,4,Casual
SegaSam,Galaga,142715,70,42,Grandmaster
KongKiller,Donkey Kong,141099,73,6,Grandmaster
BlipBlop,Space Invaders,92734,84,26,Pro Gamer
ChompQueen,Frogger,79515,83,13,Casual
SegaSam,Donkey Kong,133494,91,44,Grandmaster
RetroRider,Frogger,76728,85,32,Casual
PixelPete,Frogger,151259,80,29,Grandmaster
ChompQueen,Space Invaders,73770,91,33,Casual
BlipBlop,Space Invaders,8753,75,11,Novice
ChompQueen,Donkey Kong,91653,88,38,Pro Gamer
KongKiller,Donkey Kong,29068,99,36,Novice
BlipBlop,Space Invaders,39192,73,22,Casual
KongKiller,Frogger,138867,100,22,Grandmaster
NeoGeo,Donkey Kong,105067,91,45,Pro Gamer
ChompQueen,Space Invaders,40873,65,14,Casual
NeoGeo,Pac-Man,119928,79,22,Pro Gamer
KongKiller,Donkey Kong,66211,73,20,Casual
ChompQueen,Galaga,24866,88,24,Novice
BlipBlop,Donkey Kong,24491,79,37,Novice
BlipBlop,Galaga,135228,96,6,Grandmaster
KongKiller,Space Invaders,132234,73,15,Grandmaster
PixelPete,Space Invaders,33832,72,21,Casual
NeoGeo,Frogger,66412,80,33,Casual
BlipBlop,Pac-Man,152168,86,14,Grandmaster
SegaSam,Donkey Kong,36485,82,45,Casual
SegaSam,Frogger,48251,95,39,Casual
BlipBlop,Galaga,122937,96,2,Grandmaster
NeoGeo,Space Invaders,99606,61,35,Pro Gamer
BlipBlop,Pac-Man,154465,91,22,Grandmaster
SegaSam,Donkey Kong,111018,67,17,Pro Gamer
ChompQueen,Frogger,112000,92,8,Pro Gamer
BlipBlop,Pac-Man,11533,61,25,Novice
KongKiller,Pac-Man,118701,89,27,Pro Gamer
SegaSam,Donkey Kong,22377,68,13,Novice
SegaSam,Frogger,83667,82,24,Pro Gamer
KongKiller,Frogger,36936,84,3,Casual
RetroRider,Donkey Kong,61452,60,25,Casual
BlipBlop,Donkey Kong,148186,70,22,Grandmaster
BlipBlop,Pac-Man,89876,79,4,Pro Gamer
BlipBlop,Donkey Kong,18534,76,11,Novice
RetroRider,Donkey Kong,116385,71,23,Pro Gamer
BlipBlop,Frogger,86485,97,13,Pro Gamer
RetroRider,Galaga,137096,94,16,Grandmaster
RetroRider,Space Invaders,124757,77,32,Grandmaster
RetroRider,Galaga,62466,100,2,Casual
NeoGeo,Pac-Man,27169,88,37,Novice
ChompQueen,Donkey Kong,140517,86,36,Grandmaster
PixelPete,Pac-Man,75238,64,33,Casual
ChompQueen,Galaga,43206,67,6,Casual
ChompQueen,Donkey Kong,76121,71,30,Casual
KongKiller,Pac-Man,17508,79,16,Novice
NeoGeo,Galaga,133661,98,44,Grandmaster
PixelPete,Space Invaders,74055,81,8,Casual
NeoGeo,Pac-Man,14505,77,20,Novice
SegaSam,Galaga,55951,61,25,Casual
BlipBlop,Space Invaders,149326,83,44,Grandmaster
BlipBlop,Space Invaders,37474,82,2,Casual
KongKiller,Donkey Kong,18415,63,13,Novice
PixelPete,Space Invaders,121973,73,39,Grandmaster
PixelPete,Pac-Man,148914,69,44,Grandmaster
PixelPete,Pac-Man,154643,97,40,Grandmaster
KongKiller,Frogger,128587,92,28,Grandmaster
SegaSam,Galaga,6290,80,18,Novice
KongKiller,Donkey Kong,67952,64,24,Casual
PixelPete,Space Invaders,86922,66,45,Pro Gamer
BlipBlop,Donkey Kong,17216,70,17,Novice
BlipBlop,Space Invaders,95528,75,33,Pro Gamer
BlipBlop,Frogger,122869,85,16,Grandmaster
KongKiller,Galaga,137609,90,17,Grandmaster
SegaSam,Pac-Man,17889,82,42,Novice
BlipBlop,Space Invaders,109722,85,2,Pro Gamer
ChompQueen,Pac-Man,19806,86,33,Novice
KongKiller,Space Invaders,135283,64,38,Grandmaster
ChompQueen,Pac-Man,111205,73,16,Pro Gamer
NeoGeo,Pac-Man,29035,94,37,Novice
PixelPete,Galaga,88585,85,15,Pro Gamer
NeoGeo,Pac-Man,138079,61,20,Grandmaster
ChompQueen,Galaga,10036,89,10,Novice
ChompQueen,Frogger,148660,73,33,Grandmaster
RetroRider,Space Invaders,20551,85,42,Novice
ChompQueen,Donkey Kong,12132,68,14,Novice
KongKiller,Pac-Man,94553,87,37,Pro Gamer
RetroRider,Pac-Man,21052,70,35,Novice
KongKiller,Frogger,58605,91,36,Casual
RetroRider,Pac-Man,43979,80,18,Casual
RetroRider,Frogger,43535,87,17,Casual
ChompQueen,Donkey Kong,16943,87,30,Novice
ChompQueen,Galaga,105152,83,23,Pro Gamer
NeoGeo,Donkey Kong,151201,82,39,Grandmaster
RetroRider,Donkey Kong,83860,64,19,Pro Gamer
KongKiller,Donkey Kong,109928,66,37,Pro Gamer
NeoGeo,Donkey Kong,50325,84,35,Casual
PixelPete,Frogger,120963,65,43,Grandmaster
RetroRider,Pac-Man,117401,79,4,Pro Gamer
ChompQueen,Galaga,76232,69,13,Casual
RetroRider,Pac-Man,57271,68,12,Casual
NeoGeo,Pac-Man,27648,88,35,Novice
NeoGeo,Pac-Man,16560,62,34,Novice
BlipBlop,Donkey Kong,29981,67,7,Novice
KongKiller,Pac-Man,48049,66,46,Casual
NeoGeo,Galaga,23867,73,19,Novice
NeoGeo,Frogger,151645,93,36,Grandmaster
PixelPete,Frogger,95515,64,6,Pro Gamer
PixelPete,Pac-Man,138016,84,43,Grandmaster
PixelPete,Pac-Man,106839,73,28,Pro Gamer
RetroRider,Galaga,77415,73,33,Casual
KongKiller,Frogger,69352,96,12,Casual
ChompQueen,Galaga,139715,79,15,Grandmaster
RetroRider,Pac-Man,13162,95,10,Novice
NeoGeo,Pac-Man,39749,88,24,Casual
SegaSam,Donkey Kong,147464,83,40,Grandmaster
ChompQueen,Space Invaders,151564,74,13,Grandmaster
RetroRider,Space Invaders,143291,62,41,Grandmaster
PixelPete,Pac-Man,138898,69,46,Grandmaster
ChompQueen,Donkey Kong,148486,67,33,Grandmaster
RetroRider,Pac-Man,77389,67,19,Casual
KongKiller,Galaga,144517,96,14,Grandmaster
SegaSam,Frogger,109369,80,3,Pro Gamer
NeoGeo,Galaga,54395,62,27,Casual
NeoGeo,Pac-Man,154588,74,30,Grandmaster
RetroRider,Pac-Man,13234,66,8,Novice
RetroRider,Pac-Man,89466,87,7,Pro Gamer
NeoGeo,Donkey Kong,140549,68,28,Grandmaster
ChompQueen,Frogger,142256,85,2,Grandmaster
KongKiller,Frogger,60145,95,29,Casual
BlipBlop,Galaga,85620,88,27,Pro Gamer
BlipBlop,Galaga,20497,94,35,Novice
SegaSam,Donkey Kong,15905,83,15,Novice
SegaSam,Pac-Man,77601,65,5,Casual
KongKiller,Galaga,114761,73,18,Pro Gamer
ChompQueen,Galaga,28194,70,38,Novice
KongKiller,Space Invaders,5996,97,8,Novice
PixelPete,Frogger,116084,79,32,Pro Gamer
BlipBlop,Space Invaders,36991,95,38,Casual
NeoGeo,Space Invaders,137737,94,22,Grandmaster
ChompQueen,Pac-Man,15326,79,22,Novice
ChompQueen,Galaga,66142,75,3,Casual
BlipBlop,Donkey Kong,26490,68,18,Novice
RetroRider,Galaga,95356,77,7,Pro Gamer
SegaSam,Space Invaders,72725,78,29,Casual
BlipBlop,Pac-Man,126275,68,4,Grandmaster
RetroRider,Galaga,72786,94,13,Casual
RetroRider,Frogger,19056,97,41,Novice
NeoGeo,Space Invaders,9828,75,9,Novice
ChompQueen,Galaga,75069,79,12,Casual
BlipBlop,Donkey Kong,11252,99,17,Novice
KongKiller,Space Invaders,153823,63,17,Grandmaster
PixelPete,Donkey Kong,125452,70,22,Grandmaster
BlipBlop,Donkey Kong,76469,92,5,Casual
KongKiller,Frogger,78441,70,4,Casual
ChompQueen,Space Invaders,92835,66,24,Pro Gamer
KongKiller,Space Invaders,145027,70,25,Grandmaster
KongKiller,Galaga,140630,92,38,Grandmaster
SegaSam,Frogger,23329,64,11,Novice
PixelPete,Space Invaders,61449,62,12,Casual
NeoGeo,Donkey Kong,31057,77,7,Casual
SegaSam,Space Invaders,59565,93,15,Casual
NeoGeo,Space Invaders,69532,92,24,Casual
BlipBlop,Galaga,70415,91,25,Casual
BlipBlop,Pac-Man,84735,80,44,Pro Gamer
ChompQueen,Space Invaders,72828,82,22,Casual
ChompQueen,Galaga,99980,76,22,Pro Gamer
RetroRider,Donkey Kong,42759,79,45,Casual
KongKiller,Donkey Kong,86871,79,43,Pro Gamer
SegaSam,Frogger,88579,66,11,Pro Gamer
ChompQueen,Space Invaders,153365,100,36,Grandmaster
RetroRider,Space Invaders,45171,79,14,Casual
ChompQueen,Pac-Man,147559,60,7,Grandmaster
ChompQueen,Space Invaders,37174,72,19,Casual
BlipBlop,Frogger,96829,95,14,Pro Gamer
SegaSam,Pac-Man,24152,86,11,Novice
ChompQueen,Galaga,41134,84,40,Casual
ChompQueen,Space Invaders,72155,61,34,Casual
ChompQueen,Donkey Kong,62925,65,46,Casual
RetroRider,Pac-Man,10396,87,16,Novice
ChompQueen,Frogger,110462,70,4,Pro Gamer
NeoGeo,Donkey Kong,111449,88,23,Pro Gamer
ChompQueen,Donkey Kong,116575,87,10,Pro Gamer
NeoGeo,Pac-Man,139112,66,7,Grandmaster
NeoGeo,Pac-Man,57546,79,20,Casual
NeoGeo,Pac-Man,99707,100,18,Pro Gamer
NeoGeo,Pac-Man,132558,90,34,Grandmaster
SegaSam,Space Invaders,143495,89,46,Grandmaster
ChompQueen,Pac-Man,125462,75,27,Grandmaster
PixelPete,Pac-Man,13531,61,41,Novice
SegaSam,Donkey Kong,132986,85,3,Grandmaster
NeoGeo,Space Invaders,53685,96,25,Casual
KongKiller,Frogger,116234,98,10,Pro Gamer
RetroRider,Pac-Man,119544,61,31,Pro Gamer
KongKiller,Space Invaders,15089,97,25,Novice
PixelPete,Space Invaders,56642,64,20,Casual
BlipBlop,Donkey Kong,6863,85,12,Novice
KongKiller,Donkey Kong,64385,77,9,Casual
NeoGeo,Galaga,12664,91,14,Novice
PixelPete,Frogger,62285,90,21,Casual
RetroRider,Galaga,81424,78,34,Pro Gamer
RetroRider,Donkey Kong,9560,78,20,Novice
ChompQueen,Galaga,112257,69,16,Pro Gamer
BlipBlop,Galaga,98489,71,41,Pro Gamer
KongKiller,Donkey Kong,139627,71,38,Grandmaster
ChompQueen,Galaga,115281,78,12,Pro Gamer
ChompQueen,Galaga,142834,91,35,Grandmaster
ChompQueen,Frogger,13196,98,15,Novice
BlipBlop,Galaga,119967,75,10,Pro Gamer
PixelPete,Frogger,132032,79,23,Grandmaster
NeoGeo,Space Invaders,144581,90,15,Grandmaster
KongKiller,Pac-Man,52700,87,32,Casual
ChompQueen,Frogger,91724,62,22,Pro Gamer
ChompQueen,Frogger,23151,62,3,Novice
PixelPete,Pac-Man,90275,100,30,Pro Gamer
KongKiller,Space Invaders,117313,73,45,Pro Gamer
RetroRider,Galaga,18903,90,8,Novice
ChompQueen,Galaga,136887,84,13,Grandmaster
BlipBlop,Galaga,110856,66,37,Pro Gamer
BlipBlop,Pac-Man,6871,97,20,Novice
NeoGeo,Pac-Man,89251,98,44,Pro Gamer
ChompQueen,Galaga,60387,95,22,Casual
BlipBlop,Galaga,81731,96,11,Pro Gamer
RetroRider,Galaga,78714,82,44,Casual
ChompQueen,Frogger,55753,80,15,Casual
RetroRider,Donkey Kong,121953,68,37,Grandmaster
SegaSam,Space Invaders,113060,74,13,Pro Gamer
BlipBlop,Frogger,45800,67,12,Casual
ChompQueen,Pac-Man,79938,84,28,Casual
SegaSam,Space Invaders,104928,97,30,Pro Gamer
RetroRider,Frogger,29660,98,28,Novice
KongKiller,Space Invaders,143378,66,31,Grandmaster
ChompQueen,Pac-Man,21273,84,26,Novice
KongKiller,Donkey Kong,127459,89,37,Grandmaster
ChompQueen,Galaga,150017,96,19,Grandmaster
NeoGeo,Space Invaders,120028,80,41,Grandmaster
ChompQueen,Donkey Kong,134698,84,38,Grandmaster
SegaSam,Space Invaders,71485,92,19,Casual
SegaSam,Frogger,75736,60,46,Casual
RetroRider,Space Invaders,139881,85,8,Grandmaster
BlipBlop,Frogger,137334,96,42,Grandmaster
RetroRider,Galaga,64180,92,44,Casual
PixelPete,Pac-Man,104362,62,21,Pro Gamer
RetroRider,Frogger,50832,78,26,Casual
ChompQueen,Frogger,70077,91,15,Casual
RetroRider,Galaga,50496,98,39,Casual
PixelPete,Donkey Kong,100480,63,18,Pro Gamer
BlipBlop,Pac-Man,8667,91,10,Novice
ChompQueen,Donkey Kong,153667,97,43,Grandmaster
SegaSam,Donkey Kong,127001,98,15,Grandmaster
BlipBlop,Donkey Kong,72663,68,39,Casual
BlipBlop,Pac-Man,63491,70,26,Casual
KongKiller,Pac-Man,20508,100,30,Novice
SegaSam,Donkey Kong,113132,91,32,Pro Gamer
KongKiller,Pac-Man,41262,96,10,Casual
SegaSam,Donkey Kong,110726,90,38,Pro Gamer
SegaSam,Donkey Kong,116736,80,45,Pro Gamer
RetroRider,Pac-Man,102439,80,44,Pro Gamer
BlipBlop,Pac-Man,122387,91,10,Grandmaster
SegaSam,Frogger,83570,72,25,Pro Gamer
KongKiller,Donkey Kong,12089,62,22,Novice
PixelPete,Frogger,38921,81,19,Casual
ChompQueen,Space Invaders,31818,87,5,Casual
NeoGeo,Galaga,108824,92,41,Pro Gamer
SegaSam,Frogger,137248,94,37,Grandmaster
BlipBlop,Space Invaders,11829,69,10,Novice
KongKiller,Frogger,45367,81,16,Casual
BlipBlop,Donkey Kong,18250,97,12,Novice
NeoGeo,Donkey Kong,28741,93,5,Novice
RetroRider,Donkey Kong,76780,68,32,Casual
ChompQueen,Galaga,127232,96,16,Grandmaster
SegaSam,Pac-Man,104862,92,15,Pro Gamer
PixelPete,Galaga,46116,68,34,Casual
SegaSam,Frogger,93350,90,36,Pro Gamer
SegaSam,Pac-Man,70700,86,30,Casual
RetroRider,Pac-Man,78201,81,26,Casual
NeoGeo,Space Invaders,97937,90,7,Pro Gamer
PixelPete,Space Invaders,80954,62,4,Pro Gamer
SegaSam,Pac-Man,33799,73,2,Casual
RetroRider,Pac-Man,61749,82,34,Casual
BlipBlop,Galaga,135182,81,20,Grandmaster
ChompQueen,Pac-Man,85377,84,27,Pro Gamer
BlipBlop,Galaga,15868,84,44,Novice
RetroRider,Space Invaders,86540,87,46,Pro Gamer
KongKiller,Pac-Man,128688,63,43,Grandmaster
PixelPete,Space Invaders,101528,77,17,Pro Gamer
RetroRider,Pac-Man,71578,96,28,Casual
ChompQueen,Donkey Kong,23547,91,9,Novice
SegaSam,Space Invaders,14350,82,13,Novice
ChompQueen,Pac-Man,44508,73,45,Casual
PixelPete,Frogger,78928,71,11,Casual
BlipBlop,Donkey Kong,7745,87,39,Novice
PixelPete,Space Invaders,132418,91,37,Grandmaster
PixelPete,Frogger,11869,88,16,Novice
ChompQueen,Galaga,43441,66,37,Casual
PixelPete,Frogger,88686,79,2,Pro Gamer
RetroRider,Donkey Kong,94327,81,10,Pro Gamer
SegaSam,Frogger,31500,87,2,Casual
NeoGeo,Space Invaders,137682,86,12,Grandmaster
NeoGeo,Donkey Kong,84885,84,17,Pro Gamer
ChompQueen,Galaga,41514,94,35,Casual
ChompQueen,Donkey Kong,13677,99,36,Novice
RetroRider,Donkey Kong,78360,83,39,Casual
NeoGeo,Pac-Man,20762,85,4,Novice
RetroRider,Donkey Kong,31018,98,19,Casual
SegaSam,Frogger,57606,99,17,Casual
PixelPete,Pac-Man,44523,87,9,Casual
NeoGeo,Space Invaders,90677,64,32,Pro Gamer
KongKiller,Galaga,43272,82,14,Casual
PixelPete,Frogger,111134,88,39,Pro Gamer
SegaSam,Space Invaders,54822,69,20,Casual
RetroRider,Frogger,43551,87,3,Casual
BlipBlop,Pac-Man,15304,84,9,Novice
KongKiller,Frogger,100944,85,40,Pro Gamer
BlipBlop,Donkey Kong,115253,85,19,Pro Gamer
BlipBlop,Donkey Kong,123504,65,29,Grandmaster
SegaSam,Frogger,103151,81,40,Pro Gamer
RetroRider,Galaga,99222,61,35,Pro Gamer
KongKiller,Galaga,90038,94,10,Pro Gamer
KongKiller,Pac-Man,66680,70,7,Casual
NeoGeo,Galaga,105267,85,25,Pro Gamer
PixelPete,Galaga,95455,81,20,Pro Gamer
NeoGeo,Galaga,9690,60,28,Novice
NeoGeo,Frogger,63955,86,11,Casual
BlipBlop,Frogger,72415,62,28,Casual
SegaSam,Pac-Man,137882,62,16,Grandmaster
BlipBlop,Space Invaders,109954,93,22,Pro Gamer
BlipBlop,Donkey Kong,43955,62,35,Casual
BlipBlop,Donkey Kong,125453,60,38,Grandmaster
ChompQueen,Donkey Kong,20954,69,19,Novice
NeoGeo,Frogger,150786,70,31,Grandmaster
BlipBlop,Frogger,12027,98,27,Novice
SegaSam,Pac-Man,39291,69,27,Casual
BlipBlop,Space Invaders,126912,96,20,Grandmaster
BlipBlop,Galaga,49553,96,23,Casual
NeoGeo,Galaga,105439,89,32,Pro Gamer
BlipBlop,Space Invaders,120183,72,6,Grandmaster
NeoGeo,Pac-Man,125124,92,7,Grandmaster
BlipBlop,Donkey Kong,114360,80,23,Pro Gamer
KongKiller,Donkey Kong,146022,92,6,Grandmaster
ChompQueen,Space Invaders,121875,97,40,Grandmaster
NeoGeo,Galaga,146973,84,18,Grandmaster
RetroRider,Pac-Man,119247,93,13,Pro Gamer
SegaSam,Frogger,34120,77,12,Casual
ChompQueen,Pac-Man,113810,64,42,Pro Gamer
ChompQueen,Pac-Man,37109,75,31,Casual
ChompQueen,Frogger,29860,63,10,Novice
BlipBlop,Frogger,100625,61,10,Pro Gamer
NeoGeo,Galaga,6873,87,25,Novice
BlipBlop,Space Invaders,142615,96,23,Grandmaster
PixelPete,Galaga,92148,97,3,Pro Gamer
SegaSam,Galaga,93085,71,11,Pro Gamer
ChompQueen,Frogger,52032,84,42,Casual
PixelPete,Donkey Kong,116736,90,43,Pro Gamer
BlipBlop,Galaga,19873,86,30,Novice
SegaSam,Space Invaders,45146,68,32,Casual
BlipBlop,Donkey Kong,116383,80,7,Pro Gamer
RetroRider,Pac-Man,150738,83,24,Grandmaster
ChompQueen,Space Invaders,112827,66,4,Pro Gamer
BlipBlop,Galaga,98537,81,45,Pro Gamer
KongKiller,Space Invaders,71810,83,42,Casual
SegaSam,Galaga,64765,92,42,Casual
RetroRider,Donkey Kong,137655,70,28,Grandmaster
ChompQueen,Space Invaders,15694,99,13,Novice
NeoGeo,Frogger,130374,70,46,Grandmaster
KongKiller,Space Invaders,59525,67,4,Casual
BlipBlop,Pac-Man,39580,91,37,Casual
PixelPete,Donkey Kong,47100,95,37,Casual
NeoGeo,Space Invaders,68667,64,7,Casual
NeoGeo,Galaga,31904,76,14,Casual
NeoGeo,Donkey Kong,126945,78,10,Grandmaster
PixelPete,Pac-Man,44219,94,6,Casual
PixelPete,Frogger,68784,68,15,Casual
SegaSam,Galaga,110374,88,18,Pro Gamer
PixelPete,Galaga,122369,64,3,Grandmaster
KongKiller,Donkey Kong,108466,92,43,Pro Gamer
BlipBlop,Donkey Kong,25882,65,34,Novice
NeoGeo,Donkey Kong,136255,66,40,Grandmaster
ChompQueen,Space Invaders,51384,77,36,Casual
BlipBlop,Space Invaders,146366,75,41,Grandmaster
RetroRider,Pac-Man,5534,83,9,Novice
RetroRider,Donkey Kong,70633,61,14,Casual
KongKiller,Donkey Kong,145140,71,32,Grandmaster
BlipBlop,Pac-Man,59754,82,35,Casual
NeoGeo,Frogger,6451,64,40,Novice
NeoGeo,Frogger,57136,66,40,Casual
BlipBlop,Pac-Man,112453,90,2,Pro Gamer
ChompQueen,Frogger,148181,86,20,Grandmaster
BlipBlop,Galaga,143858,91,35,Grandmaster
ChompQueen,Donkey Kong,94084,72,36,Pro Gamer
ChompQueen,Space Invaders,139069,92,15,Grandmaster
KongKiller,Pac-Man,87424,63,4,Pro Gamer
NeoGeo,Galaga,94006,78,33,Pro Gamer
RetroRider,Pac-Man,74039,75,39,Casual
ChompQueen,Galaga,145089,70,15,Grandmaster
KongKiller,Frogger,93805,94,34,Pro Gamer
PixelPete,Frogger,113293,68,45,Pro Gamer
PixelPete,Space Invaders,9853,98,17,Novice
ChompQueen,Donkey Kong,154584,76,32,Grandmaster
PixelPete,Pac-Man,89393,61,26,Pro Gamer
ChompQueen,Galaga,27285,66,33,Novice
PixelPete,Pac-Man,105803,94,20,Pro Gamer
BlipBlop,Pac-Man,45096,97,2,Casual
NeoGeo,Galaga,87780,77,32,Pro Gamer
ChompQueen,Frogger,29681,91,29,Novice
RetroRider,Space Invaders,12041,78,18,Novice
BlipBlop,Frogger,22268,88,8,Novice
RetroRider,Frogger,123021,68,23,Grandmaster
KongKiller,Galaga,102402,92,30,Pro Gamer
NeoGeo,Pac-Man,113392,74,19,Pro Gamer
NeoGeo,Pac-Man,87009,66,29,Pro Gamer
RetroRider,Galaga,53095,91,40,Casual
SegaSam,Galaga,85759,93,3,Pro Gamer
ChompQueen,Frogger,149885,71,46,Grandmaster
KongKiller,Donkey Kong,151524,66,46,Grandmaster
NeoGeo,Galaga,64607,69,2,Casual
PixelPete,Galaga,100382,74,9,Pro Gamer
NeoGeo,Galaga,15085,68,15,Novice
ChompQueen,Galaga,117990,78,45,Pro Gamer
NeoGeo,Frogger,5140,85,34,Novice
BlipBlop,Space Invaders,153624,97,42,Grandmaster
KongKiller,Galaga,17152,98,20,Novice
SegaSam,Pac-Man,52441,97,5,Casual
RetroRider,Galaga,31446,77,45,Casual
NeoGeo,Pac-Man,137818,63,34,Grandmaster
BlipBlop,Pac-Man,113623,93,40,Pro Gamer
SegaSam,Space Invaders,150241,84,2,Grandmaster
PixelPete,Space Invaders,75208,89,2,Casual
RetroRider,Galaga,30495,89,16,Casual
RetroRider,Pac-Man,129558,90,30,Grandmaster
SegaSam,Galaga,122500,67,24,Grandmaster
KongKiller,Galaga,86463,73,5,Pro Gamer
SegaSam,Frogger,118856,62,2,Pro Gamer
SegaSam,Frogger,47011,93,31,Casual
KongKiller,Pac-Man,144731,94,39,Grandmaster
ChompQueen,Frogger,62961,68,36,Casual
ChompQueen,Galaga,56836,95,40,Casual
BlipBlop,Galaga,133590,68,37,Grandmaster
SegaSam,Pac-Man,30128,98,20,Casual
NeoGeo,Space Invaders,22071,86,15,Novice
NeoGeo,Pac-Man,150201,65,28,Grandmaster
PixelPete,Donkey Kong,53415,91,41,Casual
NeoGeo,Donkey Kong,65039,83,28,Casual
KongKiller,Pac-Man,144268,94,41,Grandmaster
BlipBlop,Space Invaders,126026,85,19,Grandmaster
BlipBlop,Galaga,73556,78,8,Casual
SegaSam,Donkey Kong,17205,69,22,Novice
SegaSam,Donkey Kong,121596,79,23,Grandmaster
ChompQueen,Frogger,104591,86,24,Pro Gamer
NeoGeo,Frogger,50825,97,34,Casual
ChompQueen,Frogger,23332,81,36,Novice
ChompQueen,Space Invaders,132695,73,2,Grandmaster
PixelPete,Frogger,47010,88,4,Casual
NeoGeo,Pac-Man,37606,66,11,Casual
RetroRider,Galaga,5709,96,22,Novice
SegaSam,Frogger,110924,83,20,Pro Gamer
RetroRider,Pac-Man,35308,93,10,Casual
SegaSam,Space Invaders,150237,93,34,Grandmaster
BlipBlop,Galaga,84405,88,41,Pro Gamer
SegaSam,Pac-Man,119487,88,27,Pro Gamer
BlipBlop,Donkey Kong,91068,88,35,Pro Gamer
BlipBlop,Pac-Man,20562,82,43,Novice
ChompQueen,Space Invaders,65810,76,39,Casual
ChompQueen,Donkey Kong,130804,92,17,Grandmaster
SegaSam,Frogger,98865,93,3,Pro Gamer
KongKiller,Pac-Man,143914,73,21,Grandmaster
SegaSam,Space Invaders,145388,65,35,Grandmaster
BlipBlop,Space Invaders,142834,70,15,Grandmaster
NeoGeo,Space Invaders,75979,89,26,Casual
ChompQueen,Space Invaders,10445,95,5,Novice
BlipBlop,Donkey Kong,106061,68,44,Pro Gamer
RetroRider,Galaga,66993,92,40,Casual
KongKiller,Pac-Man,103231,69,34,Pro Gamer
PixelPete,Galaga,77396,71,3,Casual
NeoGeo,Pac-Man,93202,81,25,Pro Gamer
RetroRider,Donkey Kong,42397,62,33,Casual
KongKiller,Frogger,124033,68,31,Grandmaster
BlipBlop,Space Invaders,95676,94,26,Pro Gamer
KongKiller,Donkey Kong,123208,63,5,Grandmaster
ChompQueen,Galaga,138482,87,29,Grandmaster
ChompQueen,Donkey Kong,25832,87,14,Novice
KongKiller,Pac-Man,123250,70,17,Grandmaster
NeoGeo,Frogger,90416,81,7,Pro Gamer
RetroRider,Space Invaders,70638,98,8,Casual
NeoGeo,Frogger,95614,72,2,Pro Gamer
ChompQueen,Space Invaders,30022,82,24,Casual
BlipBlop,Space Invaders,21931,63,15,Novice
RetroRider,Galaga,45763,82,38,Casual
ChompQueen,Galaga,45102,86,21,Casual
NeoGeo,Donkey Kong,23401,63,12,Novice
NeoGeo,Frogger,94079,78,6,Pro Gamer
PixelPete,Frogger,23218,67,45,Novice
PixelPete,Donkey Kong,100852,65,26,Pro Gamer
NeoGeo,Galaga,90303,89,26,Pro Gamer
KongKiller,Space Invaders,5889,86,23,Novice
KongKiller,Donkey Kong,51090,93,31,Casual
BlipBlop,Frogger,55297,73,19,Casual
NeoGeo,Space Invaders,60798,85,10,Casual
KongKiller,Space Invaders,49066,81,45,Casual
SegaSam,Pac-Man,143975,63,10,Grandmaster
SegaSam,Galaga,55829,88,33,Casual
BlipBlop,Frogger,69294,94,7,Casual
KongKiller,Space Invaders,127732,67,44,Grandmaster
KongKiller,Frogger,117212,84,34,Pro Gamer
PixelPete,Galaga,48292,90,42,Casual
SegaSam,Frogger,32616,80,39,Casual
ChompQueen,Frogger,6106,88,39,Novice
ChompQueen,Space Invaders,129002,73,6,Grandmaster
ChompQueen,Frogger,9427,75,19,Novice
NeoGeo,Frogger,19959,61,46,Novice
BlipBlop,Donkey Kong,35611,63,11,Casual
KongKiller,Frogger,85647,90,12,Pro Gamer
PixelPete,Pac-Man,142120,77,19,Grandmaster
NeoGeo,Frogger,79434,88,46,Casual
KongKiller,Donkey Kong,113272,69,44,Pro Gamer
BlipBlop,Space Invaders,5785,79,11,Novice
ChompQueen,Frogger,97245,67,33,Pro Gamer
NeoGeo,Frogger,114208,84,37,Pro Gamer
PixelPete,Space Invaders,95698,62,40,Pro Gamer
SegaSam,Donkey Kong,114697,86,32,Pro Gamer
SegaSam,Pac-Man,80862,74,39,Pro Gamer
KongKiller,Donkey Kong,86332,90,21,Pro Gamer
ChompQueen,Galaga,139278,64,34,Grandmaster
PixelPete,Frogger,47138,74,44,Casual
SegaSam,Donkey Kong,142392,74,37,Grandmaster
ChompQueen,Space Invaders,75087,80,15,Casual
KongKiller,Galaga,60290,65,3,Casual
BlipBlop,Pac-Man,29959,69,22,Novice
ChompQueen,Frogger,62073,75,22,Casual
BlipBlop,Frogger,130129,85,31,Grandmaster
BlipBlop,Pac-Man,114453,94,2,Pro Gamer
SegaSam,Donkey Kong,35825,63,39,Casual
NeoGeo,Galaga,117730,99,46,Pro Gamer
BlipBlop,Galaga,121993,69,30,Grandmaster
PixelPete,Space Invaders,126115,95,25,Grandmaster
KongKiller,Space Invaders,149367,61,31,Grandmaster
NeoGeo,Space Invaders,38024,85,14,Casual
KongKiller,Frogger,117969,64,21,Pro Gamer
KongKiller,Pac-Man,148071,98,3,Grandmaster
SegaSam,Pac-Man,54404,82,42,Casual
ChompQueen,Pac-Man,77455,79,17,Casual
ChompQueen,Space Invaders,44132,93,13,Casual
SegaSam,Frogger,118160,79,33,Pro Gamer
BlipBlop,Frogger,47461,89,14,Casual
RetroRider,Pac-Man,75279,65,32,Casual
PixelPete,Pac-Man,115056,67,2,Pro Gamer
NeoGeo,Donkey Kong,60414,79,7,Casual
NeoGeo,Pac-Man,19625,82,6,Novice
NeoGeo,Galaga,70064,76,8,Casual
RetroRider,Donkey Kong,33621,66,11,Casual
RetroRider,Donkey Kong,84482,97,10,Pro Gamer
KongKiller,Space Invaders,141680,90,19,Grandmaster
KongKiller,Galaga,42446,91,30,Casual
BlipBlop,Donkey Kong,99508,68,21,Pro Gamer
RetroRider,Frogger,62770,73,43,Casual
BlipBlop,Space Invaders,94093,61,38,Pro Gamer
BlipBlop,Space Invaders,113222,86,20,Pro Gamer
SegaSam,Donkey Kong,119873,81,29,Pro Gamer
ChompQueen,Donkey Kong,107155,75,17,Pro Gamer
ChompQueen,Pac-Man,77317,74,40,Casual
SegaSam,Galaga,153399,86,43,Grandmaster
ChompQueen,Space Invaders,147490,74,20,Grandmaster
RetroRider,Donkey Kong,119357,66,23,Pro Gamer
BlipBlop,Galaga,23790,62,45,Novice
BlipBlop,Pac-Man,80659,70,2,Pro Gamer
BlipBlop,Pac-Man,110255,67,39,Pro Gamer
ChompQueen,Pac-Man,11356,76,28,Novice
BlipBlop,Pac-Man,116577,61,28,Pro Gamer
NeoGeo,Galaga,123868,61,32,Grandmaster
KongKiller,Galaga,113936,95,33,Pro Gamer
SegaSam,Pac-Man,146058,99,17,Grandmaster
PixelPete,Donkey Kong,138553,91,8,Grandmaster
BlipBlop,Frogger,61767,75,7,Casual
RetroRider,Pac-Man,139651,77,39,Grandmaster
RetroRider,Pac-Man,84966,82,37,Pro Gamer
SegaSam,Donkey Kong,31971,77,35,Casual
KongKiller,Donkey Kong,99805,79,13,Pro Gamer
NeoGeo,Pac-Man,122100,70,6,Grandmaster
PixelPete,Pac-Man,89072,100,6,Pro Gamer
NeoGeo,Space Invaders,37693,94,45,Casual
KongKiller,Pac-Man,50342,95,45,Casual
NeoGeo,Pac-Man,37395,86,36,Casual
KongKiller,Galaga,134411,96,43,Grandmaster
KongKiller,Donkey Kong,72359,99,20,Casual
NeoGeo,Space Invaders,101613,75,3,Pro Gamer
PixelPete,Donkey Kong,14339,98,38,Novice
SegaSam,Donkey Kong,81163,74,11,Pro Gamer
NeoGeo,Space Invaders,113573,85,38,Pro Gamer
RetroRider,Galaga,81296,94,45,Pro Gamer
SegaSam,Space Invaders,27093,92,21,Novice
SegaSam,Galaga,139733,67,25,Grandmaster
SegaSam,Space Invaders,89947,84,30,Pro Gamer
ChompQueen,Pac-Man,85389,75,3,Pro Gamer
RetroRider,Donkey Kong,39329,90,11,Casual
BlipBlop,Donkey Kong,43107,78,33,Casual
PixelPete,Space Invaders,151376,63,24,Grandmaster
RetroRider,Pac-Man,94438,94,22,Pro Gamer
SegaSam,Pac-Man,40430,88,24,Casual
PixelPete,Frogger,69533,74,31,Casual
RetroRider,Galaga,73900,94,8,Casual
SegaSam,Space Invaders,11822,79,4,Novice
PixelPete,Space Invaders,101702,85,32,Pro Gamer
ChompQueen,Pac-Man,100673,69,31,Pro Gamer
RetroRider,Frogger,89947,95,2,Pro Gamer
RetroRider,Frogger,143531,94,11,Grandmaster
RetroRider,Pac-Man,69620,65,22,Casual
BlipBlop,Galaga,5885,75,29,Novice
PixelPete,Donkey Kong,133273,90,43,Grandmaster
PixelPete,Galaga,124530,71,34,Grandmaster
RetroRider,Galaga,41110,80,17,Casual
BlipBlop,Frogger,64000,89,16,Casual
KongKiller,Pac-Man,151748,76,27,Grandmaster
SegaSam,Galaga,78431,66,37,Casual
PixelPete,Galaga,98700,73,24,Pro Gamer
RetroRider,Pac-Man,45198,74,17,Casual
NeoGeo,Galaga,37822,82,35,Casual
KongKiller,Frogger,25003,67,23,Novice
RetroRider,Galaga,108551,96,37,Pro Gamer
RetroRider,Space Invaders,62313,85,14,Casual
KongKiller,Space Invaders,137833,81,23,Grandmaster
BlipBlop,Galaga,147796,75,31,Grandmaster
ChompQueen,Pac-Man,127324,89,24,Grandmaster
KongKiller,Pac-Man,105321,92,10,Pro Gamer
KongKiller,Frogger,116633,66,22,Pro Gamer
RetroRider,Galaga,119530,82,40,Pro Gamer
SegaSam,Pac-Man,116079,87,43,Pro Gamer
SegaSam,Pac-Man,120805,78,13,Grandmaster
SegaSam,Frogger,55926,85,27,Casual
PixelPete,Donkey Kong,44812,99,37,Casual
RetroRider,Space Invaders,138264,79,41,Grandmaster
BlipBlop,Donkey Kong,144808,70,36,Grandmaster
SegaSam,Donkey Kong,111175,81,43,Pro Gamer
NeoGeo,Donkey Kong,103584,77,33,Pro Gamer
RetroRider,Galaga,133058,87,30,Grandmaster
KongKiller,Pac-Man,67278,63,21,Casual
KongKiller,Pac-Man,113689,83,10,Pro Gamer
KongKiller,Space Invaders,97817,72,6,Pro Gamer
RetroRider,Donkey Kong,13159,92,17,Novice
RetroRider,Pac-Man,80917,81,14,Pro Gamer
BlipBlop,Frogger,146551,92,9,Grandmaster
NeoGeo,Space Invaders,10607,65,34,Novice
SegaSam,Pac-Man,67063,65,2,Casual
PixelPete,Frogger,147181,71,12,Grandmaster
PixelPete,Pac-Man,143680,76,43,Grandmaster
BlipBlop,Pac-Man,136459,70,7,Grandmaster
BlipBlop,Pac-Man,39535,95,31,Casual
RetroRider,Pac-Man,40569,87,33,Casual
KongKiller,Frogger,121957,99,40,Grandmaster
BlipBlop,Galaga,52616,89,21,Casual
BlipBlop,Donkey Kong,78034,89,24,Casual
BlipBlop,Donkey Kong,107292,81,18,Pro Gamer
NeoGeo,Space Invaders,93656,83,17,Pro Gamer
KongKiller,Donkey Kong,111684,81,17,Pro Gamer
KongKiller,Space Invaders,137220,79,17,Grandmaster
SegaSam,Galaga,36190,74,7,Casual
BlipBlop,Donkey Kong,75951,91,36,Casual
BlipBlop,Frogger,76126,73,35,Casual
KongKiller,Frogger,48074,67,33,Casual
KongKiller,Donkey Kong,67557,91,18,Casual
RetroRider,Galaga,46224,95,41,Casual
KongKiller,Pac-Man,26598,73,14,Novice
BlipBlop,Galaga,40908,63,21,Casual
BlipBlop,Frogger,111660,75,33,Pro Gamer
PixelPete,Galaga,90435,84,3,Pro Gamer
NeoGeo,Donkey Kong,126832,95,33,Grandmaster
PixelPete,Pac-Man,91348,70,10,Pro Gamer
PixelPete,Donkey Kong,5168,68,10,Novice
NeoGeo,Pac-Man,90467,81,7,Pro Gamer
PixelPete,Space Invaders,44546,78,4,Casual
NeoGeo,Galaga,123261,64,24,Grandmaster
NeoGeo,Donkey Kong,89294,64,41,Pro Gamer
KongKiller,Pac-Man,124157,86,6,Grandmaster
RetroRider,Donkey Kong,109458,76,35,Pro Gamer
BlipBlop,Frogger,28037,95,17,Novice
SegaSam,Galaga,72920,81,14,Casual
ChompQueen,Donkey Kong,65856,68,46,Casual
RetroRider,Pac-Man,60714,96,2,Casual
BlipBlop,Pac-Man,57260,67,29,Casual
ChompQueen,Space Invaders,105838,96,22,Pro Gamer
KongKiller,Galaga,132428,76,45,Grandmaster
BlipBlop,Pac-Man,112612,77,19,Pro Gamer
SegaSam,Galaga,96755,86,17,Pro Gamer
NeoGeo,Space Invaders,152325,77,35,Grandmaster
ChompQueen,Pac-Man,148548,94,42,Grandmaster
RetroRider,Space Invaders,124335,91,29,Grandmaster
ChompQueen,Galaga,54718,88,4,Casual
ChompQueen,Galaga,63059,81,5,Casual
KongKiller,Frogger,63213,66,39,Casual
RetroRider,Pac-Man,41353,87,43,Casual
KongKiller,Frogger,77795,99,23,Casual
SegaSam,Pac-Man,91841,67,9,Pro Gamer
ChompQueen,Pac-Man,51950,74,16,Casual
PixelPete,Frogger,24227,92,33,Novice
BlipBlop,Frogger,109850,78,30,Pro Gamer
PixelPete,Donkey Kong,82505,84,40,Pro Gamer
KongKiller,Pac-Man,85038,67,41,Pro Gamer
SegaSam,Galaga,85488,73,28,Pro Gamer
BlipBlop,Space Invaders,55084,84,22,Casual
BlipBlop,Space Invaders,67799,70,15,Casual
RetroRider,Donkey Kong,74553,90,41,Casual
PixelPete,Frogger,37639,83,42,Casual
ChompQueen,Donkey Kong,125684,84,31,Grandmaster
NeoGeo,Donkey Kong,39353,65,21,Casual
NeoGeo,Frogger,147884,96,45,Grandmaster
ChompQueen,Space Invaders,90829,84,24,Pro Gamer
SegaSam,Galaga,114673,68,7,Pro Gamer
KongKiller,Pac-Man,113967,90,44,Pro Gamer
BlipBlop,Galaga,141444,80,40,Grandmaster
BlipBlop,Donkey Kong,54812,98,20,Casual
RetroRider,Frogger,106627,72,11,Pro Gamer
PixelPete,Galaga,133803,67,25,Grandmaster
RetroRider,Pac-Man,27156,67,33,Novice
PixelPete,Donkey Kong,89728,68,23,Pro Gamer
PixelPete,Pac-Man,51370,76,9,Casual
KongKiller,Pac-Man,27170,99,38,Novice
NeoGeo,Donkey Kong,111485,89,43,Pro Gamer
RetroRider,Space Invaders,44021,90,27,Casual
PixelPete,Galaga,7851,70,33,Novice
NeoGeo,Pac-Man,152314,83,28,Grandmaster
ChompQueen,Galaga,92788,69,24,Pro Gamer
RetroRider,Pac-Man,146171,69,27,Grandmaster
ChompQueen,Space Invaders,86667,73,15,Pro Gamer
KongKiller,Frogger,109675,67,14,Pro Gamer
RetroRider,Donkey Kong,73920,91,17,Casual
SegaSam,Donkey Kong,11315,82,5,Novice
RetroRider,Frogger,82050,79,46,Pro Gamer
ChompQueen,Donkey Kong,154464,92,4,Grandmaster
NeoGeo,Donkey Kong,40665,66,20,Casual
BlipBlop,Pac-Man,79935,61,3,Casual
RetroRider,Donkey Kong,114234,87,45,Pro Gamer
SegaSam,Donkey Kong,60147,88,28,Casual
KongKiller,Donkey Kong,48251,73,43,Casual
NeoGeo,Pac-Man,73190,92,33,Casual
BlipBlop,Donkey Kong,69582,70,5,Casual
ChompQueen,Galaga,8500,64,12,Novice
SegaSam,Donkey Kong,26866,61,35,Novice
NeoGeo,Pac-Man,105263,90,33,Pro Gamer
NeoGeo,Space Invaders,49724,85,24,Casual
BlipBlop,Frogger,32083,90,7,Casual
BlipBlop,Space Invaders,151996,91,3,Grandmaster
PixelPete,Pac-Man,142018,61,41,Grandmaster
NeoGeo,Pac-Man,153668,98,20,Grandmaster
SegaSam,Donkey Kong,71442,87,39,Casual
SegaSam,Space Invaders,128059,94,3,Grandmaster
BlipBlop,Space Invaders,149194,70,40,Grandmaster
ChompQueen,Donkey Kong,8375,75,35,Novice
RetroRider,Pac-Man,82533,83,33,Pro Gamer
ChompQueen,Pac-Man,40113,67,36,Casual
PixelPete,Space Invaders,83318,60,41,Pro Gamer
PixelPete,Frogger,127306,77,34,Grandmaster
SegaSam,Galaga,97778,77,45,Pro Gamer
SegaSam,Galaga,146866,99,45,Grandmaster
ChompQueen,Space Invaders,48852,76,40,Casual
PixelPete,Donkey Kong,99121,61,45,Pro Gamer
RetroRider,Donkey Kong,150754,99,30,Grandmaster
NeoGeo,Pac-Man,26310,66,22,Novice
NeoGeo,Donkey Kong,71142,76,16,Casual
SegaSam,Galaga,23748,60,37,Novice
SegaSam,Space Invaders,125151,70,6,Grandmaster
SegaSam,Pac-Man,109109,89,42,Pro Gamer
RetroRider,Frogger,18285,76,10,Novice
BlipBlop,Space Invaders,143902,60,27,Grandmaster
PixelPete,Space Invaders,18868,65,22,Novice
KongKiller,Pac-Man,46314,68,6,Casual
PixelPete,Galaga,104097,90,20,Pro Gamer
PixelPete,Galaga,100922,69,33,Pro Gamer
PixelPete,Donkey Kong,67617,89,13,Casual
BlipBlop,Galaga,112625,81,4,Pro Gamer
NeoGeo,Galaga,20328,73,2,Novice
RetroRider,Pac-Man,61221,80,33,Casual
SegaSam,Donkey Kong,117749,73,16,Pro Gamer
NeoGeo,Space Invaders,112297,65,31,Pro Gamer
ChompQueen,Galaga,154826,78,8,Grandmaster
KongKiller,Donkey Kong,130367,97,23,Grandmaster
SegaSam,Frogger,6690,91,4,Novice
ChompQueen,Pac-Man,37475,70,43,Casual
PixelPete,Space Invaders,97924,66,22,Pro Gamer
RetroRider,Galaga,24187,67,22,Novice
NeoGeo,Pac-Man,21085,70,18,Novice
BlipBlop,Donkey Kong,15089,69,12,Novice
BlipBlop,Donkey Kong,90003,77,17,Pro Gamer
KongKiller,Donkey Kong,67882,70,39,Casual
SegaSam,Galaga,15164,64,45,Novice
PixelPete,Donkey Kong,126905,72,25,Grandmaster
NeoGeo,Donkey Kong,56661,96,21,Casual
ChompQueen,Frogger,123925,82,44,Grandmaster
BlipBlop,Frogger,81734,77,27,Pro Gamer
RetroRider,Donkey Kong,12368,64,46,Novice
RetroRider,Donkey Kong,21692,69,6,Novice
ChompQueen,Donkey Kong,90721,99,23,Pro Gamer
RetroRider,Space Invaders,48567,79,39,Casual
BlipBlop,Galaga,65553,68,7,Casual
BlipBlop,Pac-Man,110187,90,15,Pro Gamer
BlipBlop,Space Invaders,46089,86,23,Casual
BlipBlop,Space Invaders,147019,79,35,Grandmaster
RetroRider,Space Invaders,116676,81,21,Pro Gamer
RetroRider,Space Invaders,107351,76,35,Pro Gamer
SegaSam,Pac-Man,37640,94,30,Casual
PixelPete,Space Invaders,30143,62,32,Casual
KongKiller,Frogger,104199,79,12,Pro Gamer
SegaSam,Pac-Man,42216,65,43,Casual
KongKiller,Pac-Man,142908,88,27,Grandmaster
ChompQueen,Pac-Man,133491,61,42,Grandmaster
KongKiller,Pac-Man,118009,65,35,Pro Gamer
KongKiller,Galaga,62758,75,36,Casual
NeoGeo,Space Invaders,97669,97,2,Pro Gamer
NeoGeo,Frogger,123307,73,22,Grandmaster
RetroRider,Space Invaders,93722,93,42,Pro Gamer
PixelPete,Space Invaders,15661,66,32,Novice
SegaSam,Frogger,54116,71,23,Casual
NeoGeo,Pac-Man,51290,84,8,Casual
ChompQueen,Pac-Man,122750,96,4,Grandmaster
SegaSam,Donkey Kong,83450,83,6,Pro Gamer
ChompQueen,Space Invaders,56525,65,21,Casual
BlipBlop,Pac-Man,90134,79,32,Pro Gamer
KongKiller,Pac-Man,59624,71,41,Casual
KongKiller,Frogger,131020,69,7,Grandmaster
PixelPete,Galaga,68311,92,42,Casual
PixelPete,Galaga,135016,80,15,Grandmaster
ChompQueen,Donkey Kong,72927,80,5,Casual
PixelPete,Galaga,111605,94,21,Pro Gamer
KongKiller,Galaga,6615,95,31,Novice
KongKiller,Space Invaders,125417,65,6,Grandmaster
BlipBlop,Frogger,151484,95,12,Grandmaster
RetroRider,Pac-Man,51671,69,17,Casual
RetroRider,Galaga,113305,86,25,Pro Gamer
SegaSam,Frogger,135094,92,19,Grandmaster
SegaSam,Pac-Man,53995,95,32,Casual
ChompQueen,Pac-Man,154952,63,29,Grandmaster
PixelPete,Donkey Kong,18536,94,12,Novice
BlipBlop,Pac-Man,35598,90,37,Casual
PixelPete,Galaga,37718,81,38,Casual
PixelPete,Pac-Man,74607,83,34,Casual
NeoGeo,Galaga,134641,97,21,Grandmaster
KongKiller,Pac-Man,78127,64,10,Casual
BlipBlop,Donkey Kong,127758,65,33,Grandmaster
RetroRider,Frogger,35525,72,2,Casual
ChompQueen,Space Invaders,25620,85,14,Novice
RetroRider,Galaga,79485,75,30,Casual
KongKiller,Space Invaders,63938,75,42,Casual
KongKiller,Galaga,24341,92,39,Novice
PixelPete,Space Invaders,153332,95,38,Grandmaster
RetroRider,Space Invaders,60252,64,19,Casual
ChompQueen,Pac-Man,121270,65,17,Grandmaster
KongKiller,Frogger,61949,79,11,Casual
ChompQueen,Galaga,40194,89,32,Casual
NeoGeo,Space Invaders,50113,68,22,Casual
RetroRider,Pac-Man,107567,80,12,Pro Gamer
ChompQueen,Frogger,84667,85,16,Pro Gamer
KongKiller,Space Invaders,85591,88,20,Pro Gamer
SegaSam,Frogger,59382,91,14,Casual
ChompQueen,Frogger,39474,70,18,Casual
ChompQueen,Donkey Kong,136097,63,8,Grandmaster
NeoGeo,Galaga,114088,76,31,Pro Gamer
RetroRider,Pac-Man,149876,73,40,Grandmaster
SegaSam,Frogger,66504,78,20,Casual
PixelPete,Frogger,62674,97,13,Casual
KongKiller,Galaga,80400,84,4,Pro Gamer
BlipBlop,Donkey Kong,86631,67,17,Pro Gamer
KongKiller,Pac-Man,19501,63,36,Novice
ChompQueen,Space Invaders,107620,61,11,Pro Gamer
RetroRider,Frogger,154842,94,44,Grandmaster
NeoGeo,Pac-Man,37662,88,35,Casual
RetroRider,Pac-Man,134301,89,30,Grandmaster
PixelPete,Galaga,151277,71,21,Grandmaster
KongKiller,Space Invaders,126532,64,31,Grandmaster
NeoGeo,Galaga,54616,87,2,Casual
KongKiller,Space Invaders,34359,89,12,Casual
PixelPete,Frogger,111703,87,31,Pro Gamer
BlipBlop,Space Invaders,64558,99,28,Casual
NeoGeo,Space Invaders,22776,99,22,Novice
ChompQueen,Frogger,55930,93,34,Casual
KongKiller,Frogger,61068,89,9,Casual
SegaSam,Pac-Man,12249,75,8,Novice
NeoGeo,Pac-Man,42067,87,19,Casual
ChompQueen,Galaga,30571,60,2,Casual
NeoGeo,Space Invaders,130922,86,11,Grandmaster
SegaSam,Pac-Man,123834,63,13,Grandmaster
ChompQueen,Space Invaders,136878,93,23,Grandmaster
RetroRider,Donkey Kong,49630,96,42,Casual
SegaSam,Donkey Kong,30529,70,7,Casual
PixelPete,Pac-Man,98405,69,27,Pro Gamer
KongKiller,Frogger,106017,72,16,Pro Gamer
RetroRider,Frogger,140840,82,31,Grandmaster
SegaSam,Donkey Kong,125681,98,42,Grandmaster
BlipBlop,Pac-Man,113203,75,15,Pro Gamer
BlipBlop,Donkey Kong,76328,65,20,Casual
PixelPete,Galaga,86708,76,26,Pro Gamer
PixelPete,Space Invaders,30061,82,19,Casual
KongKiller,Galaga,95404,77,18,Pro Gamer
NeoGeo,Donkey Kong,48365,92,8,Casual
BlipBlop,Pac-Man,48124,60,38,Casual
PixelPete,Galaga,111179,93,4,Pro Gamer
ChompQueen,Pac-Man,84462,62,36,Pro Gamer
KongKiller,Frogger,48703,92,33,Casual
ChompQueen,Frogger,31452,62,46,Casual
SegaSam,Pac-Man,53138,90,43,Casual
ChompQueen,Frogger,79285,98,40,Casual
ChompQueen,Frogger,60718,72,8,Casual
NeoGeo,Frogger,7907,77,30,Novice
ChompQueen,Frogger,72908,93,9,Casual
NeoGeo,Space Invaders,49778,90,20,Casual
RetroRider,Donkey Kong,74045,74,26,Casual
ChompQueen,Donkey Kong,138370,76,3,Grandmaster
SegaSam,Frogger,6594,91,13,Novice
ChompQueen,Donkey Kong,47429,82,7,Casual
PixelPete,Pac-Man,79791,77,32,Casual
RetroRider,Space Invaders,24892,80,27,Novice
ChompQueen,Frogger,52067,70,39,Casual
NeoGeo,Galaga,11011,95,24,Novice
NeoGeo,Pac-Man,69244,72,3,Casual
PixelPete,Frogger,66149,85,21,Casual
RetroRider,Pac-Man,52462,79,43,Casual
NeoGeo,Space Invaders,55457,92,14,Casual
PixelPete,Galaga,70970,92,30,Casual
NeoGeo,Pac-Man,145267,62,10,Grandmaster
PixelPete,Space Invaders,69315,76,15,Casual
ChompQueen,Frogger,53447,99,28,Casual
KongKiller,Frogger,24308,69,40,Novice
RetroRider,Donkey Kong,14673,92,46,Novice
BlipBlop,Space Invaders,119671,97,27,Pro Gamer
RetroRider,Pac-Man,29535,80,32,Novice
NeoGeo,Donkey Kong,77655,77,5,Casual
NeoGeo,Frogger,127463,93,34,Grandmaster
KongKiller,Donkey Kong,81150,75,15,Pro Gamer
KongKiller,Space Invaders,133604,74,42,Grandmaster
SegaSam,Pac-Man,18737,100,9,Novice
NeoGeo,Space Invaders,120899,94,21,Grandmaster
PixelPete,Pac-Man,97135,78,45,Pro Gamer
SegaSam,Galaga,120165,96,23,Grandmaster
NeoGeo,Space Invaders,97729,84,2,Pro Gamer
PixelPete,Donkey Kong,141540,88,32,Grandmaster
KongKiller,Space Invaders,36996,63,43,Casual
RetroRider,Donkey Kong,30896,75,34,Casual
SegaSam,Donkey Kong,68810,70,34,Casual
RetroRider,Donkey Kong,59883,63,15,Casual
KongKiller,Frogger,149175,71,12,Grandmaster
RetroRider,Donkey Kong,113383,78,9,Pro Gamer
BlipBlop,Frogger,114673,86,3,Pro Gamer
KongKiller,Donkey Kong,63577,64,46,Casual
PixelPete,Pac-Man,62455,86,29,Casual
SegaSam,Frogger,66414,68,10,Casual
ChompQueen,Galaga,8426,87,6,Novice
BlipBlop,Frogger,79492,67,28,Casual
ChompQueen,Pac-Man,127714,85,33,Grandmaster
NeoGeo,Frogger,44700,89,19,Casual
KongKiller,Space Invaders,22992,92,2,Novice
PixelPete,Galaga,144450,83,16,Grandmaster
PixelPete,Galaga,145897,94,25,Grandmaster
BlipBlop,Space Invaders,63014,66,19,Casual
NeoGeo,Space Invaders,18827,63,10,Novice
SegaSam,Frogger,106013,75,38,Pro Gamer
NeoGeo,Galaga,76576,60,21,Casual
ChompQueen,Pac-Man,8104,100,25,Novice
ChompQueen,Frogger,13527,60,14,Novice
KongKiller,Space Invaders,64030,73,24,Casual
ChompQueen,Pac-Man,7307,96,7,Novice
ChompQueen,Space Invaders,96493,81,38,Pro Gamer
RetroRider,Galaga,20836,83,9,Novice
BlipBlop,Donkey Kong,123699,89,39,Grandmaster
NeoGeo,Space Invaders,146050,61,42,Grandmaster
RetroRider,Donkey Kong,23394,72,28,Novice
RetroRider,Galaga,34721,71,3,Casual
SegaSam,Space Invaders,100809,67,27,Pro Gamer
BlipBlop,Donkey Kong,137583,74,43,Grandmaster
PixelPete,Donkey Kong,152936,98,24,Grandmaster
PixelPete,Pac-Man,17617,83,9,Novice
ChompQueen,Pac-Man,59171,63,7,Casual
KongKiller,Pac-Man,88524,86,7,Pro Gamer
RetroRider,Donkey Kong,17999,70,20,Novice
ChompQueen,Galaga,18999,68,14,Novice
NeoGeo,Frogger,41826,94,25,Casual
ChompQueen,Frogger,148198,63,23,Grandmaster
SegaSam,Donkey Kong,114668,74,46,Pro Gamer
SegaSam,Galaga,127962,98,37,Grandmaster
SegaSam,Galaga,79083,100,5,Casual
BlipBlop,Space Invaders,125021,92,13,Grandmaster
KongKiller,Donkey Kong,110132,99,24,Pro Gamer
BlipBlop,Donkey Kong,19586,79,22,Novice
BlipBlop,Donkey Kong,138374,96,46,Grandmaster
ChompQueen,Galaga,70994,79,31,Casual
NeoGeo,Pac-Man,133584,68,44,Grandmaster
SegaSam,Galaga,54426,61,20,Casual
ChompQueen,Galaga,78489,85,41,Casual
ChompQueen,Space Invaders,147192,65,37,Grandmaster
SegaSam,Galaga,143159,77,6,Grandmaster
KongKiller,Donkey Kong,119565,85,29,Pro Gamer
RetroRider,Donkey Kong,152161,88,24,Grandmaster
NeoGeo,Frogger,62804,75,20,Casual
BlipBlop,Frogger,37880,85,40,Casual
NeoGeo,Galaga,39209,94,29,Casual
RetroRider,Pac-Man,152602,82,16,Grandmaster
PixelPete,Pac-Man,6525,93,4,Novice
BlipBlop,Space Invaders,78766,89,5,Casual
BlipBlop,Pac-Man,44639,73,32,Casual
PixelPete,Donkey Kong,112211,65,5,Pro Gamer
RetroRider,Galaga,45549,84,41,Casual
SegaSam,Frogger,125626,81,30,Grandmaster
BlipBlop,Space Invaders,120017,69,27,Grandmaster
RetroRider,Pac-Man,28764,95,31,Novice
KongKiller,Pac-Man,57839,68,30,Casual
NeoGeo,Donkey Kong,142525,82,42,Grandmaster
ChompQueen,Pac-Man,125395,97,38,Grandmaster
ChompQueen,Space Invaders,14247,88,14,Novice
NeoGeo,Space Invaders,123616,87,12,Grandmaster
BlipBlop,Donkey Kong,94652,97,33,Pro Gamer
NeoGeo,Pac-Man,120891,74,2,Grandmaster
SegaSam,Space Invaders,121115,61,20,Grandmaster
NeoGeo,Donkey Kong,51599,62,34,Casual
RetroRider,Space Invaders,89515,66,20,Pro Gamer
ChompQueen,Space Invaders,129506,71,13,Grandmaster
SegaSam,Frogger,91053,96,29,Pro Gamer
KongKiller,Donkey Kong,53806,73,34,Casual
RetroRider,Galaga,90483,95,12,Pro Gamer
ChompQueen,Space Invaders,61922,93,44,Casual
RetroRider,Pac-Man,11206,80,13,Novice
PixelPete,Galaga,104063,74,43,Pro Gamer
ChompQueen,Pac-Man,90813,83,35,Pro Gamer
RetroRider,Space Invaders,146775,86,43,Grandmaster
KongKiller,Frogger,66673,73,22,Casual
PixelPete,Galaga,18791,67,16,Novice
BlipBlop,Space Invaders,98228,95,39,Pro Gamer
RetroRider,Space Invaders,95486,93,10,Pro Gamer
ChompQueen,Donkey Kong,44394,95,39,Casual
NeoGeo,Pac-Man,96095,87,27,Pro Gamer
KongKiller,Pac-Man,48456,88,5,Casual
PixelPete,Pac-Man,109417,79,32,Pro Gamer
SegaSam,Galaga,22624,65,39,Novice
RetroRider,Frogger,23087,96,5,Novice
ChompQueen,Donkey Kong,147254,90,30,Grandmaster
ChompQueen,Space Invaders,150410,72,23,Grandmaster
SegaSam,Frogger,15076,70,24,Novice
ChompQueen,Frogger,117698,70,24,Pro Gamer
SegaSam,Galaga,115170,90,40,Pro Gamer
SegaSam,Donkey Kong,141492,81,36,Grandmaster
ChompQueen,Galaga,119193,64,23,Pro Gamer
NeoGeo,Donkey Kong,129430,86,7,Grandmaster
BlipBlop,Galaga,117438,68,46,Pro Gamer
BlipBlop,Space Invaders,28798,88,43,Novice
SegaSam,Space Invaders,11747,90,9,Novice
BlipBlop,Space Invaders,41177,91,13,Casual
BlipBlop,Donkey Kong,122048,96,31,Grandmaster
KongKiller,Pac-Man,55088,66,31,Casual
SegaSam,Donkey Kong,59080,98,7,Casual
KongKiller,Galaga,153965,61,13,Grandmaster
NeoGeo,Space Invaders,36592,75,13,Casual
RetroRider,Pac-Man,11460,78,8,Novice
NeoGeo,Pac-Man,148371,99,13,Grandmaster
NeoGeo,Space Invaders,59797,74,12,Casual
KongKiller,Donkey Kong,109352,77,34,Pro Gamer
PixelPete,Space Invaders,151014,62,30,Grandmaster
RetroRider,Donkey Kong,139004,61,5,Grandmaster
NeoGeo,Space Invaders,128070,91,46,Grandmaster
NeoGeo,Pac-Man,19811,81,6,Novice
RetroRider,Space Invaders,46869,73,10,Casual
NeoGeo,Frogger,14081,76,12,Novice
KongKiller,Space Invaders,16680,97,41,Novice
PixelPete,Donkey Kong,143808,83,34,Grandmaster
BlipBlop,Frogger,114257,98,3,Pro Gamer
SegaSam,Galaga,26834,65,25,Novice
BlipBlop,Frogger,34196,82,26,Casual
KongKiller,Galaga,98493,84,39,Pro Gamer
KongKiller,Space Invaders,15740,76,22,Novice
RetroRider,Galaga,23981,87,27,Novice
RetroRider,Space Invaders,123684,77,46,Grandmaster
BlipBlop,Space Invaders,23852,94,24,Novice
ChompQueen,Pac-Man,35514,80,17,Casual
NeoGeo,Frogger,45078,82,27,Casual
KongKiller,Donkey Kong,101862,96,41,Pro Gamer
SegaSam,Frogger,144194,91,35,Grandmaster
NeoGeo,Space Invaders,90817,67,24,Pro Gamer
BlipBlop,Donkey Kong,81346,72,35,Pro Gamer
PixelPete,Space Invaders,111993,72,11,Pro Gamer
PixelPete,Galaga,77907,72,6,Casual
NeoGeo,Galaga,79274,92,45,Casual
KongKiller,Space Invaders,55544,76,11,Casual
KongKiller,Pac-Man,77487,77,37,Casual
NeoGeo,Galaga,47032,97,24,Casual
RetroRider,Pac-Man,122958,62,24,Grandmaster
RetroRider,Donkey Kong,89375,69,19,Pro Gamer
NeoGeo,Space Invaders,99082,65,17,Pro Gamer
PixelPete,Space Invaders,72858,86,19,Casual
BlipBlop,Space Invaders,64971,69,46,Casual
SegaSam,Donkey Kong,75348,77,37,Casual
SegaSam,Donkey Kong,146000,62,42,Grandmaster
RetroRider,Space Invaders,95604,70,19,Pro Gamer
KongKiller,Pac-Man,152349,72,23,Grandmaster
ChompQueen,Pac-Man,63649,93,35,Casual
PixelPete,Frogger,97096,86,45,Pro Gamer
NeoGeo,Space Invaders,6678,87,18,Novice
ChompQueen,Space Invaders,109974,76,35,Pro Gamer
RetroRider,Space Invaders,19735,86,39,Novice
ChompQueen,Galaga,93387,81,19,Pro Gamer
RetroRider,Galaga,58077,77,44,Casual
RetroRider,Galaga,97623,70,16,Pro Gamer
NeoGeo,Pac-Man,129990,63,3,Grandmaster
ChompQueen,Space Invaders,58325,70,24,Casual
RetroRider,Space Invaders,129741,71,5,Grandmaster
SegaSam,Donkey Kong,60069,81,25,Casual
ChompQueen,Pac-Man,95600,99,41,Pro Gamer
PixelPete,Pac-Man,64546,83,2,Casual
ChompQueen,Galaga,36888,77,35,Casual
RetroRider,Frogger,146261,65,28,Grandmaster
ChompQueen,Donkey Kong,44106,99,7,Casual
SegaSam,Pac-Man,61121,93,19,Casual
NeoGeo,Donkey Kong,58692,89,11,Casual
KongKiller,Space Invaders,80721,75,18,Pro Gamer
NeoGeo,Donkey Kong,70396,79,5,Casual
KongKiller,Galaga,60932,90,26,Casual
KongKiller,Galaga,121241,76,18,Grandmaster
KongKiller,Pac-Man,110994,67,24,Pro Gamer
RetroRider,Frogger,82492,91,29,Pro Gamer
NeoGeo,Space Invaders,101743,75,25,Pro Gamer
PixelPete,Donkey Kong,89377,64,15,Pro Gamer
RetroRider,Space Invaders,72820,90,45,Casual
KongKiller,Galaga,92855,85,20,Pro Gamer
PixelPete,Galaga,25157,81,29,Novice
KongKiller,Donkey Kong,36263,78,42,Casual
ChompQueen,Space Invaders,12678,76,24,Novice
PixelPete,Donkey Kong,60777,97,14,Casual
ChompQueen,Galaga,123776,68,20,Grandmaster
SegaSam,Space Invaders,45338,84,19,Casual
SegaSam,Pac-Man,100040,65,27,Pro Gamer
SegaSam,Frogger,82977,69,30,Pro Gamer
ChompQueen,Space Invaders,84358,64,45,Pro Gamer
KongKiller,Galaga,138456,73,9,Grandmaster
ChompQueen,Pac-Man,100923,84,35,Pro Gamer
RetroRider,Galaga,55407,78,19,Casual
ChompQueen,Space Invaders,75141,99,17,Casual
BlipBlop,Pac-Man,105475,72,27,Pro Gamer
NeoGeo,Pac-Man,64149,96,35,Casual
NeoGeo,Donkey Kong,97878,88,46,Pro Gamer
NeoGeo,Space Invaders,72152,66,15,Casual
BlipBlop,Frogger,10720,68,31,Novice
PixelPete,Space Invaders,59099,78,44,Casual
NeoGeo,Frogger,145866,96,2,Grandmaster
RetroRider,Pac-Man,14288,82,15,Novice
ChompQueen,Galaga,151491,93,7,Grandmaster
PixelPete,Galaga,55350,69,35,Casual
KongKiller,Space Invaders,108899,79,23,Pro Gamer
KongKiller,Donkey Kong,39997,94,42,Casual
RetroRider,Frogger,69493,69,40,Casual
SegaSam,Space Invaders,34239,73,45,Casual
PixelPete,Space Invaders,141369,61,29,Grandmaster
RetroRider,Pac-Man,16578,97,22,Novice
SegaSam,Galaga,23663,87,2,Novice
KongKiller,Space Invaders,91331,84,35,Pro Gamer
NeoGeo,Galaga,25815,67,33,Novice
PixelPete,Frogger,126182,99,32,Grandmaster
RetroRider,Galaga,76253,66,15,Casual
SegaSam,Frogger,29360,91,3,Novice
PixelPete,Space Invaders,54825,97,3,Casual
RetroRider,Donkey Kong,25102,98,42,Novice
NeoGeo,Space Invaders,39404,63,15,Casual
BlipBlop,Space Invaders,145703,83,33,Grandmaster
BlipBlop,Galaga,144399,66,5,Grandmaster
RetroRider,Donkey Kong,98628,92,20,Pro Gamer
NeoGeo,Frogger,42349,84,37,Casual
BlipBlop,Space Invaders,40537,76,32,Casual
ChompQueen,Space Invaders,22280,71,37,Novice
PixelPete,Space Invaders,56052,86,19,Casual
BlipBlop,Frogger,42416,69,6,Casual
SegaSam,Frogger,124154,76,5,Grandmaster
ChompQueen,Pac-Man,76792,67,42,Casual
ChompQueen,Space Invaders,59530,89,3,Casual
NeoGeo,Frogger,43002,93,23,Casual
PixelPete,Space Invaders,96994,93,38,Pro Gamer
KongKiller,Galaga,131906,99,45,Grandmaster
RetroRider,Donkey Kong,12966,62,30,Novice
SegaSam,Space Invaders,36560,90,20,Casual
NeoGeo,Frogger,24215,62,40,Novice
PixelPete,Donkey Kong,86527,98,35,Pro Gamer
ChompQueen,Pac-Man,10088,88,19,Novice
RetroRider,Galaga,106795,83,26,Pro Gamer
KongKiller,Donkey Kong,34997,88,2,Casual
KongKiller,Space Invaders,47847,61,10,Casual
BlipBlop,Donkey Kong,92597,76,35,Pro Gamer
BlipBlop,Pac-Man,154339,76,28,Grandmaster
NeoGeo,Donkey Kong,119991,81,16,Pro Gamer
ChompQueen,Pac-Man,39219,66,17,Casual
ChompQueen,Galaga,21553,73,29,Novice
KongKiller,Pac-Man,84532,96,42,Pro Gamer
PixelPete,Frogger,135499,64,32,Grandmaster
ChompQueen,Pac-Man,97378,98,23,Pro Gamer
RetroRider,Space Invaders,11251,75,19,Novice
SegaSam,Donkey Kong,119452,87,41,Pro Gamer
RetroRider,Space Invaders,76611,61,13,Casual
BlipBlop,Donkey Kong,56497,77,3,Casual
PixelPete,Donkey Kong,79685,84,33,Casual
ChompQueen,Frogger,7516,86,32,Novice
SegaSam,Pac-Man,112607,64,41,Pro Gamer
PixelPete,Space Invaders,73377,90,43,Casual
SegaSam,Donkey Kong,95362,76,23,Pro Gamer
PixelPete,Space Invaders,27859,75,16,Novice
SegaSam,Pac-Man,13125,67,4,Novice
KongKiller,Pac-Man,70358,90,35,Casual
BlipBlop,Space Invaders,78103,74,7,Casual
KongKiller,Space Invaders,84711,69,13,Pro Gamer
RetroRider,Galaga,145721,81,39,Grandmaster
BlipBlop,Pac-Man,21187,62,4,Novice
NeoGeo,Galaga,138723,98,12,Grandmaster
NeoGeo,Space Invaders,84156,91,21,Pro Gamer
SegaSam,Galaga,94998,68,7,Pro Gamer
SegaSam,Donkey Kong,10175,77,31,Novice
PixelPete,Frogger,87687,75,45,Pro Gamer
NeoGeo,Frogger,31227,93,46,Casual
PixelPete,Pac-Man,79524,65,40,Casual
ChompQueen,Frogger,91092,80,32,Pro Gamer
PixelPete,Frogger,78327,64,28,Casual
NeoGeo,Galaga,89405,92,2,Pro Gamer
PixelPete,Pac-Man,78400,92,12,Casual
BlipBlop,Galaga,27707,84,43,Novice
ChompQueen,Frogger,98264,90,6,Pro Gamer
SegaSam,Space Invaders,60622,63,18,Casual
NeoGeo,Space Invaders,145672,99,30,Grandmaster
PixelPete,Pac-Man,118290,99,29,Pro Gamer
KongKiller,Galaga,34000,67,44,Casual
ChompQueen,Galaga,45531,61,15,Casual
KongKiller,Frogger,136812,81,25,Grandmaster
RetroRider,Donkey Kong,47687,64,14,Casual
RetroRider,Galaga,70746,72,31,Casual
NeoGeo,Pac-Man,122437,100,11,Grandmaster
ChompQueen,Donkey Kong,6783,69,6,Novice
BlipBlop,Donkey Kong,115019,76,41,Pro Gamer
RetroRider,Donkey Kong,84528,65,13,Pro Gamer
KongKiller,Galaga,11404,94,13,Novice
KongKiller,Galaga,75476,70,37,Casual
SegaSam,Pac-Man,113184,84,25,Pro Gamer
SegaSam,Donkey Kong,120479,96,44,Grandmaster
KongKiller,Frogger,76597,82,9,Casual
SegaSam,Space Invaders,147330,73,4,Grandmaster
SegaSam,Space Invaders,65019,78,22,Casual
BlipBlop,Pac-Man,41191,91,23,Casual
RetroRider,Pac-Man,104038,61,14,Pro Gamer
RetroRider,Frogger,45346,72,38,Casual
KongKiller,Galaga,113939,71,23,Pro Gamer
ChompQueen,Pac-Man,93561,93,29,Pro Gamer
BlipBlop,Pac-Man,58725,67,8,Casual
PixelPete,Galaga,154796,74,33,Grandmaster
ChompQueen,Donkey Kong,30481,63,27,Casual
SegaSam,Pac-Man,60280,76,33,Casual
ChompQueen,Pac-Man,117117,76,36,Pro Gamer
ChompQueen,Donkey Kong,117406,98,27,Pro Gamer
RetroRider,Galaga,50831,68,24,Casual
NeoGeo,Galaga,68825,60,33,Casual
KongKiller,Donkey Kong,37113,72,43,Casual
KongKiller,Space Invaders,80485,76,36,Pro Gamer
SegaSam,Frogger,36170,91,40,Casual
RetroRider,Frogger,66500,100,39,Casual
NeoGeo,Space Invaders,127656,68,3,Grandmaster
RetroRider,Space Invaders,21795,70,44,Novice
ChompQueen,Galaga,43537,83,34,Casual
NeoGeo,Space Invaders,50721,69,23,Casual
SegaSam,Galaga,61016,82,33,Casual
KongKiller,Space Invaders,120200,75,7,Grandmaster
NeoGeo,Frogger,29876,62,44,Novice
NeoGeo,Pac-Man,119724,67,41,Pro Gamer
ChompQueen,Galaga,124939,92,20,Grandmaster
ChompQueen,Frogger,120761,93,27,Grandmaster
RetroRider,Pac-Man,59078,66,29,Casual
PixelPete,Donkey Kong,130434,97,29,Grandmaster
KongKiller,Space Invaders,153510,66,7,Grandmaster
PixelPete,Frogger,22733,86,3,Novice
SegaSam,Donkey Kong,45836,81,43,Casual
KongKiller,Space Invaders,21538,64,8,Novice
ChompQueen,Galaga,16829,79,2,Novice
SegaSam,Pac-Man,43483,62,16,Casual
SegaSam,Galaga,49452,87,7,Casual
NeoGeo,Space Invaders,140542,78,23,Grandmaster
NeoGeo,Frogger,144185,86,3,Grandmaster
BlipBlop,Galaga,18893,85,32,Novice
RetroRider,Galaga,127503,92,36,Grandmaster
ChompQueen,Pac-Man,87736,61,5,Pro Gamer
KongKiller,Pac-Man,10483,85,4,Novice
ChompQueen,Pac-Man,146433,65,45,Grandmaster
KongKiller,Space Invaders,59360,68,20,Casual
RetroRider,Space Invaders,116710,64,19,Pro Gamer
KongKiller,Galaga,69447,70,29,Casual
KongKiller,Space Invaders,140036,84,3,Grandmaster
SegaSam,Space Invaders,59899,73,7,Casual
ChompQueen,Pac-Man,138559,98,26,Grandmaster
BlipBlop,Donkey Kong,98978,78,5,Pro Gamer
SegaSam,Donkey Kong,16310,90,9,Novice
RetroRider,Galaga,90671,77,26,Pro Gamer
SegaSam,Space Invaders,21916,64,8,Novice
RetroRider,Donkey Kong,6437,69,4,Novice
RetroRider,Space Invaders,109674,73,5,Pro Gamer
ChompQueen,Space Invaders,78926,95,35,Casual
BlipBlop,Frogger,128440,84,21,Grandmaster
RetroRider,Pac-Man,22593,98,39,Novice
ChompQueen,Frogger,71987,68,20,Casual
RetroRider,Donkey Kong,41864,80,23,Casual
ChompQueen,Donkey Kong,19345,62,11,Novice
BlipBlop,Donkey Kong,134089,60,3,Grandmaster
SegaSam,Pac-Man,134392,63,43,Grandmaster
ChompQueen,Frogger,128628,91,39,Grandmaster
SegaSam,Frogger,19557,98,21,Novice
KongKiller,Pac-Man,128051,70,20,Grandmaster
ChompQueen,Galaga,106081,76,46,Pro Gamer
PixelPete,Galaga,96184,64,33,Pro Gamer
ChompQueen,Galaga,7622,76,44,Novice
ChompQueen,Space Invaders,73479,69,3,Casual
BlipBlop,Space Invaders,54056,72,35,Casual
SegaSam,Donkey Kong,63980,94,37,Casual
ChompQueen,Frogger,86679,92,45,Pro Gamer
NeoGeo,Space Invaders,119968,95,12,Pro Gamer
PixelPete,Frogger,102794,71,8,Pro Gamer
NeoGeo,Frogger,72364,84,39,Casual
ChompQueen,Pac-Man,115534,63,14,Pro Gamer
SegaSam,Frogger,27415,85,2,Novice
KongKiller,Donkey Kong,69348,66,31,Casual
BlipBlop,Frogger,24580,75,23,Novice
BlipBlop,Space Invaders,92833,95,28,Pro Gamer
ChompQueen,Frogger,141627,96,43,Grandmaster
KongKiller,Pac-Man,122295,95,18,Grandmaster
BlipBlop,Donkey Kong,138066,77,12,Grandmaster
SegaSam,Space Invaders,89705,71,15,Pro Gamer
PixelPete,Galaga,46876,87,27,Casual
ChompQueen,Pac-Man,98453,73,25,Pro Gamer
KongKiller,Pac-Man,121479,95,3,Grandmaster
KongKiller,Donkey Kong,134275,72,32,Grandmaster
ChompQueen,Space Invaders,9836,70,36,Novice
PixelPete,Space Invaders,52146,92,9,Casual
ChompQueen,Frogger,36983,73,6,Casual
SegaSam,Space Invaders,52586,73,5,Casual
ChompQueen,Frogger,35150,74,26,Casual
BlipBlop,Donkey Kong,85332,98,26,Pro Gamer
RetroRider,Donkey Kong,16949,94,32,Novice
SegaSam,Space Invaders,153422,77,24,Grandmaster
ChompQueen,Frogger,124951,66,21,Grandmaster
BlipBlop,Frogger,44340,93,19,Casual
BlipBlop,Frogger,142665,94,5,Grandmaster
ChompQueen,Frogger,20497,83,11,Novice
SegaSam,Space Invaders,43680,72,24,Casual
RetroRider,Galaga,43484,96,21,Casual
RetroRider,Pac-Man,116746,85,16,Pro Gamer
KongKiller,Pac-Man,109110,85,16,Pro Gamer
BlipBlop,Pac-Man,55346,94,38,Casual
SegaSam,Donkey Kong,89079,61,3,Pro Gamer
ChompQueen,Galaga,60757,77,3,Casual
RetroRider,Donkey Kong,132673,67,8,Grandmaster
NeoGeo,Frogger,94057,75,39,Pro Gamer
RetroRider,Frogger,142837,68,36,Grandmaster
PixelPete,Donkey Kong,83941,67,31,Pro Gamer
NeoGeo,Space Invaders,143690,77,10,Grandmaster
SegaSam,Donkey Kong,101698,96,8,Pro Gamer
RetroRider,Pac-Man,104868,86,9,Pro Gamer
ChompQueen,Space Invaders,119128,85,4,Pro Gamer
BlipBlop,Donkey Kong,124762,67,41,Grandmaster
SegaSam,Frogger,88350,76,16,Pro Gamer
SegaSam,Galaga,86585,90,42,Pro Gamer
SegaSam,Pac-Man,142609,77,2,Grandmaster
NeoGeo,Pac-Man,127245,89,44,Grandmaster
ChompQueen,Pac-Man,107966,90,18,Pro Gamer
NeoGeo,Frogger,108006,73,15,Pro Gamer
KongKiller,Frogger,15074,92,40,Novice
RetroRider,Galaga,123199,100,45,Grandmaster
KongKiller,Space Invaders,18613,79,45,Novice
ChompQueen,Donkey Kong,89057,77,44,Pro Gamer
RetroRider,Pac-Man,146174,66,17,Grandmaster
PixelPete,Donkey Kong,83199,86,3,Pro Gamer
BlipBlop,Pac-Man,26953,75,37,Novice
PixelPete,Pac-Man,129092,96,9,Grandmaster
PixelPete,Frogger,73197,98,32,Casual
ChompQueen,Galaga,150192,80,29,Grandmaster
KongKiller,Frogger,29603,72,10,Novice
PixelPete,Donkey Kong,66216,77,9,Casual
NeoGeo,Donkey Kong,19576,98,2,Novice
PixelPete,Pac-Man,138803,89,9,Grandmaster
PixelPete,Galaga,134699,65,43,Grandmaster
NeoGeo,Pac-Man,98762,77,39,Pro Gamer
PixelPete,Space Invaders,16201,84,5,Novice
ChompQueen,Pac-Man,105679,66,32,Pro Gamer
PixelPete,Galaga,16285,69,28,Novice
RetroRider,Frogger,52391,65,11,Casual
NeoGeo,Frogger,88109,86,36,Pro Gamer
RetroRider,Frogger,141578,84,31,Grandmaster
KongKiller,Frogger,26104,74,42,Novice
NeoGeo,Frogger,29375,78,11,Novice
NeoGeo,Frogger,57523,60,12,Casual
RetroRider,Pac-Man,49022,93,19,Casual
RetroRider,Frogger,42250,62,31,Casual
ChompQueen,Space Invaders,48550,100,6,Casual
PixelPete,Pac-Man,48651,66,36,Casual
ChompQueen,Pac-Man,154054,85,36,Grandmaster
RetroRider,Donkey Kong,25029,61,41,Novice
ChompQueen,Frogger,87519,79,38,Pro Gamer
NeoGeo,Donkey Kong,145400,99,45,Grandmaster
NeoGeo,Galaga,96462,80,24,Pro Gamer
RetroRider,Frogger,47710,98,45,Casual
BlipBlop,Galaga,93088,80,30,Pro Gamer
PixelPete,Space Invaders,148623,78,8,Grandmaster
KongKiller,Pac-Man,108775,91,38,Pro Gamer
ChompQueen,Donkey Kong,121481,84,36,Grandmaster
PixelPete,Space Invaders,95058,68,8,Pro Gamer
KongKiller,Frogger,123606,67,34,Grandmaster
RetroRider,Donkey Kong,67185,91,15,Casual
PixelPete,Donkey Kong,105855,88,2,Pro Gamer
RetroRider,Donkey Kong,97518,89,32,Pro Gamer
ChompQueen,Frogger,26854,84,9,Novice
PixelPete,Pac-Man,16096,98,23,Novice
NeoGeo,Donkey Kong,24441,60,35,Novice
SegaSam,Donkey Kong,146353,66,4,Grandmaster
ChompQueen,Space Invaders,26474,87,22,Novice
BlipBlop,Space Invaders,6904,97,3,Novice
NeoGeo,Space Invaders,78307,74,6,Casual
SegaSam,Donkey Kong,83658,69,33,Pro Gamer
SegaSam,Donkey Kong,35135,88,28,Casual
RetroRider,Space Invaders,124658,86,26,Grandmaster
BlipBlop,Pac-Man,33851,71,32,Casual
NeoGeo,Frogger,49207,82,46,Casual
PixelPete,Frogger,58370,61,43,Casual
RetroRider,Galaga,76213,97,11,Casual
SegaSam,Pac-Man,65551,97,10,Casual
SegaSam,Donkey Kong,103692,85,37,Pro Gamer
PixelPete,Space Invaders,51861,66,9,Casual
BlipBlop,Pac-Man,126446,69,46,Grandmaster
NeoGeo,Donkey Kong,13075,77,14,Novice
RetroRider,Donkey Kong,5437,82,12,Novice
BlipBlop,Galaga,91259,70,13,Pro Gamer
KongKiller,Frogger,42681,87,37,Casual
SegaSam,Frogger,25737,94,23,Novice
KongKiller,Frogger,91648,85,40,Pro Gamer
SegaSam,Frogger,88648,95,5,Pro Gamer
KongKiller,Frogger,107894,81,24,Pro Gamer
RetroRider,Donkey Kong,107176,71,27,Pro Gamer
KongKiller,Space Invaders,66956,75,3,Casual
BlipBlop,Galaga,75187,79,14,Casual
PixelPete,Donkey Kong,67398,80,22,Casual
PixelPete,Pac-Man,22502,65,3,Novice
SegaSam,Donkey Kong,97469,74,3,Pro Gamer
ChompQueen,Galaga,151924,61,30,Grandmaster
RetroRider,Pac-Man,133580,86,45,Grandmaster
SegaSam,Space Invaders,31086,85,41,Casual
ChompQueen,Frogger,34830,98,16,Casual
NeoGeo,Pac-Man,103495,64,24,Pro Gamer
SegaSam,Frogger,8909,78,16,Novice
BlipBlop,Frogger,111372,78,44,Pro Gamer
NeoGeo,Frogger,146894,97,30,Grandmaster
KongKiller,Frogger,73288,86,2,Casual
BlipBlop,Pac-Man,74992,97,30,Casual
SegaSam,Pac-Man,110124,95,9,Pro Gamer
ChompQueen,Donkey Kong,15485,92,36,Novice
KongKiller,Frogger,104005,90,13,Pro Gamer
NeoGeo,Galaga,154111,99,28,Grandmaster
SegaSam,Pac-Man,120991,94,34,Grandmaster
SegaSam,Donkey Kong,104732,89,9,Pro Gamer
NeoGeo,Space Invaders,92336,70,23,Pro Gamer
SegaSam,Galaga,39781,78,27,Casual
ChompQueen,Pac-Man,79015,96,41,Casual
BlipBlop,Space Invaders,28897,84,13,Novice
PixelPete,Galaga,71578,68,25,Casual
KongKiller,Galaga,138991,72,28,Grandmaster
BlipBlop,Galaga,10439,80,20,Novice
BlipBlop,Donkey Kong,107377,68,31,Pro Gamer
SegaSam,Galaga,34041,61,24,Casual
ChompQueen,Pac-Man,26860,90,17,Novice
RetroRider,Frogger,23428,63,3,Novice
ChompQueen,Donkey Kong,119108,79,9,Pro Gamer
RetroRider,Pac-Man,136868,82,44,Grandmaster
ChompQueen,Space Invaders,17197,65,27,Novice
KongKiller,Galaga,117047,93,33,Pro Gamer
KongKiller,Pac-Man,134933,83,26,Grandmaster
NeoGeo,Pac-Man,138931,76,4,Grandmaster
PixelPete,Frogger,38246,80,15,Casual
PixelPete,Galaga,149449,70,4,Grandmaster
NeoGeo,Space Invaders,26672,70,16,Novice
RetroRider,Donkey Kong,115920,85,39,Pro Gamer
NeoGeo,Space Invaders,41852,88,46,Casual
SegaSam,Pac-Man,73478,97,27,Casual
RetroRider,Pac-Man,77779,99,8,Casual
BlipBlop,Donkey Kong,143465,72,23,Grandmaster
BlipBlop,Space Invaders,10118,69,40,Novice
PixelPete,Pac-Man,105868,79,27,Pro Gamer
KongKiller,Galaga,76831,85,26,Casual
NeoGeo,Galaga,138892,99,2,Grandmaster
PixelPete,Frogger,79596,87,44,Casual
NeoGeo,Frogger,42745,67,27,Casual
PixelPete,Galaga,14485,78,24,Novice
SegaSam,Galaga,13546,92,46,Novice
KongKiller,Pac-Man,22267,82,40,Novice
NeoGeo,Donkey Kong,133697,97,38,Grandmaster
SegaSam,Galaga,134857,86,18,Grandmaster
PixelPete,Pac-Man,79909,86,37,Casual
KongKiller,Pac-Man,144912,91,15,Grandmaster
RetroRider,Pac-Man,28230,72,38,Novice
PixelPete,Galaga,61250,88,41,Casual
SegaSam,Pac-Man,34835,81,37,Casual
ChompQueen,Pac-Man,25801,73,46,Novice
NeoGeo,Donkey Kong,81647,87,40,Pro Gamer
ChompQueen,Frogger,127017,84,23,Grandmaster
PixelPete,Pac-Man,30985,87,34,Casual
NeoGeo,Donkey Kong,52968,80,6,Casual
RetroRider,Space Invaders,150162,73,24,Grandmaster
KongKiller,Galaga,50678,79,26,Casual
ChompQueen,Space Invaders,58401,96,10,Casual
PixelPete,Galaga,34416,90,22,Casual
RetroRider,Pac-Man,95290,93,7,Pro Gamer
PixelPete,Donkey Kong,136759,62,2,Grandmaster
RetroRider,Donkey Kong,42645,96,20,Casual
PixelPete,Space Invaders,18023,67,38,Novice
PixelPete,Donkey Kong,119187,77,16,Pro Gamer
PixelPete,Donkey Kong,60090,61,28,Casual
BlipBlop,Pac-Man,57907,90,46,Casual
KongKiller,Frogger,98354,71,38,Pro Gamer
BlipBlop,Space Invaders,153561,66,29,Grandmaster
NeoGeo,Galaga,45342,68,4,Casual
PixelPete,Pac-Man,22615,90,25,Novice
ChompQueen,Pac-Man,67325,82,7,Casual
BlipBlop,Pac-Man,122078,64,43,Grandmaster
BlipBlop,Pac-Man,72678,60,42,Casual
SegaSam,Galaga,125140,74,26,Grandmaster
ChompQueen,Pac-Man,27121,96,2,Novice
KongKiller,Pac-Man,46481,88,21,Casual
NeoGeo,Donkey Kong,71159,71,30,Casual
KongKiller,Pac-Man,90685,94,36,Pro Gamer
BlipBlop,Space Invaders,12332,64,3,Novice
SegaSam,Space Invaders,62168,92,29,Casual
BlipBlop,Donkey Kong,130710,89,27,Grandmaster
NeoGeo,Pac-Man,36532,85,45,Casual
ChompQueen,Space Invaders,10254,73,31,Novice
PixelPete,Donkey Kong,104856,93,26,Pro Gamer
NeoGeo,Donkey Kong,104331,85,33,Pro Gamer
SegaSam,Donkey Kong,99027,93,34,Pro Gamer
RetroRider,Space Invaders,136182,65,35,Grandmaster
NeoGeo,Space Invaders,74904,77,16,Casual
ChompQueen,Donkey Kong,24113,85,7,Novice
RetroRider,Space Invaders,139152,63,30,Grandmaster
BlipBlop,Pac-Man,26761,89,5,Novice
SegaSam,Donkey Kong,128994,99,26,Grandmaster
SegaSam,Frogger,28884,65,11,Novice
RetroRider,Frogger,79927,78,34,Casual
KongKiller,Donkey Kong,129164,80,32,Grandmaster
ChompQueen,Galaga,70210,80,28,Casual
SegaSam,Frogger,51042,80,27,Casual
NeoGeo,Galaga,49828,96,24,Casual
RetroRider,Galaga,76790,82,34,Casual
ChompQueen,Galaga,76869,66,23,Casual
PixelPete,Frogger,87243,98,42,Pro Gamer
BlipBlop,Frogger,106615,62,33,Pro Gamer
PixelPete,Frogger,72960,100,41,Casual
ChompQueen,Galaga,81196,70,45,Pro Gamer
ChompQueen,Pac-Man,46257,90,32,Casual
PixelPete,Galaga,104895,100,40,Pro Gamer
ChompQueen,Frogger,142806,66,20,Grandmaster
ChompQueen,Galaga,49656,86,4,Casual
ChompQueen,Galaga,154842,72,32,Grandmaster
RetroRider,Frogger,150848,65,36,Grandmaster
KongKiller,Galaga,51939,64,17,Casual
SegaSam,Space Invaders,109884,64,23,Pro Gamer
RetroRider,Galaga,44106,80,32,Casual
ChompQueen,Frogger,65198,68,17,Casual
PixelPete,Donkey Kong,103785,72,40,Pro Gamer
ChompQueen,Pac-Man,35374,85,4,Casual
PixelPete,Donkey Kong,9770,76,13,Novice
RetroRider,Galaga,62880,63,2,Casual
PixelPete,Space Invaders,27495,91,46,Novice
KongKiller,Pac-Man,47911,69,4,Casual
PixelPete,Space Invaders,61876,90,33,Casual
PixelPete,Frogger,104750,92,2,Pro Gamer
ChompQueen,Frogger,66002,78,5,Casual
PixelPete,Donkey Kong,30975,94,4,Casual
ChompQueen,Space Invaders,49525,77,32,Casual
BlipBlop,Galaga,120356,94,17,Grandmaster
BlipBlop,Space Invaders,80125,67,43,Pro Gamer
PixelPete,Frogger,77987,90,39,Casual
RetroRider,Frogger,12138,85,29,Novice
ChompQueen,Pac-Man,77614,96,16,Casual
BlipBlop,Donkey Kong,22881,70,27,Novice
SegaSam,Donkey Kong,148239,100,8,Grandmaster
KongKiller,Frogger,98916,68,13,Pro Gamer
RetroRider,Space Invaders,112650,96,27,Pro Gamer
RetroRider,Donkey Kong,20023,74,25,Novice
NeoGeo,Frogger,67076,77,25,Casual
SegaSam,Space Invaders,69781,81,26,Casual
SegaSam,Frogger,119690,83,34,Pro Gamer
BlipBlop,Space Invaders,24185,78,40,Novice
PixelPete,Space Invaders,70372,64,40,Casual
ChompQueen,Pac-Man,8674,96,44,Novice
BlipBlop,Space Invaders,27935,84,8,Novice
ChompQueen,Space Invaders,35974,61,4,Casual
BlipBlop,Donkey Kong,28786,79,34,Novice
SegaSam,Space Invaders,129711,83,33,Grandmaster
RetroRider,Space Invaders,84400,98,21,Pro Gamer
RetroRider,Frogger,54108,66,29,Casual
BlipBlop,Space Invaders,114355,99,11,Pro Gamer
BlipBlop,Frogger,10502,62,42,Novice
SegaSam,Galaga,56993,62,41,Casual
SegaSam,Pac-Man,49052,70,17,Casual
KongKiller,Galaga,23152,90,21,Novice
SegaSam,Pac-Man,38161,89,23,Casual
BlipBlop,Pac-Man,146301,66,42,Grandmaster
SegaSam,Space Invaders,32809,84,28,Casual
PixelPete,Donkey Kong,48003,85,31,Casual
BlipBlop,Space Invaders,32539,88,9,Casual
KongKiller,Galaga,86398,61,8,Pro Gamer
NeoGeo,Donkey Kong,111657,89,9,Pro Gamer
BlipBlop,Donkey Kong,118806,93,44,Pro Gamer
KongKiller,Galaga,77284,89,17,Casual
BlipBlop,Space Invaders,116272,61,14,Pro Gamer
NeoGeo,Space Invaders,65204,80,24,Casual
BlipBlop,Space Invaders,139431,78,22,Grandmaster
BlipBlop,Galaga,38443,72,11,Casual
SegaSam,Pac-Man,83122,75,16,Pro Gamer
RetroRider,Space Invaders,79409,74,14,Casual
KongKiller,Space Invaders,134439,87,43,Grandmaster
NeoGeo,Space Invaders,6739,73,8,Novice
NeoGeo,Pac-Man,101045,77,10,Pro Gamer
PixelPete,Donkey Kong,46476,63,33,Casual
SegaSam,Frogger,9591,69,27,Novice
ChompQueen,Space Invaders,151295,97,13,Grandmaster
ChompQueen,Galaga,27179,71,29,Novice
RetroRider,Donkey Kong,38243,64,12,Casual
BlipBlop,Galaga,68522,71,32,Casual
KongKiller,Donkey Kong,69286,87,31,Casual
RetroRider,Donkey Kong,103882,90,41,Pro Gamer
RetroRider,Galaga,27397,89,38,Novice
RetroRider,Frogger,147638,75,25,Grandmaster
RetroRider,Galaga,30895,85,44,Casual
SegaSam,Donkey Kong,129559,100,26,Grandmaster
NeoGeo,Space Invaders,18643,76,20,Novice
ChompQueen,Donkey Kong,122244,78,12,Grandmaster
NeoGeo,Galaga,125127,94,25,Grandmaster
KongKiller,Galaga,118972,86,16,Pro Gamer
NeoGeo,Galaga,43568,92,41,Casual
NeoGeo,Donkey Kong,28668,63,3,Novice
ChompQueen,Space Invaders,92055,77,29,Pro Gamer
KongKiller,Space Invaders,97411,64,34,Pro Gamer
KongKiller,Galaga,59536,66,23,Casual
BlipBlop,Galaga,29019,68,26,Novice
RetroRider,Space Invaders,40863,91,43,Casual
SegaSam,Donkey Kong,68858,92,9,Casual
ChompQueen,Donkey Kong,146877,61,36,Grandmaster
NeoGeo,Galaga,120941,62,22,Grandmaster
RetroRider,Space Invaders,27103,87,46,Novice
KongKiller,Pac-Man,19598,70,5,Novice
ChompQueen,Galaga,58190,91,36,Casual
KongKiller,Frogger,113156,86,41,Pro Gamer
RetroRider,Donkey Kong,129881,64,28,Grandmaster
SegaSam,Galaga,42512,69,35,Casual
RetroRider,Pac-Man,59982,73,20,Casual
RetroRider,Frogger,113951,73,27,Pro Gamer
SegaSam,Galaga,8273,69,13,Novice
ChompQueen,Frogger,32355,71,5,Casual
ChompQueen,Donkey Kong,63292,87,42,Casual
PixelPete,Space Invaders,42596,95,44,Casual
BlipBlop,Pac-Man,6205,60,21,Novice
RetroRider,Frogger,112924,80,18,Pro Gamer
RetroRider,Space Invaders,27302,67,15,Novice
PixelPete,Galaga,93464,62,31,Pro Gamer
SegaSam,Galaga,23126,94,24,Novice
KongKiller,Donkey Kong,32849,86,18,Casual
RetroRider,Pac-Man,120189,76,31,Grandmaster
BlipBlop,Pac-Man,36370,70,34,Casual
BlipBlop,Galaga,142341,73,20,Grandmaster
ChompQueen,Donkey Kong,54715,94,17,Casual
PixelPete,Donkey Kong,106917,98,17,Pro Gamer
KongKiller,Frogger,94236,75,24,Pro Gamer
ChompQueen,Space Invaders,135336,97,38,Grandmaster
BlipBlop,Pac-Man,31493,64,20,Casual
PixelPete,Galaga,133651,76,40,Grandmaster
PixelPete,Galaga,112114,87,40,Pro Gamer
BlipBlop,Donkey Kong,17675,69,14,Novice
ChompQueen,Frogger,151644,68,37,Grandmaster
SegaSam,Frogger,43549,90,28,Casual
SegaSam,Frogger,154354,88,39,Grandmaster
PixelPete,Galaga,21792,73,39,Novice
BlipBlop,Frogger,107661,87,6,Pro Gamer
RetroRider,Space Invaders,35422,78,17,Casual
RetroRider,Pac-Man,133994,63,37,Grandmaster
NeoGeo,Pac-Man,57064,61,35,Casual
SegaSam,Pac-Man,133387,64,22,Grandmaster
KongKiller,Frogger,135872,78,35,Grandmaster
RetroRider,Frogger,15726,67,44,Novice
ChompQueen,Donkey Kong,126776,89,40,Grandmaster
ChompQueen,Frogger,79175,76,38,Casual
NeoGeo,Pac-Man,77296,73,25,Casual
NeoGeo,Pac-Man,67120,72,44,Casual
PixelPete,Pac-Man,122614,84,28,Grandmaster
SegaSam,Donkey Kong,46246,98,16,Casual
NeoGeo,Donkey Kong,61902,70,26,Casual
RetroRider,Pac-Man,39335,62,10,Casual
PixelPete,Galaga,143289,69,22,Grandmaster
NeoGeo,Frogger,18111,91,24,Novice
NeoGeo,Galaga,110539,78,45,Pro Gamer
PixelPete,Galaga,70186,88,24,Casual
KongKiller,Pac-Man,112669,62,10,Pro Gamer
NeoGeo,Donkey Kong,17914,65,22,Novice
SegaSam,Donkey Kong,138634,61,38,Grandmaster
BlipBlop,Space Invaders,115938,64,37,Pro Gamer
KongKiller,Space Invaders,80206,93,42,Pro Gamer
RetroRider,Space Invaders,149731,73,42,Grandmaster
RetroRider,Galaga,119888,73,20,Pro Gamer
SegaSam,Space Invaders,64811,80,7,Casual
PixelPete,Space Invaders,73785,66,45,Casual
RetroRider,Frogger,45478,70,45,Casual
SegaSam,Donkey Kong,19589,96,8,Novice
PixelPete,Galaga,17236,81,27,Novice
PixelPete,Pac-Man,24702,87,24,Novice
NeoGeo,Donkey Kong,79969,65,21,Casual
NeoGeo,Frogger,58177,71,15,Casual
PixelPete,Frogger,70555,87,25,Casual
BlipBlop,Galaga,41649,86,11,Casual
NeoGeo,Frogger,30630,62,22,Casual
KongKiller,Pac-Man,63680,64,23,Casual
BlipBlop,Space Invaders,60979,94,35,Casual
BlipBlop,Pac-Man,113045,68,38,Pro Gamer
BlipBlop,Space Invaders,55255,98,13,Casual
ChompQueen,Space Invaders,111759,76,10,Pro Gamer
SegaSam,Space Invaders,126143,85,29,Grandmaster
PixelPete,Pac-Man,122080,100,34,Grandmaster
KongKiller,Space Invaders,125544,96,37,Grandmaster
ChompQueen,Pac-Man,37245,100,25,Casual
PixelPete,Donkey Kong,145076,97,31,Grandmaster
BlipBlop,Pac-Man,77354,79,6,Casual
RetroRider,Pac-Man,15841,86,20,Novice
SegaSam,Frogger,84604,74,10,Pro Gamer
NeoGeo,Frogger,138396,74,10,Grandmaster
KongKiller,Galaga,51646,81,41,Casual
PixelPete,Donkey Kong,77226,79,17,Casual
KongKiller,Space Invaders,11886,60,38,Novice
BlipBlop,Pac-Man,43998,92,9,Casual
BlipBlop,Pac-Man,93385,88,18,Pro Gamer
PixelPete,Galaga,65277,84,27,Casual
PixelPete,Frogger,151993,91,28,Grandmaster
SegaSam,Galaga,6775,84,35,Novice
PixelPete,Donkey Kong,60039,75,33,Casual
RetroRider,Frogger,6424,97,12,Novice
BlipBlop,Pac-Man,137891,71,46,Grandmaster
BlipBlop,Donkey Kong,19077,65,14,Novice
RetroRider,Space Invaders,132153,76,31,Grandmaster
NeoGeo,Frogger,65625,86,7,Casual
NeoGeo,Space Invaders,5655,91,32,Novice
NeoGeo,Pac-Man,89542,61,28,Pro Gamer
SegaSam,Frogger,149218,91,30,Grandmaster
BlipBlop,Frogger,84401,81,45,Pro Gamer
BlipBlop,Donkey Kong,20671,93,22,Novice
SegaSam,Donkey Kong,125934,84,34,Grandmaster
BlipBlop,Donkey Kong,37942,87,27,Casual
PixelPete,Space Invaders,133571,90,39,Grandmaster
SegaSam,Space Invaders,21769,93,43,Novice
KongKiller,Pac-Man,151279,97,41,Grandmaster
SegaSam,Donkey Kong,100459,72,9,Pro Gamer
KongKiller,Galaga,151811,89,43,Grandmaster
NeoGeo,Pac-Man,84371,83,44,Pro Gamer
PixelPete,Galaga,61520,74,32,Casual
SegaSam,Galaga,127336,62,16,Grandmaster
SegaSam,Donkey Kong,88855,98,38,Pro Gamer
ChompQueen,Frogger,55743,89,21,Casual
KongKiller,Donkey Kong,147704,80,30,Grandmaster
KongKiller,Space Invaders,132489,68,31,Grandmaster
RetroRider,Pac-Man,133865,62,9,Grandmaster
KongKiller,Pac-Man,26513,60,28,Novice
SegaSam,Space Invaders,93104,71,11,Pro Gamer
RetroRider,Frogger,82441,97,6,Pro Gamer
SegaSam,Frogger,12259,100,12,Novice
KongKiller,Frogger,70684,96,30,Casual
BlipBlop,Donkey Kong,16773,100,32,Novice
ChompQueen,Frogger,52038,68,45,Casual
NeoGeo,Frogger,142595,67,18,Grandmaster
KongKiller,Donkey Kong,89657,88,5,Pro Gamer
PixelPete,Pac-Man,69891,95,15,Casual
KongKiller,Donkey Kong,85154,85,23,Pro Gamer
SegaSam,Donkey Kong,96006,75,43,Pro Gamer
KongKiller,Frogger,56913,89,32,Casual
ChompQueen,Pac-Man,120060,64,13,Grandmaster
ChompQueen,Frogger,6157,66,40,Novice
RetroRider,Donkey Kong,118157,76,37,Pro Gamer
SegaSam,Pac-Man,145758,99,26,Grandmaster
KongKiller,Space Invaders,136015,66,13,Grandmaster
BlipBlop,Pac-Man,149901,100,45,Grandmaster
RetroRider,Frogger,26827,75,2,Novice
KongKiller,Pac-Man,78686,96,44,Casual
RetroRider,Frogger,127922,76,33,Grandmaster
SegaSam,Frogger,102135,68,4,Pro Gamer
KongKiller,Frogger,119509,60,44,Pro Gamer
ChompQueen,Galaga,10081,78,9,Novice
BlipBlop,Galaga,100922,73,16,Pro Gamer
RetroRider,Space Invaders,62723,98,42,Casual
PixelPete,Space Invaders,138977,95,12,Grandmaster
ChompQueen,Space Invaders,145430,69,3,Grandmaster
BlipBlop,Frogger,70750,64,20,Casual
RetroRider,Space Invaders,18236,97,24,Novice
SegaSam,Frogger,21753,77,39,Novice
SegaSam,Space Invaders,103939,93,27,Pro Gamer
BlipBlop,Galaga,146904,87,22,Grandmaster
NeoGeo,Galaga,143246,97,20,Grandmaster
PixelPete,Pac-Man,119254,90,37,Pro Gamer
ChompQueen,Galaga,136395,92,35,Grandmaster
RetroRider,Pac-Man,87860,85,34,Pro Gamer
RetroRider,Pac-Man,141831,67,32,Grandmaster
RetroRider,Donkey Kong,98373,67,37,Pro Gamer
KongKiller,Space Invaders,146966,94,16,Grandmaster
BlipBlop,Space Invaders,102448,84,7,Pro Gamer
SegaSam,Space Invaders,75463,82,4,Casual
BlipBlop,Frogger,29606,65,23,Novice
RetroRider,Frogger,97741,61,46,Pro Gamer
ChompQueen,Donkey Kong,41931,84,35,Casual
ChompQueen,Frogger,100897,86,44,Pro Gamer
BlipBlop,Space Invaders,29657,99,7,Novice
PixelPete,Galaga,16092,90,24,Novice
PixelPete,Frogger,89447,61,13,Pro Gamer
BlipBlop,Pac-Man,104057,78,43,Pro Gamer
KongKiller,Space Invaders,100160,90,22,Pro Gamer
PixelPete,Frogger,86574,90,8,Pro Gamer
NeoGeo,Pac-Man,34935,89,9,Casual
BlipBlop,Pac-Man,66356,82,12,Casual
PixelPete,Space Invaders,153552,79,22,Grandmaster
SegaSam,Donkey Kong,14837,89,16,Novice
BlipBlop,Pac-Man,28290,72,7,Novice
BlipBlop,Galaga,29291,97,18,Novice
PixelPete,Galaga,150992,79,23,Grandmaster
SegaSam,Space Invaders,107345,63,6,Pro Gamer
PixelPete,Frogger,136238,95,14,Grandmaster
NeoGeo,Pac-Man,66697,87,40,Casual
KongKiller,Frogger,124792,80,36,Grandmaster
SegaSam,Space Invaders,64628,85,46,Casual
RetroRider,Space Invaders,34359,77,46,Casual
BlipBlop,Donkey Kong,59160,79,19,Casual
SegaSam,Pac-Man,72852,79,11,Casual
SegaSam,Frogger,98453,75,10,Pro Gamer
PixelPete,Pac-Man,138070,74,31,Grandmaster
BlipBlop,Donkey Kong,152409,62,15,Grandmaster
KongKiller,Donkey Kong,8608,60,7,Novice
KongKiller,Frogger,50730,70,12,Casual
SegaSam,Frogger,117291,82,32,Pro Gamer
PixelPete,Frogger,89866,60,34,Pro Gamer
RetroRider,Galaga,14155,82,40,Novice
NeoGeo,Galaga,31165,99,7,Casual
ChompQueen,Galaga,82356,98,23,Pro Gamer
SegaSam,Donkey Kong,91614,85,27,Pro Gamer
SegaSam,Space Invaders,95588,78,7,Pro Gamer
SegaSam,Space Invaders,62808,79,34,Casual
ChompQueen,Donkey Kong,70004,76,13,Casual
ChompQueen,Space Invaders,84313,100,22,Pro Gamer
ChompQueen,Galaga,81792,98,5,Pro Gamer
ChompQueen,Frogger,19546,84,4,Novice
BlipBlop,Donkey Kong,7150,88,23,Novice
KongKiller,Donkey Kong,25298,98,27,Novice
RetroRider,Donkey Kong,46114,68,26,Casual
NeoGeo,Donkey Kong,87249,96,15,Pro Gamer
KongKiller,Pac-Man,140920,89,10,Grandmaster
BlipBlop,Frogger,128832,88,3,Grandmaster
PixelPete,Galaga,140210,70,32,Grandmaster
NeoGeo,Pac-Man,138734,98,43,Grandmaster
NeoGeo,Galaga,27401,95,23,Novice
KongKiller,Space Invaders,121710,86,46,Grandmaster
PixelPete,Frogger,18840,80,28,Novice
KongKiller,Space Invaders,30228,94,18,Casual
NeoGeo,Frogger,60651,86,46,Casual
RetroRider,Frogger,23960,78,12,Novice
BlipBlop,Pac-Man,48367,77,7,Casual
PixelPete,Pac-Man,131402,79,42,Grandmaster
NeoGeo,Donkey Kong,140122,62,39,Grandmaster
ChompQueen,Galaga,154876,71,22,Grandmaster
ChompQueen,Space Invaders,89123,76,41,Pro Gamer
ChompQueen,Pac-Man,5093,81,43,Novice
PixelPete,Galaga,29492,75,13,Novice
SegaSam,Donkey Kong,123466,82,8,Grandmaster
KongKiller,Galaga,37875,70,37,Casual
BlipBlop,Frogger,25200,83,9,Novice
PixelPete,Space Invaders,79704,68,17,Casual
PixelPete,Space Invaders,65652,85,29,Casual
RetroRider,Frogger,131696,84,40,Grandmaster
NeoGeo,Pac-Man,123092,69,39,Grandmaster
BlipBlop,Galaga,12440,99,2,Novice
ChompQueen,Space Invaders,126192,75,4,Grandmaster
SegaSam,Donkey Kong,99325,67,35,Pro Gamer
RetroRider,Pac-Man,10832,88,39,Novice
ChompQueen,Pac-Man,51479,61,46,Casual
KongKiller,Space Invaders,40338,89,30,Casual
KongKiller,Donkey Kong,135437,64,33,Grandmaster
PixelPete,Donkey Kong,62851,86,38,Casual
RetroRider,Galaga,35196,97,29,Casual
BlipBlop,Frogger,16963,85,6,Novice
PixelPete,Pac-Man,22841,99,43,Novice
KongKiller,Frogger,65518,96,15,Casual
BlipBlop,Frogger,146653,62,37,Grandmaster
NeoGeo,Galaga,9917,77,2,Novice
PixelPete,Donkey Kong,16344,65,9,Novice
ChompQueen,Galaga,76500,76,10,Casual
KongKiller,Frogger,73478,88,38,Casual
ChompQueen,Donkey Kong,67436,85,26,Casual
ChompQueen,Frogger,97926,73,30,Pro Gamer
ChompQueen,Space Invaders,113306,68,10,Pro Gamer
RetroRider,Galaga,6640,73,34,Novice
BlipBlop,Pac-Man,74768,76,8,Casual
NeoGeo,Galaga,132734,93,40,Grandmaster
PixelPete,Donkey Kong,39911,97,6,Casual
KongKiller,Frogger,121851,89,7,Grandmaster
RetroRider,Galaga,64839,82,31,Casual
RetroRider,Galaga,133424,69,33,Grandmaster
PixelPete,Galaga,14229,73,13,Novice
NeoGeo,Galaga,86453,78,29,Pro Gamer
RetroRider,Donkey Kong,71748,65,7,Casual
ChompQueen,Pac-Man,104636,81,31,Pro Gamer
NeoGeo,Donkey Kong,147743,87,22,Grandmaster
SegaSam,Frogger,71521,69,3,Casual
ChompQueen,Galaga,126939,91,27,Grandmaster
SegaSam,Pac-Man,118693,65,10,Pro Gamer
ChompQueen,Space Invaders,114658,67,32,Pro Gamer
PixelPete,Space Invaders,101234,80,26,Pro Gamer
PixelPete,Frogger,78418,67,13,Casual
ChompQueen,Donkey Kong,120000,82,35,Pro Gamer
RetroRider,Pac-Man,124877,98,30,Grandmaster
SegaSam,Galaga,77006,98,19,Casual
PixelPete,Space Invaders,41970,82,33,Casual
BlipBlop,Donkey Kong,20788,96,25,Novice
ChompQueen,Pac-Man,111826,91,9,Pro Gamer
RetroRider,Space Invaders,39532,69,24,Casual
RetroRider,Frogger,23845,77,28,Novice
KongKiller,Pac-Man,63656,67,15,Casual
NeoGeo,Galaga,126338,69,26,Grandmaster
PixelPete,Space Invaders,53078,60,6,Casual
SegaSam,Galaga,67318,99,6,Casual
NeoGeo,Galaga,41240,68,6,Casual
SegaSam,Frogger,87541,79,46,Pro Gamer
SegaSam,Pac-Man,47225,62,8,Casual
KongKiller,Frogger,17397,60,44,Novice
KongKiller,Donkey Kong,93473,93,43,Pro Gamer
SegaSam,Donkey Kong,80625,62,19,Pro Gamer
NeoGeo,Space Invaders,33472,89,39,Casual
NeoGeo,Galaga,69393,92,10,Casual
SegaSam,Donkey Kong,86385,89,10,Pro Gamer
ChompQueen,Donkey Kong,72238,99,22,Casual
BlipBlop,Galaga,75757,71,41,Casual
ChompQueen,Galaga,105868,90,13,Pro Gamer
KongKiller,Galaga,150280,94,9,Grandmaster
ChompQueen,Pac-Man,26825,66,34,Novice
ChompQueen,Galaga,62929,92,25,Casual
ChompQueen,Galaga,95739,79,16,Pro Gamer
PixelPete,Space Invaders,70394,77,23,Casual
SegaSam,Galaga,89023,72,46,Pro Gamer
NeoGeo,Pac-Man,39472,76,38,Casual
NeoGeo,Space Invaders,70964,95,19,Casual
BlipBlop,Galaga,109020,75,41,Pro Gamer
SegaSam,Frogger,24990,83,37,Novice
SegaSam,Frogger,11310,61,19,Novice
BlipBlop,Pac-Man,151743,93,43,Grandmaster
BlipBlop,Donkey Kong,141139,98,8,Grandmaster
RetroRider,Space Invaders,92328,87,23,Pro Gamer
BlipBlop,Galaga,18469,70,20,Novice
SegaSam,Galaga,9558,91,25,Novice
KongKiller,Galaga,29384,69,40,Novice
BlipBlop,Frogger,62768,93,36,Casual
KongKiller,Pac-Man,137645,67,12,Grandmaster
NeoGeo,Frogger,151285,98,29,Grandmaster
BlipBlop,Donkey Kong,109991,82,25,Pro Gamer
KongKiller,Frogger,64684,63,38,Casual
PixelPete,Donkey Kong,76307,79,29,Casual
NeoGeo,Galaga,65995,85,22,Casual
ChompQueen,Donkey Kong,71596,82,14,Casual
ChompQueen,Frogger,18913,99,25,Novice
PixelPete,Donkey Kong,71140,100,20,Casual
NeoGeo,Galaga,151752,64,12,Grandmaster
RetroRider,Galaga,15622,63,40,Novice
RetroRider,Frogger,74251,97,17,Casual
BlipBlop,Galaga,136207,86,4,Grandmaster
KongKiller,Space Invaders,83374,85,20,Pro Gamer
PixelPete,Space Invaders,145637,65,35,Grandmaster
PixelPete,Galaga,140003,96,43,Grandmaster
NeoGeo,Space Invaders,58711,73,25,Casual
RetroRider,Frogger,38352,99,41,Casual
KongKiller,Pac-Man,45675,81,22,Casual
NeoGeo,Galaga,131159,100,39,Grandmaster
KongKiller,Pac-Man,28783,60,26,Novice
BlipBlop,Galaga,114775,78,20,Pro Gamer
NeoGeo,Frogger,46687,63,10,Casual
KongKiller,Pac-Man,139398,86,43,Grandmaster
PixelPete,Donkey Kong,122493,97,21,Grandmaster
ChompQueen,Galaga,73496,89,29,Casual
BlipBlop,Galaga,22790,79,23,Novice
SegaSam,Galaga,73602,89,10,Casual
RetroRider,Space Invaders,110312,78,22,Pro Gamer
NeoGeo,Donkey Kong,125216,72,27,Grandmaster
NeoGeo,Galaga,42585,88,23,Casual
BlipBlop,Space Invaders,12845,76,31,Novice
PixelPete,Galaga,153290,72,12,Grandmaster
NeoGeo,Frogger,101657,67,22,Pro Gamer
ChompQueen,Galaga,147714,90,7,Grandmaster
BlipBlop,Donkey Kong,9773,81,31,Novice
BlipBlop,Space Invaders,145696,77,43,Grandmaster
PixelPete,Donkey Kong,115234,69,25,Pro Gamer
RetroRider,Frogger,74224,87,42,Casual
KongKiller,Donkey Kong,23449,76,16,Novice
BlipBlop,Space Invaders,23365,88,39,Novice
ChompQueen,Galaga,150940,73,40,Grandmaster
SegaSam,Donkey Kong,89007,63,30,Pro Gamer
PixelPete,Donkey Kong,24906,76,39,Novice
ChompQueen,Frogger,153867,98,12,Grandmaster
ChompQueen,Space Invaders,83032,60,33,Pro Gamer
SegaSam,Space Invaders,34385,78,13,Casual
SegaSam,Space Invaders,58603,91,38,Casual
RetroRider,Space Invaders,152707,72,39,Grandmaster
PixelPete,Pac-Man,81851,72,19,Pro Gamer
RetroRider,Frogger,132824,87,32,Grandmaster
KongKiller,Space Invaders,35786,81,21,Casual
PixelPete,Space Invaders,126465,83,27,Grandmaster
RetroRider,Donkey Kong,91003,82,7,Pro Gamer
NeoGeo,Frogger,71786,66,16,Casual
SegaSam,Pac-Man,82357,83,10,Pro Gamer
KongKiller,Frogger,70345,95,10,Casual
NeoGeo,Pac-Man,128879,61,30,Grandmaster
ChompQueen,Pac-Man,55869,60,40,Casual
SegaSam,Galaga,141935,71,27,Grandmaster
ChompQueen,Donkey Kong,106517,72,10,Pro Gamer
NeoGeo,Space Invaders,54195,86,25,Casual
SegaSam,Donkey Kong,6585,63,19,Novice
ChompQueen,Frogger,17881,97,16,Novice
KongKiller,Pac-Man,99517,83,22,Pro Gamer
SegaSam,Space Invaders,30050,75,10,Casual
BlipBlop,Galaga,13306,88,44,Novice
SegaSam,Donkey Kong,153322,83,9,Grandmaster
BlipBlop,Pac-Man,77902,93,27,Casual
BlipBlop,Galaga,42955,85,19,Casual
PixelPete,Frogger,108523,71,37,Pro Gamer
RetroRider,Space Invaders,86968,67,3,Pro Gamer
NeoGeo,Space Invaders,129941,63,13,Grandmaster
NeoGeo,Donkey Kong,114590,84,13,Pro Gamer
KongKiller,Frogger,29244,70,41,Novice
ChompQueen,Space Invaders,29964,73,41,Novice
NeoGeo,Galaga,80625,69,35,Pro Gamer
RetroRider,Donkey Kong,112892,65,44,Pro Gamer
ChompQueen,Donkey Kong,23325,72,20,Novice
KongKiller,Galaga,17651,60,11,Novice
SegaSam,Space Invaders,13237,73,37,Novice
BlipBlop,Frogger,118379,77,13,Pro Gamer
PixelPete,Space Invaders,121538,69,38,Grandmaster
RetroRider,Frogger,105096,83,31,Pro Gamer
RetroRider,Galaga,122484,74,9,Grandmaster
SegaSam,Pac-Man,23280,96,44,Novice
NeoGeo,Donkey Kong,81870,99,16,Pro Gamer
NeoGeo,Donkey Kong,55052,67,17,Casual
RetroRider,Pac-Man,92244,77,40,Pro Gamer
PixelPete,Frogger,39171,92,23,Casual
KongKiller,Pac-Man,38424,74,25,Casual
BlipBlop,Frogger,56511,60,6,Casual
NeoGeo,Frogger,150604,75,2,Grandmaster
PixelPete,Pac-Man,137231,95,45,Grandmaster
RetroRider,Frogger,28058,77,39,Novice
NeoGeo,Galaga,10116,83,17,Novice
RetroRider,Pac-Man,70071,66,27,Casual
NeoGeo,Donkey Kong,25776,79,32,Novice
RetroRider,Donkey Kong,54493,95,45,Casual
RetroRider,Space Invaders,36753,93,20,Casual
SegaSam,Galaga,90511,77,24,Pro Gamer
KongKiller,Frogger,104693,76,7,Pro Gamer
PixelPete,Donkey Kong,50527,76,41,Casual
RetroRider,Space Invaders,61550,65,20,Casual
PixelPete,Galaga,53219,97,16,Casual
PixelPete,Space Invaders,72300,90,3,Casual
BlipBlop,Pac-Man,71421,92,6,Casual
ChompQueen,Donkey Kong,150354,64,3,Grandmaster
KongKiller,Galaga,125346,94,3,Grandmaster
SegaSam,Frogger,61529,73,34,Casual
RetroRider,Galaga,49738,92,42,Casual
ChompQueen,Space Invaders,28937,70,21,Novice
BlipBlop,Donkey Kong,57646,83,32,Casual
SegaSam,Galaga,104415,64,34,Pro Gamer
BlipBlop,Galaga,145495,67,12,Grandmaster
SegaSam,Donkey Kong,132481,74,45,Grandmaster
NeoGeo,Space Invaders,47418,61,22,Casual
KongKiller,Frogger,139462,96,14,Grandmaster
ChompQueen,Frogger,85641,81,40,Pro Gamer
ChompQueen,Pac-Man,115385,61,16,Pro Gamer
SegaSam,Frogger,146365,96,41,Grandmaster
NeoGeo,Pac-Man,82212,83,10,Pro Gamer
PixelPete,Donkey Kong,104024,100,40,Pro Gamer
SegaSam,Pac-Man,8098,85,2,Novice
NeoGeo,Space Invaders,114766,80,18,Pro Gamer
KongKiller,Galaga,145605,70,29,Grandmaster
NeoGeo,Space Invaders,105370,66,32,Pro Gamer
SegaSam,Frogger,142062,84,13,Grandmaster
NeoGeo,Space Invaders,145638,64,18,Grandmaster
NeoGeo,Donkey Kong,87732,64,3,Pro Gamer
PixelPete,Frogger,154108,70,8,Grandmaster
BlipBlop,Frogger,30644,81,25,Casual
KongKiller,Galaga,71330,88,34,Casual
PixelPete,Pac-Man,146287,95,21,Grandmaster
SegaSam,Pac-Man,13786,75,19,Novice
PixelPete,Donkey Kong,29275,63,29,Novice
BlipBlop,Pac-Man,74079,84,37,Casual
ChompQueen,Frogger,95320,62,39,Pro Gamer
BlipBlop,Space Invaders,92419,78,44,Pro Gamer
BlipBlop,Galaga,147258,95,10,Grandmaster
KongKiller,Pac-Man,14044,68,40,Novice
SegaSam,Pac-Man,71151,78,31,Casual
RetroRider,Galaga,137895,95,2,Grandmaster
ChompQueen,Donkey Kong,10287,98,2,Novice
ChompQueen,Space Invaders,146812,77,21,Grandmaster
RetroRider,Space Invaders,29065,96,35,Novice
BlipBlop,Pac-Man,148681,97,32,Grandmaster
RetroRider,Donkey Kong,54342,65,20,Casual
KongKiller,Donkey Kong,133058,73,16,Grandmaster
KongKiller,Pac-Man,103341,67,40,Pro Gamer
ChompQueen,Frogger,91661,91,43,Pro Gamer
SegaSam,Donkey Kong,85982,67,25,Pro Gamer
KongKiller,Space Invaders,105684,89,31,Pro Gamer
ChompQueen,Pac-Man,121186,85,5,Grandmaster
KongKiller,Space Invaders,86619,89,45,Pro Gamer
PixelPete,Donkey Kong,115000,82,5,Pro Gamer
SegaSam,Pac-Man,79145,65,46,Casual
RetroRider,Galaga,54163,66,41,Casual
SegaSam,Pac-Man,152315,99,6,Grandmaster
KongKiller,Space Invaders,153112,64,37,Grandmaster
SegaSam,Frogger,59356,97,27,Casual
KongKiller,Space Invaders,97324,65,24,Pro Gamer
ChompQueen,Frogger,78088,96,5,Casual
SegaSam,Space Invaders,139282,87,29,Grandmaster
BlipBlop,Pac-Man,42695,72,20,Casual
BlipBlop,Frogger,121051,80,45,Grandmaster
BlipBlop,Frogger,141774,94,17,Grandmaster
SegaSam,Space Invaders,64863,61,15,Casual
NeoGeo,Frogger,105033,66,2,Pro Gamer
PixelPete,Donkey Kong,143488,69,35,Grandmaster
ChompQueen,Space Invaders,145820,87,10,Grandmaster
NeoGeo,Galaga,78934,96,29,Casual
KongKiller,Galaga,39217,92,39,Casual
BlipBlop,Space Invaders,132558,80,16,Grandmaster
NeoGeo,Space Invaders,55412,64,25,Casual
KongKiller,Frogger,123156,98,37,Grandmaster
ChompQueen,Space Invaders,51521,83,40,Casual
SegaSam,Donkey Kong,122440,83,44,Grandmaster
BlipBlop,Galaga,33302,74,28,Casual
SegaSam,Donkey Kong,8341,61,28,Novice
RetroRider,Space Invaders,46764,92,31,Casual
ChompQueen,Donkey Kong,101862,84,16,Pro Gamer
PixelPete,Space Invaders,52553,61,2,Casual
SegaSam,Frogger,16745,99,31,Novice
NeoGeo,Frogger,93961,77,43,Pro Gamer
SegaSam,Space Invaders,122558,84,15,Grandmaster
NeoGeo,Galaga,22675,74,23,Novice
BlipBlop,Frogger,55329,62,6,Casual
PixelPete,Donkey Kong,82031,66,40,Pro Gamer
ChompQueen,Pac-Man,39035,72,16,Casual
PixelPete,Frogger,74508,70,20,Casual
SegaSam,Pac-Man,107056,72,26,Pro Gamer
NeoGeo,Pac-Man,94855,61,23,Pro Gamer
ChompQueen,Frogger,11370,87,23,Novice
ChompQueen,Pac-Man,63568,84,42,Casual
PixelPete,Space Invaders,144379,78,9,Grandmaster
NeoGeo,Pac-Man,46686,72,12,Casual
BlipBlop,Galaga,97032,74,40,Pro Gamer
KongKiller,Donkey Kong,37546,89,4,Casual
PixelPete,Frogger,13562,88,39,Novice
ChompQueen,Frogger,143425,89,23,Grandmaster
ChompQueen,Donkey Kong,68630,82,16,Casual
KongKiller,Frogger,48554,70,29,Casual
SegaSam,Frogger,136677,70,46,Grandmaster
SegaSam,Space Invaders,128191,83,44,Grandmaster
BlipBlop,Galaga,148182,76,44,Grandmaster
BlipBlop,Frogger,129825,80,29,Grandmaster
KongKiller,Space Invaders,29256,70,18,Novice
SegaSam,Galaga,104203,63,25,Pro Gamer
BlipBlop,Galaga,49421,75,28,Casual
KongKiller,Space Invaders,85232,66,35,Pro Gamer
BlipBlop,Galaga,127040,97,10,Grandmaster
RetroRider,Space Invaders,128488,63,20,Grandmaster
ChompQueen,Galaga,52303,77,7,Casual
NeoGeo,Pac-Man,11885,85,6,Novice
ChompQueen,Space Invaders,149148,71,35,Grandmaster
NeoGeo,Space Invaders,20620,78,23,Novice
KongKiller,Frogger,141142,75,36,Grandmaster
ChompQueen,Space Invaders,74207,60,23,Casual
SegaSam,Space Invaders,55726,78,35,Casual
SegaSam,Pac-Man,75550,89,27,Casual
RetroRider,Space Invaders,26124,76,44,Novice
ChompQueen,Space Invaders,36829,78,17,Casual
RetroRider,Pac-Man,19704,60,16,Novice
BlipBlop,Frogger,127241,81,41,Grandmaster
PixelPete,Donkey Kong,73069,68,21,Casual
KongKiller,Galaga,92355,91,3,Pro Gamer
NeoGeo,Galaga,150512,91,29,Grandmaster
BlipBlop,Galaga,51255,66,31,Casual
NeoGeo,Galaga,48710,99,46,Casual
PixelPete,Space Invaders,77838,82,28,Casual
NeoGeo,Donkey Kong,11020,75,18,Novice
BlipBlop,Donkey Kong,10007,67,4,Novice
SegaSam,Space Invaders,68729,78,42,Casual
BlipBlop,Galaga,90332,94,28,Pro Gamer
SegaSam,Donkey Kong,100759,87,7,Pro Gamer
KongKiller,Pac-Man,34280,78,18,Casual
NeoGeo,Donkey Kong,36168,69,4,Casual
BlipBlop,Galaga,46766,85,31,Casual
NeoGeo,Space Invaders,17147,65,34,Novice
SegaSam,Pac-Man,74428,98,3,Casual
RetroRider,Donkey Kong,7974,60,33,Novice
PixelPete,Galaga,113750,68,33,Pro Gamer
RetroRider,Frogger,104326,89,11,Pro Gamer
RetroRider,Space Invaders,130471,65,4,Grandmaster
SegaSam,Galaga,131322,91,27,Grandmaster
RetroRider,Galaga,107497,98,15,Pro Gamer
ChompQueen,Frogger,38854,91,40,Casual
KongKiller,Galaga,7614,79,7,Novice
BlipBlop,Pac-Man,112572,63,36,Pro Gamer
SegaSam,Space Invaders,40031,71,7,Casual
KongKiller,Space Invaders,115453,90,35,Pro Gamer
RetroRider,Galaga,133096,79,13,Grandmaster
KongKiller,Galaga,30646,91,2,Casual
SegaSam,Space Invaders,114350,94,14,Pro Gamer
PixelPete,Donkey Kong,119039,71,43,Pro Gamer
BlipBlop,Frogger,14849,77,10,Novice
NeoGeo,Space Invaders,31316,96,46,Casual
RetroRider,Space Invaders,18963,83,19,Novice
SegaSam,Galaga,20655,67,6,Novice
ChompQueen,Frogger,76323,80,28,Casual
ChompQueen,Galaga,136902,79,6,Grandmaster
BlipBlop,Pac-Man,120090,61,41,Grandmaster
RetroRider,Galaga,54886,93,39,Casual
KongKiller,Frogger,43019,98,19,Casual
ChompQueen,Donkey Kong,115850,66,44,Pro Gamer
KongKiller,Frogger,44818,69,8,Casual
ChompQueen,Galaga,17276,94,4,Novice
RetroRider,Donkey Kong,96955,65,41,Pro Gamer
PixelPete,Space Invaders,135234,82,34,Grandmaster
BlipBlop,Frogger,22827,63,39,Novice
KongKiller,Donkey Kong,150686,78,25,Grandmaster
SegaSam,Pac-Man,29763,92,9,Novice
PixelPete,Space Invaders,65684,86,45,Casual
NeoGeo,Galaga,152456,82,41,Grandmaster
NeoGeo,Pac-Man,31815,94,46,Casual
PixelPete,Pac-Man,80679,96,42,Pro Gamer
SegaSam,Frogger,139366,72,30,Grandmaster
RetroRider,Galaga,41966,80,11,Casual
RetroRider,Frogger,61831,84,22,Casual
BlipBlop,Pac-Man,101661,63,23,Pro Gamer
NeoGeo,Space Invaders,148431,79,17,Grandmaster
RetroRider,Donkey Kong,136979,98,39,Grandmaster
KongKiller,Galaga,18704,76,41,Novice
NeoGeo,Donkey Kong,14140,97,42,Novice
KongKiller,Donkey Kong,131097,75,37,Grandmaster
PixelPete,Frogger,134304,86,16,Grandmaster
SegaSam,Frogger,47364,78,31,Casual
RetroRider,Galaga,130159,97,21,Grandmaster
BlipBlop,Pac-Man,45393,78,14,Casual
SegaSam,Frogger,137791,75,46,Grandmaster
PixelPete,Frogger,113450,93,14,Pro Gamer
NeoGeo,Pac-Man,124432,84,16,Grandmaster
SegaSam,Frogger,11462,91,23,Novice
ChompQueen,Pac-Man,24719,95,6,Novice
SegaSam,Space Invaders,64615,85,39,Casual
BlipBlop,Pac-Man,96830,74,26,Pro Gamer
SegaSam,Donkey Kong,19431,86,39,Novice
NeoGeo,Galaga,39132,67,8,Casual
SegaSam,Donkey Kong,96853,91,11,Pro Gamer
PixelPete,Space Invaders,107528,65,6,Pro Gamer
PixelPete,Donkey Kong,49638,62,15,Casual
RetroRider,Galaga,14744,97,11,Novice
RetroRider,Frogger,139327,69,28,Grandmaster
SegaSam,Donkey Kong,34848,91,20,Casual
SegaSam,Donkey Kong,99896,67,27,Pro Gamer
ChompQueen,Frogger,7190,74,44,Novice
PixelPete,Galaga,87923,96,31,Pro Gamer
SegaSam,Galaga,65274,68,27,Casual
PixelPete,Space Invaders,5187,63,27,Novice
PixelPete,Galaga,62346,79,25,Casual
NeoGeo,Frogger,125968,75,16,Grandmaster
KongKiller,Pac-Man,140107,73,20,Grandmaster
NeoGeo,Frogger,119598,84,35,Pro Gamer
SegaSam,Donkey Kong,85675,94,19,Pro Gamer
NeoGeo,Frogger,68758,73,20,Casual
ChompQueen,Pac-Man,79834,67,32,Casual
SegaSam,Space Invaders,115077,62,27,Pro Gamer
KongKiller,Pac-Man,52481,67,27,Casual
SegaSam,Galaga,132473,69,16,Grandmaster
BlipBlop,Frogger,143379,100,7,Grandmaster
ChompQueen,Galaga,9620,93,18,Novice
SegaSam,Pac-Man,118392,76,40,Pro Gamer
RetroRider,Pac-Man,10559,63,35,Novice
PixelPete,Frogger,65968,84,17,Casual
PixelPete,Donkey Kong,82072,68,29,Pro Gamer
BlipBlop,Donkey Kong,152075,96,42,Grandmaster
ChompQueen,Donkey Kong,45838,84,46,Casual
NeoGeo,Pac-Man,26895,92,33,Novice
PixelPete,Donkey Kong,96033,97,34,Pro Gamer
PixelPete,Donkey Kong,123194,71,11,Grandmaster
BlipBlop,Galaga,115072,75,12,Pro Gamer
BlipBlop,Space Invaders,111151,65,19,Pro Gamer
ChompQueen,Donkey Kong,30451,74,8,Casual
BlipBlop,Donkey Kong,65846,94,18,Casual
KongKiller,Donkey Kong,143808,80,7,Grandmaster
RetroRider,Pac-Man,154083,92,16,Grandmaster
RetroRider,Galaga,76065,87,25,Casual
BlipBlop,Donkey Kong,96880,63,28,Pro Gamer
SegaSam,Pac-Man,51626,91,18,Casual
SegaSam,Frogger,49278,93,42,Casual
SegaSam,Galaga,43025,94,33,Casual
ChompQueen,Pac-Man,137870,74,38,Grandmaster
SegaSam,Galaga,39135,66,33,Casual
KongKiller,Pac-Man,55926,96,6,Casual
SegaSam,Space Invaders,59563,82,17,Casual
KongKiller,Pac-Man,34519,95,34,Casual
SegaSam,Donkey Kong,141167,71,20,Grandmaster
SegaSam,Pac-Man,132355,94,2,Grandmaster
NeoGeo,Donkey Kong,80619,63,29,Pro Gamer
SegaSam,Pac-Man,154323,74,37,Grandmaster
RetroRider,Galaga,46078,68,17,Casual
PixelPete,Donkey Kong,27885,67,3,Novice
RetroRider,Galaga,150811,78,2,Grandmaster
BlipBlop,Donkey Kong,64476,85,34,Casual
RetroRider,Donkey Kong,28464,96,32,Novice
RetroRider,Donkey Kong,78930,79,15,Casual
NeoGeo,Donkey Kong,78170,71,38,Casual
SegaSam,Pac-Man,28432,72,44,Novice
NeoGeo,Galaga,91053,87,38,Pro Gamer
PixelPete,Donkey Kong,45629,81,39,Casual
RetroRider,Donkey Kong,57161,78,21,Casual
BlipBlop,Donkey Kong,61869,75,32,Casual
ChompQueen,Pac-Man,120303,81,15,Grandmaster
SegaSam,Frogger,15265,78,27,Novice
SegaSam,Space Invaders,44105,70,26,Casual
BlipBlop,Frogger,73411,61,40,Casual
SegaSam,Galaga,120031,76,29,Grandmaster
ChompQueen,Galaga,77117,64,46,Casual
SegaSam,Galaga,61486,71,13,Casual
BlipBlop,Frogger,62471,72,11,Casual
BlipBlop,Donkey Kong,132412,90,34,Grandmaster
NeoGeo,Space Invaders,133573,96,43,Grandmaster
BlipBlop,Galaga,97056,80,34,Pro Gamer
KongKiller,Galaga,15163,97,2,Novice
NeoGeo,Pac-Man,59797,97,6,Casual
PixelPete,Donkey Kong,102704,74,20,Pro Gamer
NeoGeo,Space Invaders,23237,83,16,Novice
NeoGeo,Galaga,151751,76,29,Grandmaster
PixelPete,Pac-Man,58795,70,44,Casual
SegaSam,Donkey Kong,106917,69,9,Pro Gamer
RetroRider,Space Invaders,22889,91,32,Novice
BlipBlop,Space Invaders,154900,81,34,Grandmaster
SegaSam,Frogger,15857,83,38,Novice
SegaSam,Galaga,120222,87,14,Grandmaster
RetroRider,Frogger,112055,87,34,Pro Gamer
BlipBlop,Donkey Kong,108300,100,25,Pro Gamer
BlipBlop,Space Invaders,71292,92,16,Casual
RetroRider,Galaga,140437,98,40,Grandmaster
NeoGeo,Space Invaders,96158,93,24,Pro Gamer
NeoGeo,Space Invaders,116524,68,37,Pro Gamer
KongKiller,Frogger,20403,94,26,Novice
NeoGeo,Donkey Kong,17434,79,31,Novice
ChompQueen,Frogger,136237,94,23,Grandmaster
SegaSam,Galaga,131667,90,21,Grandmaster
NeoGeo,Frogger,92304,67,21,Pro Gamer
NeoGeo,Pac-Man,147884,99,30,Grandmaster
BlipBlop,Pac-Man,79144,61,34,Casual
BlipBlop,Donkey Kong,127889,86,10,Grandmaster
RetroRider,Donkey Kong,135758,77,25,Grandmaster
NeoGeo,Frogger,11468,92,31,Novice
ChompQueen,Donkey Kong,130065,68,31,Grandmaster
BlipBlop,Galaga,131353,67,4,Grandmaster
PixelPete,Space Invaders,124922,65,45,Grandmaster
ChompQueen,Frogger,51038,80,41,Casual
KongKiller,Space Invaders,91344,84,17,Pro Gamer
NeoGeo,Pac-Man,105056,77,20,Pro Gamer
ChompQueen,Galaga,141491,72,29,Grandmaster
BlipBlop,Space Invaders,33224,84,44,Casual
BlipBlop,Galaga,64797,77,43,Casual
PixelPete,Donkey Kong,59500,96,8,Casual
PixelPete,Donkey Kong,137770,77,39,Grandmaster
NeoGeo,Frogger,150114,90,41,Grandmaster
KongKiller,Pac-Man,142753,90,32,Grandmaster
KongKiller,Space Invaders,108182,77,23,Pro Gamer
BlipBlop,Galaga,44899,64,46,Casual
PixelPete,Pac-Man,50068,92,11,Casual
ChompQueen,Donkey Kong,7401,74,8,Novice
RetroRider,Galaga,109609,92,44,Pro Gamer
KongKiller,Pac-Man,50787,99,18,Casual
RetroRider,Frogger,92923,85,39,Pro Gamer
SegaSam,Donkey Kong,101155,69,24,Pro Gamer
SegaSam,Donkey Kong,107953,83,27,Pro Gamer
RetroRider,Pac-Man,38656,79,23,Casual
SegaSam,Donkey Kong,55445,81,20,Casual
NeoGeo,Space Invaders,87439,97,22,Pro Gamer
BlipBlop,Space Invaders,121070,70,4,Grandmaster
SegaSam,Pac-Man,25525,89,45,Novice
SegaSam,Space Invaders,25170,63,27,Novice
RetroRider,Space Invaders,6592,99,46,Novice
BlipBlop,Galaga,120191,84,40,Grandmaster
PixelPete,Frogger,154428,62,36,Grandmaster
ChompQueen,Frogger,133490,97,23,Grandmaster
RetroRider,Donkey Kong,117865,99,31,Pro Gamer
PixelPete,Space Invaders,134472,89,11,Grandmaster
RetroRider,Pac-Man,98962,92,35,Pro Gamer
BlipBlop,Donkey Kong,149017,80,37,Grandmaster
ChompQueen,Frogger,32466,80,26,Casual
KongKiller,Space Invaders,94093,60,5,Pro Gamer
PixelPete,Frogger,141608,69,34,Grandmaster
RetroRider,Pac-Man,84510,88,16,Pro Gamer
BlipBlop,Pac-Man,121025,100,13,Grandmaster
SegaSam,Galaga,117669,87,29,Pro Gamer
ChompQueen,Space Invaders,37997,68,17,Casual
ChompQueen,Pac-Man,72936,85,29,Casual
ChompQueen,Pac-Man,143537,95,36,Grandmaster
PixelPete,Space Invaders,134376,78,44,Grandmaster
BlipBlop,Frogger,147333,67,39,Grandmaster
ChompQueen,Space Invaders,7473,76,23,Novice
BlipBlop,Donkey Kong,81103,94,36,Pro Gamer
PixelPete,Galaga,10082,72,17,Novice
PixelPete,Galaga,30021,82,41,Casual
RetroRider,Space Invaders,143812,89,38,Grandmaster
SegaSam,Frogger,130489,62,18,Grandmaster
RetroRider,Space Invaders,17310,67,15,Novice
SegaSam,Donkey Kong,152405,90,43,Grandmaster
PixelPete,Donkey Kong,57439,90,37,Casual
PixelPete,Pac-Man,152606,94,43,Grandmaster
PixelPete,Pac-Man,134461,90,21,Grandmaster
KongKiller,Donkey Kong,62237,92,39,Casual
KongKiller,Frogger,119777,62,18,Pro Gamer
PixelPete,Space Invaders,144881,80,40,Grandmaster
RetroRider,Frogger,73677,67,3,Casual
SegaSam,Space Invaders,10025,83,29,Novice
KongKiller,Donkey Kong,57405,85,7,Casual
PixelPete,Space Invaders,51463,100,33,Casual
SegaSam,Galaga,29875,61,29,Novice
NeoGeo,Space Invaders,126790,73,14,Grandmaster
SegaSam,Donkey Kong,76342,89,14,Casual
RetroRider,Donkey Kong,50340,76,45,Casual
NeoGeo,Frogger,92354,77,37,Pro Gamer
NeoGeo,Pac-Man,105811,72,13,Pro Gamer
ChompQueen,Space Invaders,62706,98,13,Casual
KongKiller,Space Invaders,131922,64,8,Grandmaster
BlipBlop,Galaga,31569,65,26,Casual
ChompQueen,Space Invaders,49042,74,3,Casual
KongKiller,Galaga,36345,90,23,Casual
NeoGeo,Frogger,146827,99,36,Grandmaster
SegaSam,Pac-Man,18186,67,37,Novice
NeoGeo,Space Invaders,91349,80,19,Pro Gamer
NeoGeo,Space Invaders,115587,92,2,Pro Gamer
NeoGeo,Galaga,70491,62,36,Casual
SegaSam,Frogger,73159,88,11,Casual
SegaSam,Donkey Kong,137074,73,2,Grandmaster
RetroRider,Pac-Man,139886,81,33,Grandmaster
SegaSam,Pac-Man,39168,92,41,Casual
SegaSam,Donkey Kong,149107,99,12,Grandmaster
NeoGeo,Pac-Man,101568,78,12,Pro Gamer
SegaSam,Frogger,145350,64,30,Grandmaster
RetroRider,Frogger,150954,84,37,Grandmaster
BlipBlop,Galaga,84271,97,45,Pro Gamer
RetroRider,Pac-Man,84008,62,20,Pro Gamer
ChompQueen,Frogger,151067,80,13,Grandmaster
NeoGeo,Pac-Man,112044,62,4,Pro Gamer
BlipBlop,Space Invaders,110571,73,32,Pro Gamer
ChompQueen,Donkey Kong,83669,66,8,Pro Gamer
RetroRider,Pac-Man,142559,87,31,Grandmaster
RetroRider,Galaga,46265,72,17,Casual
SegaSam,Donkey Kong,144345,87,41,Grandmaster
BlipBlop,Frogger,83189,68,5,Pro Gamer
RetroRider,Donkey Kong,58566,74,17,Casual
ChompQueen,Galaga,27272,94,10,Novice
SegaSam,Galaga,100303,99,12,Pro Gamer
BlipBlop,Galaga,71478,63,6,Casual
PixelPete,Donkey Kong,87237,61,33,Pro Gamer
ChompQueen,Galaga,115873,83,38,Pro Gamer
KongKiller,Donkey Kong,44930,100,29,Casual
ChompQueen,Donkey Kong,83419,88,40,Pro Gamer
KongKiller,Space Invaders,28820,99,36,Novice
RetroRider,Space Invaders,114702,79,41,Pro Gamer
NeoGeo,Pac-Man,45276,61,41,Casual
RetroRider,Donkey Kong,129493,83,39,Grandmaster
RetroRider,Donkey Kong,89724,93,5,Pro Gamer
ChompQueen,Frogger,57980,96,37,Casual
RetroRider,Donkey Kong,146663,72,9,Grandmaster
PixelPete,Galaga,98682,83,24,Pro Gamer
PixelPete,Pac-Man,42442,86,38,Casual
KongKiller,Donkey Kong,111544,99,2,Pro Gamer
SegaSam,Galaga,52913,87,16,Casual
PixelPete,Space Invaders,18418,63,11,Novice
SegaSam,Space Invaders,93003,77,34,Pro Gamer
PixelPete,Galaga,23347,89,13,Novice
NeoGeo,Pac-Man,20390,69,28,Novice
BlipBlop,Donkey Kong,120310,77,24,Grandmaster
ChompQueen,Space Invaders,12575,73,26,Novice
KongKiller,Galaga,32463,82,37,Casual
NeoGeo,Space Invaders,107529,63,31,Pro Gamer
ChompQueen,Frogger,85712,68,21,Pro Gamer
NeoGeo,Pac-Man,121575,63,35,Grandmaster
BlipBlop,Frogger,93040,85,38,Pro Gamer
NeoGeo,Frogger,120540,90,26,Grandmaster
PixelPete,Galaga,14575,69,9,Novice
KongKiller,Frogger,42215,74,15,Casual
BlipBlop,Donkey Kong,113309,78,37,Pro Gamer
SegaSam,Pac-Man,67620,89,11,Casual
RetroRider,Frogger,108400,89,27,Pro Gamer
KongKiller,Galaga,52101,85,28,Casual
BlipBlop,Frogger,147485,87,5,Grandmaster
PixelPete,Frogger,105703,98,13,Pro Gamer
NeoGeo,Donkey Kong,121590,98,33,Grandmaster
PixelPete,Space Invaders,94697,79,6,Pro Gamer
PixelPete,Pac-Man,123706,79,21,Grandmaster
ChompQueen,Space Invaders,76943,78,29,Casual
BlipBlop,Donkey Kong,30676,92,26,Casual
KongKiller,Galaga,117323,68,29,Pro Gamer
SegaSam,Donkey Kong,40226,99,3,Casual
PixelPete,Donkey Kong,111749,96,15,Pro Gamer
NeoGeo,Pac-Man,144798,65,24,Grandmaster
RetroRider,Pac-Man,7945,63,24,Novice
NeoGeo,Galaga,130370,79,36,Grandmaster
RetroRider,Galaga,46566,81,39,Casual
PixelPete,Space Invaders,100908,98,27,Pro Gamer
ChompQueen,Galaga,6511,79,24,Novice
KongKiller,Galaga,111945,72,16,Pro Gamer
RetroRider,Pac-Man,131425,64,42,Grandmaster
BlipBlop,Pac-Man,30871,82,3,Casual
SegaSam,Frogger,54045,85,41,Casual
SegaSam,Pac-Man,79948,62,3,Casual
SegaSam,Space Invaders,70232,60,31,Casual
PixelPete,Donkey Kong,25099,96,7,Novice
KongKiller,Frogger,83077,63,9,Pro Gamer
SegaSam,Galaga,64413,87,40,Casual
RetroRider,Donkey Kong,120572,87,32,Grandmaster
PixelPete,Space Invaders,96308,74,31,Pro Gamer
ChompQueen,Donkey Kong,111851,85,43,Pro Gamer
BlipBlop,Galaga,128867,88,10,Grandmaster
NeoGeo,Galaga,50930,96,36,Casual
PixelPete,Frogger,14050,97,15,Novice
SegaSam,Galaga,126324,67,10,Grandmaster
NeoGeo,Space Invaders,90934,83,4,Pro Gamer
ChompQueen,Space Invaders,151841,82,26,Grandmaster
RetroRider,Space Invaders,144245,82,46,Grandmaster
KongKiller,Galaga,52600,76,23,Casual
NeoGeo,Galaga,27968,97,22,Novice
KongKiller,Space Invaders,142865,99,44,Grandmaster
SegaSam,Donkey Kong,103234,83,30,Pro Gamer
SegaSam,Pac-Man,59776,62,46,Casual
PixelPete,Frogger,5613,79,2,Novice
BlipBlop,Galaga,119102,77,37,Pro Gamer
KongKiller,Pac-Man,35949,90,31,Casual
SegaSam,Space Invaders,25129,90,32,Novice
SegaSam,Frogger,131228,100,13,Grandmaster
RetroRider,Pac-Man,129491,78,45,Grandmaster
PixelPete,Frogger,12573,94,40,Novice
RetroRider,Pac-Man,93824,74,25,Pro Gamer
RetroRider,Donkey Kong,145357,65,42,Grandmaster
KongKiller,Donkey Kong,97697,75,34,Pro Gamer
KongKiller,Donkey Kong,140700,75,35,Grandmaster
RetroRider,Donkey Kong,100725,65,31,Pro Gamer
SegaSam,Galaga,9954,82,21,Novice
KongKiller,Pac-Man,81718,72,22,Pro Gamer
KongKiller,Space Invaders,132340,100,28,Grandmaster
KongKiller,Galaga,108025,78,17,Pro Gamer
SegaSam,Galaga,59566,84,22,Casual
BlipBlop,Donkey Kong,94839,87,45,Pro Gamer
PixelPete,Galaga,10916,83,32,Novice
NeoGeo,Frogger,143441,95,11,Grandmaster
SegaSam,Donkey Kong,90154,72,42,Pro Gamer
SegaSam,Galaga,112567,84,4,Pro Gamer
RetroRider,Frogger,13402,99,24,Novice
KongKiller,Space Invaders,141665,96,19,Grandmaster
NeoGeo,Frogger,20571,74,26,Novice
RetroRider,Space Invaders,100686,67,41,Pro Gamer
KongKiller,Donkey Kong,154663,67,40,Grandmaster
KongKiller,Space Invaders,131953,94,9,Grandmaster
RetroRider,Donkey Kong,126878,68,15,Grandmaster
SegaSam,Pac-Man,24900,96,15,Novice
PixelPete,Pac-Man,136063,94,3,Grandmaster
RetroRider,Pac-Man,56924,92,8,Casual
NeoGeo,Frogger,130765,70,26,Grandmaster
PixelPete,Frogger,130659,97,24,Grandmaster
ChompQueen,Galaga,93270,92,24,Pro Gamer
BlipBlop,Galaga,17356,71,29,Novice
KongKiller,Frogger,96120,61,28,Pro Gamer
RetroRider,Galaga,65033,70,2,Casual
PixelPete,Frogger,48629,88,17,Casual
KongKiller,Space Invaders,36960,66,19,Casual
SegaSam,Donkey Kong,79293,70,46,Casual
SegaSam,Galaga,34324,66,38,Casual
SegaSam,Galaga,12371,65,45,Novice
ChompQueen,Frogger,10871,84,13,Novice
SegaSam,Space Invaders,45425,67,21,Casual
PixelPete,Frogger,52453,91,28,Casual
SegaSam,Frogger,70701,99,11,Casual
BlipBlop,Space Invaders,76964,93,15,Casual
SegaSam,Frogger,86213,93,7,Pro Gamer
PixelPete,Donkey Kong,144734,64,26,Grandmaster
RetroRider,Donkey Kong,46287,71,18,Casual
RetroRider,Frogger,78648,65,19,Casual
BlipBlop,Pac-Man,86322,79,16,Pro Gamer
PixelPete,Galaga,55669,93,25,Casual
BlipBlop,Donkey Kong,95081,68,35,Pro Gamer
SegaSam,Galaga,100299,99,13,Pro Gamer
BlipBlop,Galaga,146095,96,41,Grandmaster
KongKiller,Space Invaders,92927,82,44,Pro Gamer
NeoGeo,Pac-Man,20108,67,26,Novice
KongKiller,Space Invaders,84180,64,12,Pro Gamer
SegaSam,Donkey Kong,134501,92,16,Grandmaster
BlipBlop,Pac-Man,58950,98,34,Casual
SegaSam,Pac-Man,128907,89,11,Grandmaster
RetroRider,Space Invaders,53405,70,19,Casual
BlipBlop,Pac-Man,147027,72,46,Grandmaster
BlipBlop,Space Invaders,148580,87,40,Grandmaster
BlipBlop,Donkey Kong,97563,98,44,Pro Gamer
RetroRider,Space Invaders,72481,99,32,Casual
RetroRider,Galaga,34308,90,33,Casual
NeoGeo,Frogger,51943,72,15,Casual
BlipBlop,Space Invaders,26756,88,31,Novice
NeoGeo,Pac-Man,153374,96,21,Grandmaster
PixelPete,Pac-Man,121659,83,3,Grandmaster
PixelPete,Donkey Kong,119691,87,23,Pro Gamer
RetroRider,Frogger,123822,80,4,Grandmaster
NeoGeo,Galaga,34980,93,38,Casual
KongKiller,Space Invaders,15305,82,40,Novice
BlipBlop,Pac-Man,108596,72,33,Pro Gamer
NeoGeo,Galaga,17349,74,27,Novice
ChompQueen,Galaga,98180,79,6,Pro Gamer
SegaSam,Galaga,63473,65,12,Casual
NeoGeo,Donkey Kong,84242,79,22,Pro Gamer
PixelPete,Donkey Kong,83014,83,38,Pro Gamer
ChompQueen,Pac-Man,87330,69,37,Pro Gamer
KongKiller,Galaga,79419,91,31,Casual
BlipBlop,Galaga,13819,80,5,Novice
KongKiller,Space Invaders,153008,85,14,Grandmaster
SegaSam,Space Invaders,138004,70,8,Grandmaster
NeoGeo,Space Invaders,40383,76,34,Casual
NeoGeo,Frogger,91109,70,31,Pro Gamer
NeoGeo,Space Invaders,133188,76,2,Grandmaster
RetroRider,Space Invaders,126450,94,5,Grandmaster
RetroRider,Frogger,56374,72,26,Casual
RetroRider,Galaga,125993,70,36,Grandmaster
SegaSam,Frogger,91670,79,33,Pro Gamer
BlipBlop,Frogger,95925,97,17,Pro Gamer
SegaSam,Pac-Man,112445,78,26,Pro Gamer
KongKiller,Frogger,95954,82,40,Pro Gamer
SegaSam,Pac-Man,63979,79,10,Casual
BlipBlop,Frogger,105272,99,37,Pro Gamer
ChompQueen,Donkey Kong,115842,81,16,Pro Gamer
SegaSam,Galaga,81245,71,7,Pro Gamer
KongKiller,Donkey Kong,128666,76,42,Grandmaster
BlipBlop,Donkey Kong,60010,84,29,Casual
SegaSam,Frogger,97734,97,35,Pro Gamer
ChompQueen,Space Invaders,14007,81,21,Novice
ChompQueen,Galaga,16108,60,26,Novice
NeoGeo,Frogger,16058,80,25,Novice
NeoGeo,Donkey Kong,149498,74,10,Grandmaster
NeoGeo,Frogger,101186,75,15,Pro Gamer
ChompQueen,Frogger,150012,69,37,Grandmaster
BlipBlop,Donkey Kong,123131,72,6,Grandmaster
PixelPete,Galaga,128370,93,28,Grandmaster
NeoGeo,Frogger,109873,72,44,Pro Gamer
ChompQueen,Donkey Kong,50759,66,28,Casual
BlipBlop,Space Invaders,133646,93,3,Grandmaster
SegaSam,Donkey Kong,57014,95,22,Casual
NeoGeo,Donkey Kong,127016,63,20,Grandmaster
RetroRider,Pac-Man,131662,93,43,Grandmaster
NeoGeo,Galaga,23659,94,20,Novice
PixelPete,Space Invaders,22844,97,27,Novice
ChompQueen,Space Invaders,15406,82,23,Novice
SegaSam,Pac-Man,28720,70,15,Novice
SegaSam,Galaga,77402,65,23,Casual
KongKiller,Frogger,17088,89,11,Novice
ChompQueen,Space Invaders,63068,89,38,Casual
BlipBlop,Space Invaders,150177,88,34,Grandmaster
BlipBlop,Pac-Man,100482,83,33,Pro Gamer
KongKiller,Donkey Kong,154669,67,41,Grandmaster
SegaSam,Frogger,104892,92,8,Pro Gamer
KongKiller,Pac-Man,48310,80,21,Casual
SegaSam,Space Invaders,25329,98,29,Novice
PixelPete,Pac-Man,93281,70,46,Pro Gamer
KongKiller,Space Invaders,84138,72,45,Pro Gamer
SegaSam,Pac-Man,115415,76,9,Pro Gamer
SegaSam,Space Invaders,58260,91,23,Casual
BlipBlop,Galaga,68030,71,12,Casual
BlipBlop,Pac-Man,144999,68,4,Grandmaster
NeoGeo,Frogger,44781,89,18,Casual
SegaSam,Pac-Man,107979,86,43,Pro Gamer
PixelPete,Space Invaders,77444,70,35,Casual
BlipBlop,Pac-Man,102593,65,10,Pro Gamer
NeoGeo,Space Invaders,36306,63,18,Casual
SegaSam,Frogger,67367,96,45,Casual
BlipBlop,Space Invaders,14184,73,27,Novice
SegaSam,Frogger,121389,80,33,Grandmaster
ChompQueen,Space Invaders,140132,68,25,Grandmaster
BlipBlop,Space Invaders,62141,76,18,Casual
ChompQueen,Galaga,90321,97,34,Pro Gamer
PixelPete,Frogger,7743,66,6,Novice
BlipBlop,Galaga,108610,62,33,Pro Gamer
SegaSam,Frogger,81553,70,41,Pro Gamer
PixelPete,Donkey Kong,80023,67,2,Pro Gamer
NeoGeo,Donkey Kong,133964,82,46,Grandmaster
SegaSam,Galaga,38798,97,31,Casual
BlipBlop,Space Invaders,28251,63,3,Novice
BlipBlop,Pac-Man,62563,97,45,Casual
PixelPete,Galaga,11535,77,19,Novice
PixelPete,Donkey Kong,20955,94,35,Novice
KongKiller,Galaga,41462,65,7,Casual
BlipBlop,Frogger,32865,91,34,Casual
BlipBlop,Pac-Man,58242,96,15,Casual
RetroRider,Donkey Kong,46205,85,38,Casual
RetroRider,Donkey Kong,44157,83,21,Casual
PixelPete,Space Invaders,13521,73,29,Novice
RetroRider,Donkey Kong,28801,68,36,Novice
ChompQueen,Donkey Kong,60796,100,32,Casual
RetroRider,Frogger,41725,99,18,Casual
PixelPete,Frogger,35299,66,40,Casual
KongKiller,Galaga,135595,91,44,Grandmaster
NeoGeo,Pac-Man,19473,67,11,Novice
NeoGeo,Donkey Kong,132982,62,13,Grandmaster
SegaSam,Space Invaders,94775,62,30,Pro Gamer
KongKiller,Galaga,41169,74,42,Casual
KongKiller,Pac-Man,11271,98,33,Novice
KongKiller,Pac-Man,99546,70,13,Pro Gamer
KongKiller,Pac-Man,65124,99,3,Casual
PixelPete,Frogger,81669,94,15,Pro Gamer
ChompQueen,Pac-Man,51820,88,3,Casual
SegaSam,Pac-Man,7565,88,28,Novice
RetroRider,Donkey Kong,12302,93,44,Novice
PixelPete,Space Invaders,140509,77,12,Grandmaster
BlipBlop,Pac-Man,97950,88,27,Pro Gamer
RetroRider,Galaga,147172,85,20,Grandmaster
KongKiller,Pac-Man,90766,85,12,Pro Gamer
SegaSam,Space Invaders,72254,81,18,Casual
NeoGeo,Pac-Man,133248,62,36,Grandmaster
BlipBlop,Frogger,51159,66,9,Casual
KongKiller,Pac-Man,29455,79,45,Novice
ChompQueen,Space Invaders,21778,78,21,Novice
SegaSam,Pac-Man,107875,94,24,Pro Gamer
SegaSam,Space Invaders,127040,87,39,Grandmaster
PixelPete,Frogger,139739,95,24,Grandmaster
PixelPete,Frogger,115732,87,37,Pro Gamer
SegaSam,Donkey Kong,109518,90,10,Pro Gamer
NeoGeo,Donkey Kong,117610,90,39,Pro Gamer
ChompQueen,Galaga,62163,85,2,Casual
KongKiller,Donkey Kong,26463,63,33,Novice
RetroRider,Pac-Man,58471,70,5,Casual
ChompQueen,Donkey Kong,72051,91,37,Casual
PixelPete,Pac-Man,35973,73,11,Casual
ChompQueen,Space Invaders,114147,95,12,Pro Gamer
PixelPete,Frogger,148984,80,22,Grandmaster
ChompQueen,Donkey Kong,108203,69,10,Pro Gamer
RetroRider,Space Invaders,122900,99,4,Grandmaster
BlipBlop,Pac-Man,89520,94,16,Pro Gamer
ChompQueen,Frogger,60411,86,25,Casual
KongKiller,Donkey Kong,71475,69,36,Casual
KongKiller,Donkey Kong,56500,60,42,Casual
ChompQueen,Frogger,31145,95,25,Casual
NeoGeo,Frogger,98399,93,21,Pro Gamer
NeoGeo,Frogger,121839,72,9,Grandmaster
KongKiller,Galaga,149372,62,43,Grandmaster
SegaSam,Frogger,39747,95,43,Casual
PixelPete,Galaga,24658,94,5,Novice
BlipBlop,Donkey Kong,49574,68,43,Casual
BlipBlop,Pac-Man,104067,97,27,Pro Gamer
ChompQueen,Donkey Kong,12532,82,27,Novice
RetroRider,Frogger,32869,76,34,Casual
NeoGeo,Frogger,95805,83,24,Pro Gamer
RetroRider,Pac-Man,153716,79,2,Grandmaster
NeoGeo,Space Invaders,140454,93,26,Grandmaster
SegaSam,Donkey Kong,118763,64,32,Pro Gamer
ChompQueen,Donkey Kong,147392,96,25,Grandmaster
NeoGeo,Donkey Kong,55274,96,17,Casual
NeoGeo,Donkey Kong,32098,91,36,Casual
RetroRider,Donkey Kong,151818,71,9,Grandmaster
SegaSam,Space Invaders,43849,89,13,Casual
RetroRider,Donkey Kong,82565,97,21,Pro Gamer
SegaSam,Space Invaders,89221,66,41,Pro Gamer
BlipBlop,Pac-Man,97194,72,9,Pro Gamer
BlipBlop,Galaga,43928,94,36,Casual
ChompQueen,Galaga,56292,96,3,Casual
KongKiller,Space Invaders,150287,97,38,Grandmaster
PixelPete,Frogger,103506,96,19,Pro Gamer
SegaSam,Frogger,28650,72,4,Novice
SegaSam,Galaga,100186,75,39,Pro Gamer
SegaSam,Space Invaders,6399,68,10,Novice
PixelPete,Pac-Man,119871,79,27,Pro Gamer
KongKiller,Space Invaders,131650,86,44,Grandmaster
RetroRider,Frogger,17578,94,39,Novice
KongKiller,Frogger,39497,90,7,Casual
PixelPete,Galaga,79885,90,26,Casual
KongKiller,Frogger,7460,79,4,Novice
PixelPete,Galaga,43211,79,9,Casual
RetroRider,Pac-Man,43073,70,43,Casual
ChompQueen,Pac-Man,103500,67,32,Pro Gamer
RetroRider,Frogger,8053,69,38,Novice
RetroRider,Galaga,6053,77,13,Novice
NeoGeo,Pac-Man,79614,70,45,Casual
NeoGeo,Pac-Man,125356,61,3,Grandmaster
SegaSam,Space Invaders,74173,63,32,Casual
BlipBlop,Donkey Kong,18306,98,37,Novice
RetroRider,Frogger,25257,94,19,Novice
BlipBlop,Donkey Kong,53858,86,8,Casual
RetroRider,Frogger,23686,83,7,Novice
ChompQueen,Pac-Man,106926,66,9,Pro Gamer
BlipBlop,Donkey Kong,42348,73,25,Casual
BlipBlop,Pac-Man,141154,76,39,Grandmaster
ChompQueen,Space Invaders,147611,84,24,Grandmaster
KongKiller,Donkey Kong,82169,72,6,Pro Gamer
NeoGeo,Galaga,41460,96,44,Casual
NeoGeo,Space Invaders,109763,88,32,Pro Gamer
KongKiller,Galaga,37338,77,25,Casual
PixelPete,Frogger,116513,78,16,Pro Gamer
RetroRider,Space Invaders,8863,84,30,Novice
PixelPete,Space Invaders,151535,70,26,Grandmaster
PixelPete,Frogger,152851,78,7,Grandmaster
NeoGeo,Galaga,131480,83,38,Grandmaster
ChompQueen,Galaga,34095,83,34,Casual
NeoGeo,Galaga,134945,95,11,Grandmaster
PixelPete,Pac-Man,47127,78,29,Casual
PixelPete,Galaga,59924,88,44,Casual
PixelPete,Frogger,126373,90,25,Grandmaster
NeoGeo,Donkey Kong,43718,83,12,Casual
BlipBlop,Donkey Kong,20875,74,20,Novice
RetroRider,Space Invaders,72411,86,35,Casual
KongKiller,Pac-Man,108168,90,40,Pro Gamer
RetroRider,Donkey Kong,21565,67,26,Novice
BlipBlop,Space Invaders,39987,93,14,Casual
NeoGeo,Space Invaders,73300,100,17,Casual
PixelPete,Pac-Man,79325,61,5,Casual
SegaSam,Donkey Kong,103079,76,7,Pro Gamer
NeoGeo,Pac-Man,113415,86,44,Pro Gamer
NeoGeo,Frogger,34393,71,8,Casual
KongKiller,Frogger,57645,81,41,Casual
KongKiller,Donkey Kong,147896,87,34,Grandmaster
SegaSam,Pac-Man,49058,77,33,Casual
ChompQueen,Donkey Kong,48840,97,12,Casual
PixelPete,Space Invaders,37122,92,13,Casual
SegaSam,Donkey Kong,62789,88,30,Casual
SegaSam,Space Invaders,52687,64,19,Casual
PixelPete,Donkey Kong,73245,63,9,Casual
KongKiller,Pac-Man,104074,67,13,Pro Gamer
SegaSam,Donkey Kong,71828,76,39,Casual
KongKiller,Pac-Man,7083,97,23,Novice
RetroRider,Pac-Man,26970,78,16,Novice
ChompQueen,Donkey Kong,90195,83,43,Pro Gamer
PixelPete,Pac-Man,15808,66,20,Novice
RetroRider,Pac-Man,25766,77,27,Novice
BlipBlop,Galaga,23952,99,44,Novice
RetroRider,Frogger,149438,91,5,Grandmaster
KongKiller,Pac-Man,136675,85,17,Grandmaster
SegaSam,Galaga,26179,68,33,Novice
PixelPete,Donkey Kong,143028,69,27,Grandmaster
ChompQueen,Space Invaders,38558,87,31,Casual
PixelPete,Space Invaders,84842,85,6,Pro Gamer
RetroRider,Frogger,15012,70,23,Novice
RetroRider,Donkey Kong,149756,67,40,Grandmaster
KongKiller,Donkey Kong,15159,97,8,Novice
SegaSam,Space Invaders,108997,79,6,Pro Gamer
ChompQueen,Space Invaders,15679,74,33,Novice
PixelPete,Galaga,148000,68,20,Grandmaster
NeoGeo,Space Invaders,27983,74,24,Novice
RetroRider,Donkey Kong,21765,66,45,Novice
PixelPete,Donkey Kong,117052,95,46,Pro Gamer
SegaSam,Space Invaders,47242,60,28,Casual
KongKiller,Donkey Kong,113888,76,14,Pro Gamer
SegaSam,Frogger,149453,67,25,Grandmaster
PixelPete,Donkey Kong,63077,71,25,Casual
KongKiller,Galaga,11974,91,38,Novice
SegaSam,Space Invaders,123429,70,25,Grandmaster
ChompQueen,Pac-Man,21091,64,12,Novice
SegaSam,Donkey Kong,59909,82,4,Casual
BlipBlop,Donkey Kong,55635,92,33,Casual
KongKiller,Donkey Kong,14073,61,21,Novice
KongKiller,Pac-Man,127260,85,20,Grandmaster
RetroRider,Frogger,110506,92,2,Pro Gamer
ChompQueen,Space Invaders,65057,64,15,Casual
BlipBlop,Donkey Kong,45964,80,27,Casual
ChompQueen,Galaga,132852,95,12,Grandmaster
NeoGeo,Frogger,40852,69,44,Casual
KongKiller,Space Invaders,141953,79,39,Grandmaster
ChompQueen,Pac-Man,33838,92,31,Casual
RetroRider,Frogger,91236,67,7,Pro Gamer
BlipBlop,Pac-Man,47396,90,36,Casual
SegaSam,Frogger,25289,87,10,Novice
PixelPete,Space Invaders,31698,86,20,Casual
SegaSam,Donkey Kong,13866,95,42,Novice
PixelPete,Space Invaders,116238,72,9,Pro Gamer
KongKiller,Frogger,136638,76,28,Grandmaster
BlipBlop,Space Invaders,22621,96,5,Novice
SegaSam,Galaga,12405,78,46,Novice
SegaSam,Frogger,57081,99,20,Casual
KongKiller,Pac-Man,16745,82,4,Novice
KongKiller,Pac-Man,149030,74,4,Grandmaster
KongKiller,Space Invaders,44567,89,39,Casual
BlipBlop,Pac-Man,42362,73,19,Casual
SegaSam,Frogger,143827,91,24,Grandmaster
RetroRider,Galaga,38804,80,46,Casual
ChompQueen,Donkey Kong,37554,94,34,Casual
RetroRider,Frogger,49005,70,14,Casual
KongKiller,Pac-Man,27034,76,17,Novice
NeoGeo,Pac-Man,141827,88,18,Grandmaster
PixelPete,Galaga,94092,93,42,Pro Gamer
SegaSam,Space Invaders,125917,63,40,Grandmaster
PixelPete,Donkey Kong,115674,85,10,Pro Gamer
RetroRider,Pac-Man,83328,73,11,Pro Gamer
BlipBlop,Space Invaders,62428,66,16,Casual
ChompQueen,Pac-Man,104247,91,42,Pro Gamer
RetroRider,Galaga,138516,69,45,Grandmaster
BlipBlop,Galaga,26696,69,7,Novice
SegaSam,Frogger,68986,63,46,Casual
SegaSam,Donkey Kong,103851,74,29,Pro Gamer
PixelPete,Frogger,52924,61,31,Casual
BlipBlop,Galaga,134350,72,39,Grandmaster
ChompQueen,Space Invaders,84708,66,33,Pro Gamer
PixelPete,Space Invaders,124172,69,9,Grandmaster
KongKiller,Galaga,106995,62,17,Pro Gamer
RetroRider,Pac-Man,69171,67,16,Casual
PixelPete,Donkey Kong,32612,87,45,Casual
RetroRider,Space Invaders,91420,72,31,Pro Gamer
ChompQueen,Galaga,96626,74,2,Pro Gamer
ChompQueen,Pac-Man,61788,94,21,Casual
KongKiller,Space Invaders,57420,68,5,Casual
SegaSam,Space Invaders,69057,72,33,Casual
NeoGeo,Space Invaders,92927,69,4,Pro Gamer
KongKiller,Pac-Man,42448,86,14,Casual
ChompQueen,Space Invaders,10811,81,3,Novice
RetroRider,Space Invaders,19763,68,11,Novice
RetroRider,Space Invaders,33254,84,46,Casual
NeoGeo,Space Invaders,22152,85,10,Novice
RetroRider,Space Invaders,144725,79,2,Grandmaster
SegaSam,Pac-Man,68332,81,40,Casual
NeoGeo,Galaga,15474,75,3,Novice
BlipBlop,Pac-Man,101694,88,8,Pro Gamer
RetroRider,Space Invaders,9904,94,35,Novice
SegaSam,Frogger,65671,68,28,Casual
PixelPete,Pac-Man,67106,92,23,Casual
SegaSam,Frogger,10943,97,35,Novice
BlipBlop,Galaga,87858,96,28,Pro Gamer
KongKiller,Frogger,97442,66,6,Pro Gamer
PixelPete,Galaga,5189,78,26,Novice
SegaSam,Frogger,37593,69,20,Casual
BlipBlop,Donkey Kong,20756,67,37,Novice
PixelPete,Frogger,120333,100,29,Grandmaster
PixelPete,Space Invaders,90431,83,38,Pro Gamer
BlipBlop,Donkey Kong,126478,83,9,Grandmaster
ChompQueen,Space Invaders,29699,68,34,Novice
RetroRider,Donkey Kong,59273,70,29,Casual
ChompQueen,Pac-Man,55842,91,21,Casual
PixelPete,Space Invaders,129280,77,10,Grandmaster
KongKiller,Frogger,11402,93,26,Novice
SegaSam,Galaga,134939,94,6,Grandmaster
ChompQueen,Frogger,119942,61,17,Pro Gamer
RetroRider,Space Invaders,16131,85,12,Novice
ChompQueen,Donkey Kong,131226,84,32,Grandmaster
PixelPete,Pac-Man,78983,80,24,Casual
PixelPete,Space Invaders,71939,91,4,Casual
NeoGeo,Galaga,125103,83,21,Grandmaster
BlipBlop,Galaga,139186,63,26,Grandmaster
PixelPete,Space Invaders,22966,73,25,Novice
KongKiller,Frogger,46194,75,26,Casual
RetroRider,Galaga,116076,95,31,Pro Gamer
BlipBlop,Donkey Kong,129896,67,22,Grandmaster
SegaSam,Donkey Kong,83504,61,4,Pro Gamer
ChompQueen,Pac-Man,86960,74,17,Pro Gamer
ChompQueen,Donkey Kong,123877,78,22,Grandmaster
BlipBlop,Galaga,9455,83,28,Novice
BlipBlop,Pac-Man,9523,78,4,Novice
SegaSam,Pac-Man,41835,83,41,Casual
BlipBlop,Pac-Man,99238,98,30,Pro Gamer
KongKiller,Space Invaders,88927,85,9,Pro Gamer
ChompQueen,Donkey Kong,73947,80,7,Casual
BlipBlop,Pac-Man,44483,90,39,Casual
BlipBlop,Donkey Kong,30670,76,31,Casual
RetroRider,Galaga,138161,80,15,Grandmaster
SegaSam,Pac-Man,117657,84,3,Pro Gamer
SegaSam,Space Invaders,24603,67,44,Novice
ChompQueen,Donkey Kong,14238,87,14,Novice
NeoGeo,Frogger,111121,66,3,Pro Gamer
RetroRider,Galaga,134797,75,35,Grandmaster
NeoGeo,Space Invaders,6199,76,10,Novice
BlipBlop,Galaga,48777,94,32,Casual
KongKiller,Space Invaders,137243,88,37,Grandmaster
NeoGeo,Space Invaders,26636,89,10,Novice
NeoGeo,Pac-Man,151564,85,36,Grandmaster
RetroRider,Donkey Kong,7394,90,6,Novice
RetroRider,Galaga,19647,91,11,Novice
KongKiller,Space Invaders,26187,81,5,Novice
KongKiller,Space Invaders,53507,71,44,Casual
SegaSam,Frogger,141042,74,4,Grandmaster
KongKiller,Galaga,101837,88,23,Pro Gamer
KongKiller,Donkey Kong,44643,68,12,Casual
BlipBlop,Space Invaders,55239,85,18,Casual
SegaSam,Frogger,53328,72,19,Casual
ChompQueen,Pac-Man,126922,69,46,Grandmaster
ChompQueen,Galaga,98747,83,14,Pro Gamer
PixelPete,Pac-Man,139491,79,24,Grandmaster
BlipBlop,Frogger,17784,90,39,Novice
KongKiller,Space Invaders,114729,81,46,Pro Gamer
RetroRider,Frogger,93778,79,22,Pro Gamer
NeoGeo,Galaga,22661,65,43,Novice
KongKiller,Pac-Man,107941,75,27,Pro Gamer
RetroRider,Frogger,82996,97,15,Pro Gamer
PixelPete,Space Invaders,70067,84,20,Casual
RetroRider,Frogger,85295,68,8,Pro Gamer
RetroRider,Frogger,133223,60,18,Grandmaster
BlipBlop,Space Invaders,119746,73,9,Pro Gamer
SegaSam,Space Invaders,7039,87,20,Novice
SegaSam,Donkey Kong,150641,73,10,Grandmaster
NeoGeo,Galaga,85726,90,41,Pro Gamer
ChompQueen,Galaga,99102,68,27,Pro Gamer
KongKiller,Donkey Kong,106679,90,10,Pro Gamer
SegaSam,Pac-Man,62928,84,8,Casual
BlipBlop,Space Invaders,50814,92,44,Casual
PixelPete,Donkey Kong,134823,92,28,Grandmaster
PixelPete,Frogger,9712,77,31,Novice
PixelPete,Pac-Man,140227,77,15,Grandmaster
RetroRider,Pac-Man,18890,86,32,Novice
ChompQueen,Galaga,131499,88,34,Grandmaster
PixelPete,Space Invaders,126078,90,36,Grandmaster
KongKiller,Donkey Kong,6017,86,16,Novice
SegaSam,Frogger,110009,92,26,Pro Gamer
NeoGeo,Space Invaders,54907,72,34,Casual
RetroRider,Donkey Kong,143001,84,13,Grandmaster
KongKiller,Space Invaders,51701,80,38,Casual
SegaSam,Donkey Kong,121940,63,15,Grandmaster
RetroRider,Donkey Kong,93899,98,33,Pro Gamer
SegaSam,Galaga,59212,69,18,Casual
KongKiller,Frogger,115035,62,21,Pro Gamer
BlipBlop,Pac-Man,30327,83,43,Casual
RetroRider,Donkey Kong,84271,82,36,Pro Gamer
PixelPete,Space Invaders,76882,67,12,Casual
ChompQueen,Space Invaders,8561,60,22,Novice
NeoGeo,Space Invaders,79292,94,19,Casual
PixelPete,Space Invaders,10975,82,13,Novice
NeoGeo,Space Invaders,55896,81,9,Casual
SegaSam,Galaga,52007,91,34,Casual
NeoGeo,Galaga,66388,97,18,Casual
PixelPete,Space Invaders,74821,75,46,Casual
NeoGeo,Space Invaders,148287,94,35,Grandmaster
BlipBlop,Frogger,116479,83,16,Pro Gamer
SegaSam,Galaga,139599,88,37,Grandmaster
RetroRider,Galaga,52939,86,40,Casual
RetroRider,Pac-Man,121063,68,10,Grandmaster
RetroRider,Pac-Man,56943,81,21,Casual
SegaSam,Donkey Kong,33119,87,23,Casual
RetroRider,Frogger,106526,77,8,Pro Gamer
ChompQueen,Galaga,25077,68,23,Novice
ChompQueen,Pac-Man,141995,85,12,Grandmaster
ChompQueen,Frogger,21465,99,40,Novice
RetroRider,Pac-Man,126558,60,33,Grandmaster
ChompQueen,Galaga,20590,81,23,Novice
RetroRider,Galaga,148908,73,15,Grandmaster
BlipBlop,Frogger,79572,68,20,Casual
NeoGeo,Galaga,120812,72,2,Grandmaster
KongKiller,Frogger,59275,66,19,Casual
KongKiller,Galaga,140492,98,44,Grandmaster
BlipBlop,Pac-Man,41625,84,6,Casual
NeoGeo,Frogger,34330,61,24,Casual
SegaSam,Frogger,33619,92,10,Casual
BlipBlop,Pac-Man,140536,79,8,Grandmaster
SegaSam,Space Invaders,101314,85,16,Pro Gamer
KongKiller,Galaga,70416,68,9,Casual
PixelPete,Pac-Man,40997,72,40,Casual
SegaSam,Pac-Man,39245,85,33,Casual
BlipBlop,Space Invaders,33116,91,44,Casual
BlipBlop,Pac-Man,51698,97,24,Casual
SegaSam,Donkey Kong,102988,61,22,Pro Gamer
SegaSam,Pac-Man,34236,91,27,Casual
PixelPete,Pac-Man,130837,62,45,Grandmaster
NeoGeo,Space Invaders,76731,77,10,Casual
ChompQueen,Galaga,152745,68,22,Grandmaster
SegaSam,Pac-Man,105015,80,7,Pro Gamer
RetroRider,Donkey Kong,30575,65,14,Casual
PixelPete,Pac-Man,10422,83,28,Novice
NeoGeo,Space Invaders,116989,73,30,Pro Gamer
KongKiller,Donkey Kong,123554,70,33,Grandmaster
ChompQueen,Frogger,54124,70,9,Casual
PixelPete,Space Invaders,43360,91,19,Casual
ChompQueen,Galaga,146493,97,42,Grandmaster
BlipBlop,Galaga,127444,83,38,Grandmaster
RetroRider,Pac-Man,71329,76,19,Casual
RetroRider,Space Invaders,16328,72,33,Novice
PixelPete,Pac-Man,130365,78,39,Grandmaster
BlipBlop,Frogger,89636,61,31,Pro Gamer
NeoGeo,Donkey Kong,131811,73,39,Grandmaster
PixelPete,Pac-Man,142368,62,36,Grandmaster
BlipBlop,Frogger,38822,69,46,Casual
SegaSam,Frogger,140508,77,17,Grandmaster
PixelPete,Donkey Kong,64861,64,14,Casual
BlipBlop,Donkey Kong,123802,91,23,Grandmaster
BlipBlop,Pac-Man,120641,93,10,Grandmaster
SegaSam,Donkey Kong,9018,70,8,Novice
RetroRider,Frogger,85977,72,14,Pro Gamer
KongKiller,Donkey Kong,19451,73,23,Novice
NeoGeo,Pac-Man,29881,62,35,Novice
RetroRider,Galaga,119563,63,20,Pro Gamer
PixelPete,Pac-Man,150099,84,2,Grandmaster
KongKiller,Donkey Kong,140844,95,23,Grandmaster
KongKiller,Space Invaders,125758,70,41,Grandmaster
PixelPete,Space Invaders,25599,63,41,Novice
NeoGeo,Galaga,150811,65,34,Grandmaster
NeoGeo,Donkey Kong,19733,70,34,Novice
ChompQueen,Donkey Kong,72557,91,22,Casual
BlipBlop,Galaga,18056,90,31,Novice
PixelPete,Galaga,36800,73,46,Casual
ChompQueen,Galaga,116321,61,24,Pro Gamer
NeoGeo,Donkey Kong,83642,61,41,Pro Gamer
SegaSam,Galaga,84443,88,41,Pro Gamer
NeoGeo,Galaga,110133,65,33,Pro Gamer
PixelPete,Galaga,57741,61,9,Casual
KongKiller,Pac-Man,24039,89,26,Novice
RetroRider,Pac-Man,43406,64,11,Casual
NeoGeo,Donkey Kong,128784,81,37,Grandmaster
RetroRider,Donkey Kong,82890,75,13,Pro Gamer
NeoGeo,Pac-Man,131610,78,16,Grandmaster
ChompQueen,Galaga,130601,93,29,Grandmaster
ChompQueen,Frogger,27271,92,21,Novice
NeoGeo,Donkey Kong,75127,73,15,Casual
SegaSam,Pac-Man,23147,69,27,Novice
ChompQueen,Pac-Man,22278,75,22,Novice
ChompQueen,Frogger,94178,75,40,Pro Gamer
SegaSam,Frogger,87432,99,24,Pro Gamer
PixelPete,Galaga,107956,81,23,Pro Gamer
SegaSam,Galaga,147009,84,39,Grandmaster
BlipBlop,Donkey Kong,133949,94,10,Grandmaster
KongKiller,Pac-Man,36082,94,32,Casual
RetroRider,Donkey Kong,125936,71,19,Grandmaster
KongKiller,Donkey Kong,83994,69,29,Pro Gamer
PixelPete,Frogger,142339,74,23,Grandmaster
RetroRider,Pac-Man,76189,85,24,Casual
ChompQueen,Frogger,7326,83,9,Novice
KongKiller,Frogger,67038,63,32,Casual
PixelPete,Donkey Kong,68932,86,9,Casual
RetroRider,Donkey Kong,27601,93,34,Novice
BlipBlop,Pac-Man,96380,76,5,Pro Gamer
BlipBlop,Space Invaders,51314,77,36,Casual
SegaSam,Pac-Man,33649,92,40,Casual
PixelPete,Donkey Kong,102587,71,6,Pro Gamer
SegaSam,Pac-Man,73100,68,20,Casual
BlipBlop,Space Invaders,116889,78,43,Pro Gamer
RetroRider,Frogger,66107,82,3,Casual
SegaSam,Space Invaders,152598,97,46,Grandmaster
PixelPete,Galaga,10131,75,12,Novice
NeoGeo,Donkey Kong,45625,76,28,Casual
SegaSam,Pac-Man,47880,65,31,Casual
BlipBlop,Galaga,36898,60,4,Casual
KongKiller,Galaga,84693,75,20,Pro Gamer
NeoGeo,Space Invaders,67115,84,9,Casual
BlipBlop,Frogger,87118,92,15,Pro Gamer
PixelPete,Pac-Man,115089,66,41,Pro Gamer
RetroRider,Frogger,13771,97,23,Novice
PixelPete,Galaga,83817,76,34,Pro Gamer
NeoGeo,Pac-Man,40471,89,19,Casual
KongKiller,Frogger,52021,93,16,Casual
ChompQueen,Pac-Man,118574,66,15,Pro Gamer
ChompQueen,Pac-Man,18286,97,6,Novice
KongKiller,Galaga,88204,92,36,Pro Gamer
SegaSam,Space Invaders,7172,100,24,Novice
BlipBlop,Galaga,115449,80,27,Pro Gamer
NeoGeo,Galaga,47465,98,26,Casual
KongKiller,Donkey Kong,95739,85,3,Pro Gamer
BlipBlop,Space Invaders,142821,65,17,Grandmaster
BlipBlop,Galaga,80860,93,16,Pro Gamer
PixelPete,Galaga,111067,78,43,Pro Gamer
PixelPete,Space Invaders,13826,63,9,Novice
KongKiller,Donkey Kong,135985,89,20,Grandmaster
ChompQueen,Frogger,113172,89,33,Pro Gamer
NeoGeo,Frogger,153829,88,8,Grandmaster
KongKiller,Space Invaders,116433,92,20,Pro Gamer
BlipBlop,Galaga,58660,78,38,Casual
SegaSam,Space Invaders,63877,86,44,Casual
ChompQueen,Space Invaders,128508,71,10,Grandmaster
PixelPete,Pac-Man,123709,78,39,Grandmaster
BlipBlop,Space Invaders,63273,79,36,Casual
RetroRider,Space Invaders,44817,73,24,Casual
RetroRider,Frogger,152326,91,12,Grandmaster
SegaSam,Space Invaders,86024,80,38,Pro Gamer
PixelPete,Frogger,80146,88,27,Pro Gamer
KongKiller,Galaga,17294,93,36,Novice
ChompQueen,Frogger,135210,79,11,Grandmaster
NeoGeo,Pac-Man,10682,91,30,Novice
NeoGeo,Galaga,117454,92,23,Pro Gamer
NeoGeo,Pac-Man,105124,68,21,Pro Gamer
KongKiller,Space Invaders,28212,81,32,Novice
KongKiller,Space Invaders,17644,74,2,Novice
NeoGeo,Pac-Man,100866,63,34,Pro Gamer
NeoGeo,Galaga,46301,86,12,Casual
RetroRider,Donkey Kong,116768,94,45,Pro Gamer
SegaSam,Frogger,139512,83,46,Grandmaster
SegaSam,Donkey Kong,59921,83,18,Casual
NeoGeo,Frogger,71925,82,44,Casual
ChompQueen,Space Invaders,95322,93,16,Pro Gamer
RetroRider,Frogger,64139,75,23,Casual
RetroRider,Pac-Man,146692,81,24,Grandmaster
NeoGeo,Frogger,65480,82,31,Casual
RetroRider,Donkey Kong,140565,83,10,Grandmaster
SegaSam,Pac-Man,137699,76,9,Grandmaster
RetroRider,Pac-Man,111076,90,13,Pro Gamer
KongKiller,Space Invaders,32439,83,12,Casual
SegaSam,Pac-Man,41954,88,44,Casual
PixelPete,Space Invaders,49682,70,43,Casual
BlipBlop,Galaga,138092,72,39,Grandmaster
PixelPete,Space Invaders,99139,75,4,Pro Gamer
SegaSam,Donkey Kong,99124,77,10,Pro Gamer
BlipBlop,Galaga,26618,90,31,Novice
ChompQueen,Galaga,83864,99,11,Pro Gamer
KongKiller,Pac-Man,108209,87,21,Pro Gamer
KongKiller,Donkey Kong,16803,98,28,Novice
PixelPete,Frogger,35456,69,6,Casual
BlipBlop,Space Invaders,21737,96,16,Novice
NeoGeo,Space Invaders,13061,63,10,Novice
SegaSam,Frogger,64951,92,13,Casual
KongKiller,Space Invaders,134026,84,30,Grandmaster
BlipBlop,Galaga,97919,64,31,Pro Gamer
BlipBlop,Donkey Kong,56600,98,30,Casual
PixelPete,Frogger,133193,82,21,Grandmaster
KongKiller,Galaga,73569,89,17,Casual
ChompQueen,Galaga,31245,81,42,Casual
SegaSam,Pac-Man,27539,77,26,Novice
KongKiller,Space Invaders,97622,74,7,Pro Gamer
BlipBlop,Pac-Man,82608,77,30,Pro Gamer
ChompQueen,Space Invaders,42842,85,41,Casual
ChompQueen,Space Invaders,129506,69,20,Grandmaster
SegaSam,Frogger,124077,92,33,Grandmaster
SegaSam,Pac-Man,53539,81,42,Casual
KongKiller,Space Invaders,12475,98,40,Novice
BlipBlop,Frogger,123074,92,20,Grandmaster
RetroRider,Space Invaders,40252,92,35,Casual
RetroRider,Donkey Kong,24841,91,24,Novice
KongKiller,Donkey Kong,154602,98,40,Grandmaster
ChompQueen,Frogger,24436,78,35,Novice
KongKiller,Frogger,154375,88,11,Grandmaster
BlipBlop,Frogger,49908,96,30,Casual
SegaSam,Pac-Man,101491,75,9,Pro Gamer
ChompQueen,Space Invaders,10312,99,15,Novice
NeoGeo,Frogger,82866,85,21,Pro Gamer
SegaSam,Galaga,20404,93,22,Novice
BlipBlop,Pac-Man,33650,66,9,Casual
NeoGeo,Pac-Man,128419,88,21,Grandmaster
BlipBlop,Donkey Kong,24706,75,9,Novice
BlipBlop,Frogger,8336,64,34,Novice
BlipBlop,Space Invaders,13287,77,25,Novice
ChompQueen,Donkey Kong,151051,75,11,Grandmaster
RetroRider,Frogger,41136,67,43,Casual
SegaSam,Frogger,55662,99,40,Casual
PixelPete,Frogger,143250,62,10,Grandmaster
RetroRider,Frogger,134566,68,29,Grandmaster
NeoGeo,Space Invaders,35943,99,6,Casual
SegaSam,Pac-Man,94790,77,41,Pro Gamer
ChompQueen,Galaga,67416,89,18,Casual
BlipBlop,Space Invaders,149391,78,19,Grandmaster
PixelPete,Donkey Kong,41858,62,36,Casual
SegaSam,Frogger,96116,86,9,Pro Gamer
ChompQueen,Space Invaders,109405,70,11,Pro Gamer
SegaSam,Pac-Man,92721,73,40,Pro Gamer
SegaSam,Galaga,106848,75,37,Pro Gamer
SegaSam,Space Invaders,41699,74,16,Casual
PixelPete,Frogger,125288,80,28,Grandmaster
KongKiller,Galaga,84139,99,2,Pro Gamer
BlipBlop,Space Invaders,8256,72,19,Novice
RetroRider,Frogger,154675,81,19,Grandmaster
RetroRider,Galaga,48915,86,39,Casual
BlipBlop,Pac-Man,80347,73,36,Pro Gamer
RetroRider,Pac-Man,138742,74,3,Grandmaster
RetroRider,Space Invaders,141173,86,28,Grandmaster
RetroRider,Frogger,34153,68,3,Casual
SegaSam,Donkey Kong,127939,75,20,Grandmaster
BlipBlop,Pac-Man,40916,97,44,Casual
SegaSam,Space Invaders,148714,78,4,Grandmaster
PixelPete,Space Invaders,93495,90,46,Pro Gamer
PixelPete,Pac-Man,144056,73,43,Grandmaster
ChompQueen,Frogger,124802,65,3,Grandmaster
ChompQueen,Donkey Kong,109096,73,32,Pro Gamer
PixelPete,Galaga,125164,60,29,Grandmaster
SegaSam,Space Invaders,88094,80,6,Pro Gamer
BlipBlop,Frogger,11959,94,14,Novice
NeoGeo,Donkey Kong,136006,96,17,Grandmaster
SegaSam,Pac-Man,106297,81,18,Pro Gamer
KongKiller,Space Invaders,108942,88,12,Pro Gamer
PixelPete,Donkey Kong,143550,93,25,Grandmaster
KongKiller,Pac-Man,78363,63,7,Casual
NeoGeo,Galaga,146402,96,2,Grandmaster
SegaSam,Pac-Man,115169,84,9,Pro Gamer
SegaSam,Frogger,97491,61,34,Pro Gamer
SegaSam,Pac-Man,106900,96,38,Pro Gamer
KongKiller,Frogger,7195,89,21,Novice
PixelPete,Space Invaders,117139,97,30,Pro Gamer
ChompQueen,Pac-Man,27828,91,39,Novice
PixelPete,Galaga,154188,73,22,Grandmaster
BlipBlop,Pac-Man,106861,83,43,Pro Gamer
KongKiller,Donkey Kong,96417,98,24,Pro Gamer
KongKiller,Pac-Man,36705,100,7,Casual
ChompQueen,Donkey Kong,68433,75,33,Casual
KongKiller,Frogger,88400,62,24,Pro Gamer
SegaSam,Galaga,144316,91,16,Grandmaster
ChompQueen,Pac-Man,47565,77,8,Casual
BlipBlop,Donkey Kong,30630,69,14,Casual
RetroRider,Galaga,95294,100,19,Pro Gamer
PixelPete,Pac-Man,31700,92,23,Casual
SegaSam,Space Invaders,150844,65,14,Grandmaster
PixelPete,Frogger,23212,86,46,Novice
ChompQueen,Donkey Kong,145863,68,9,Grandmaster
PixelPete,Space Invaders,69390,63,31,Casual
SegaSam,Pac-Man,82547,84,41,Pro Gamer
ChompQueen,Frogger,12297,100,38,Novice
BlipBlop,Pac-Man,108104,70,39,Pro Gamer
ChompQueen,Space Invaders,55472,82,11,Casual
SegaSam,Galaga,25179,68,41,Novice
RetroRider,Space Invaders,32210,88,20,Casual
SegaSam,Space Invaders,71907,75,4,Casual
ChompQueen,Frogger,137040,75,21,Grandmaster
ChompQueen,Pac-Man,78830,63,19,Casual
NeoGeo,Space Invaders,78385,88,14,Casual
ChompQueen,Galaga,136331,69,44,Grandmaster
BlipBlop,Pac-Man,110681,70,43,Pro Gamer
NeoGeo,Pac-Man,20553,87,40,Novice
SegaSam,Space Invaders,78160,99,41,Casual
NeoGeo,Space Invaders,136085,96,41,Grandmaster
RetroRider,Donkey Kong,60934,90,27,Casual
BlipBlop,Space Invaders,19418,87,37,Novice
NeoGeo,Space Invaders,125804,71,26,Grandmaster
RetroRider,Galaga,44361,70,39,Casual
KongKiller,Pac-Man,77158,79,35,Casual
SegaSam,Donkey Kong,44992,89,17,Casual
PixelPete,Donkey Kong,107684,97,13,Pro Gamer
SegaSam,Frogger,78959,88,6,Casual
SegaSam,Galaga,50039,68,31,Casual
RetroRider,Space Invaders,135854,86,26,Grandmaster
SegaSam,Space Invaders,138616,61,18,Grandmaster
ChompQueen,Donkey Kong,77507,77,34,Casual
SegaSam,Frogger,119451,98,42,Pro Gamer
NeoGeo,Space Invaders,133064,68,31,Grandmaster
PixelPete,Frogger,77003,65,39,Casual
RetroRider,Donkey Kong,153986,86,43,Grandmaster
BlipBlop,Frogger,149623,65,27,Grandmaster
NeoGeo,Frogger,71861,95,18,Casual
PixelPete,Frogger,58561,88,28,Casual
ChompQueen,Galaga,124795,91,12,Grandmaster
KongKiller,Frogger,15807,96,23,Novice
BlipBlop,Galaga,129548,87,21,Grandmaster
KongKiller,Donkey Kong,138498,99,28,Grandmaster
PixelPete,Pac-Man,128352,87,12,Grandmaster
KongKiller,Frogger,18316,79,17,Novice
ChompQueen,Pac-Man,28824,100,20,Novice
ChompQueen,Frogger,136006,67,14,Grandmaster
NeoGeo,Pac-Man,147699,65,7,Grandmaster
NeoGeo,Pac-Man,26967,62,36,Novice
SegaSam,Space Invaders,20661,90,6,Novice
BlipBlop,Pac-Man,32904,83,46,Casual
BlipBlop,Donkey Kong,62858,90,19,Casual
PixelPete,Pac-Man,141020,63,25,Grandmaster
BlipBlop,Frogger,24048,96,44,Novice
ChompQueen,Frogger,17509,83,43,Novice
ChompQueen,Donkey Kong,43916,68,43,Casual
BlipBlop,Frogger,152633,95,30,Grandmaster
KongKiller,Galaga,88667,93,29,Pro Gamer
RetroRider,Donkey Kong,55530,76,30,Casual
ChompQueen,Pac-Man,97729,85,22,Pro Gamer
SegaSam,Frogger,60972,77,38,Casual
BlipBlop,Pac-Man,62360,94,22,Casual
RetroRider,Space Invaders,16009,72,19,Novice
NeoGeo,Frogger,149703,89,5,Grandmaster
BlipBlop,Donkey Kong,148121,80,7,Grandmaster
ChompQueen,Pac-Man,83754,64,16,Pro Gamer
RetroRider,Frogger,26389,88,19,Novice
BlipBlop,Space Invaders,109112,64,39,Pro Gamer
RetroRider,Donkey Kong,17874,91,44,Novice
RetroRider,Space Invaders,18632,61,42,Novice
SegaSam,Frogger,92498,80,11,Pro Gamer
PixelPete,Donkey Kong,71558,81,36,Casual
PixelPete,Pac-Man,153453,80,4,Grandmaster
KongKiller,Space Invaders,17274,95,11,Novice
SegaSam,Space Invaders,96471,60,33,Pro Gamer
SegaSam,Space Invaders,9664,73,38,Novice
BlipBlop,Pac-Man,102739,84,7,Pro Gamer
PixelPete,Donkey Kong,51626,60,39,Casual
RetroRider,Galaga,100492,98,19,Pro Gamer
KongKiller,Galaga,78122,67,11,Casual
RetroRider,Pac-Man,152060,64,13,Grandmaster
SegaSam,Donkey Kong,130325,98,7,Grandmaster
KongKiller,Donkey Kong,150221,84,26,Grandmaster
SegaSam,Space Invaders,154858,70,41,Grandmaster
NeoGeo,Donkey Kong,9140,83,7,Novice
RetroRider,Space Invaders,39496,82,7,Casual
KongKiller,Donkey Kong,103317,93,20,Pro Gamer
SegaSam,Donkey Kong,18566,86,42,Novice
SegaSam,Pac-Man,68569,95,18,Casual
RetroRider,Galaga,67236,89,30,Casual
SegaSam,Frogger,83316,82,16,Pro Gamer
PixelPete,Space Invaders,99799,73,15,Pro Gamer
NeoGeo,Pac-Man,113212,78,17,Pro Gamer
BlipBlop,Donkey Kong,148219,70,22,Grandmaster
RetroRider,Galaga,99803,79,45,Pro Gamer
SegaSam,Donkey Kong,138265,99,3,Grandmaster
KongKiller,Pac-Man,45516,91,43,Casual
RetroRider,Space Invaders,10433,95,31,Novice
ChompQueen,Donkey Kong,82475,68,16,Pro Gamer
RetroRider,Frogger,18794,62,13,Novice
PixelPete,Galaga,23087,97,6,Novice
BlipBlop,Pac-Man,101612,99,17,Pro Gamer
PixelPete,Galaga,98571,69,42,Pro Gamer
PixelPete,Space Invaders,118103,80,19,Pro Gamer
PixelPete,Space Invaders,87673,76,44,Pro Gamer
NeoGeo,Frogger,152805,96,42,Grandmaster
KongKiller,Frogger,60911,75,43,Casual
BlipBlop,Space Invaders,22403,93,29,Novice
RetroRider,Donkey Kong,154659,69,34,Grandmaster
KongKiller,Galaga,116710,84,37,Pro Gamer
KongKiller,Space Invaders,19298,65,15,Novice
KongKiller,Space Invaders,129889,95,21,Grandmaster
KongKiller,Galaga,86486,70,36,Pro Gamer
PixelPete,Donkey Kong,42346,77,34,Casual
ChompQueen,Donkey Kong,28685,82,22,Novice
PixelPete,Frogger,119141,80,13,Pro Gamer
BlipBlop,Galaga,49822,86,5,Casual
PixelPete,Galaga,70641,68,4,Casual
BlipBlop,Space Invaders,28110,84,30,Novice
BlipBlop,Space Invaders,48071,85,13,Casual
RetroRider,Space Invaders,121496,92,42,Grandmaster
KongKiller,Frogger,122042,62,30,Grandmaster
PixelPete,Space Invaders,16355,99,27,Novice
ChompQueen,Space Invaders,119744,70,42,Pro Gamer
ChompQueen,Donkey Kong,65765,83,7,Casual
ChompQueen,Donkey Kong,135431,68,20,Grandmaster
PixelPete,Frogger,71341,95,2,Casual
NeoGeo,Frogger,14651,89,25,Novice
NeoGeo,Galaga,42102,91,31,Casual
RetroRider,Pac-Man,54813,92,43,Casual
ChompQueen,Pac-Man,54750,77,46,Casual
RetroRider,Donkey Kong,95014,62,7,Pro Gamer
NeoGeo,Space Invaders,14382,63,25,Novice
NeoGeo,Donkey Kong,36802,68,8,Casual
KongKiller,Donkey Kong,81788,91,14,Pro Gamer
NeoGeo,Pac-Man,53744,86,43,Casual
RetroRider,Donkey Kong,88499,82,34,Pro Gamer
PixelPete,Donkey Kong,6174,94,20,Novice
ChompQueen,Pac-Man,134620,91,44,Grandmaster
PixelPete,Pac-Man,31705,72,8,Casual
KongKiller,Galaga,86654,72,9,Pro Gamer
RetroRider,Donkey Kong,50747,87,30,Casual
PixelPete,Frogger,15416,85,5,Novice
PixelPete,Frogger,148422,99,41,Grandmaster
KongKiller,Frogger,42263,85,45,Casual
RetroRider,Galaga,150821,91,46,Grandmaster
RetroRider,Donkey Kong,76346,63,39,Casual
BlipBlop,Pac-Man,127003,62,31,Grandmaster
NeoGeo,Pac-Man,48298,94,20,Casual
RetroRider,Pac-Man,18491,85,27,Novice
SegaSam,Pac-Man,54591,83,40,Casual
KongKiller,Donkey Kong,26927,78,24,Novice
BlipBlop,Pac-Man,143702,98,4,Grandmaster
SegaSam,Space Invaders,106013,87,30,Pro Gamer
PixelPete,Donkey Kong,57046,81,30,Casual
KongKiller,Galaga,136524,83,21,Grandmaster
NeoGeo,Galaga,52553,87,32,Casual
NeoGeo,Galaga,69084,100,42,Casual
BlipBlop,Donkey Kong,53711,80,45,Casual
BlipBlop,Frogger,66476,89,25,Casual
SegaSam,Space Invaders,108277,71,35,Pro Gamer
KongKiller,Donkey Kong,122094,62,5,Grandmaster
NeoGeo,Pac-Man,88157,76,44,Pro Gamer
NeoGeo,Galaga,135246,92,21,Grandmaster
PixelPete,Frogger,27135,73,34,Novice
RetroRider,Frogger,153816,65,29,Grandmaster
KongKiller,Space Invaders,145397,96,42,Grandmaster
NeoGeo,Galaga,119920,96,2,Pro Gamer
RetroRider,Space Invaders,98091,90,25,Pro Gamer
BlipBlop,Space Invaders,5363,92,3,Novice
KongKiller,Pac-Man,8749,66,2,Novice
KongKiller,Galaga,46227,93,32,Casual
BlipBlop,Galaga,13330,69,5,Novice
BlipBlop,Space Invaders,55288,97,45,Casual
BlipBlop,Galaga,153870,92,19,Grandmaster
PixelPete,Pac-Man,63419,96,35,Casual
RetroRider,Frogger,65630,82,40,Casual
ChompQueen,Galaga,34133,65,42,Casual
PixelPete,Space Invaders,132307,62,4,Grandmaster
RetroRider,Frogger,95900,84,19,Pro Gamer
PixelPete,Donkey Kong,62984,88,14,Casual
PixelPete,Space Invaders,89174,80,21,Pro Gamer
NeoGeo,Galaga,78328,93,30,Casual
RetroRider,Space Invaders,115054,82,14,Pro Gamer
NeoGeo,Frogger,60993,70,41,Casual
KongKiller,Pac-Man,104189,74,8,Pro Gamer
SegaSam,Pac-Man,92429,63,39,Pro Gamer
KongKiller,Donkey Kong,149547,96,8,Grandmaster
ChompQueen,Pac-Man,88023,91,6,Pro Gamer
SegaSam,Frogger,66843,99,22,Casual
SegaSam,Frogger,79105,68,3,Casual
SegaSam,Pac-Man,10589,68,24,Novice
ChompQueen,Donkey Kong,110683,76,40,Pro Gamer
ChompQueen,Donkey Kong,145637,76,18,Grandmaster
BlipBlop,Donkey Kong,73912,62,38,Casual
ChompQueen,Pac-Man,101457,76,10,Pro Gamer
ChompQueen,Space Invaders,141858,93,29,Grandmaster
BlipBlop,Galaga,139392,78,13,Grandmaster
SegaSam,Galaga,127862,63,15,Grandmaster
SegaSam,Pac-Man,129991,87,42,Grandmaster
BlipBlop,Pac-Man,56658,62,11,Casual
NeoGeo,Frogger,62422,92,14,Casual
ChompQueen,Pac-Man,89458,61,7,Pro Gamer
RetroRider,Space Invaders,45072,98,17,Casual
NeoGeo,Galaga,77937,62,45,Casual
ChompQueen,Donkey Kong,10767,90,45,Novice
SegaSam,Donkey Kong,127236,66,17,Grandmaster
KongKiller,Galaga,102782,74,15,Pro Gamer
BlipBlop,Galaga,97050,84,28,Pro Gamer
ChompQueen,Galaga,68602,86,23,Casual
NeoGeo,Donkey Kong,113944,83,2,Pro Gamer
ChompQueen,Galaga,22152,88,7,Novice
SegaSam,Space Invaders,52521,85,27,Casual
ChompQueen,Pac-Man,142082,78,15,Grandmaster
ChompQueen,Pac-Man,65593,72,32,Casual
KongKiller,Space Invaders,43989,79,45,Casual
SegaSam,Galaga,67594,67,39,Casual
RetroRider,Galaga,46234,72,9,Casual
NeoGeo,Galaga,89944,77,42,Pro Gamer
ChompQueen,Donkey Kong,137277,86,37,Grandmaster
SegaSam,Donkey Kong,31103,89,28,Casual
KongKiller,Pac-Man,123810,99,35,Grandmaster
ChompQueen,Donkey Kong,27091,62,27,Novice
NeoGeo,Frogger,56924,98,45,Casual
NeoGeo,Galaga,124951,69,7,Grandmaster
ChompQueen,Pac-Man,6192,68,11,Novice
SegaSam,Donkey Kong,79343,94,15,Casual
ChompQueen,Frogger,59343,90,17,Casual
PixelPete,Donkey Kong,127512,74,35,Grandmaster
ChompQueen,Frogger,103689,95,13,Pro Gamer
BlipBlop,Space Invaders,42511,91,27,Casual
KongKiller,Pac-Man,60885,79,5,Casual
BlipBlop,Galaga,30102,64,38,Casual
PixelPete,Pac-Man,102245,72,37,Pro Gamer
SegaSam,Donkey Kong,81019,65,16,Pro Gamer
SegaSam,Space Invaders,105503,82,7,Pro Gamer
KongKiller,Space Invaders,48938,93,23,Casual
BlipBlop,Pac-Man,18704,61,29,Novice
NeoGeo,Galaga,12074,71,24,Novice
ChompQueen,Pac-Man,141937,78,37,Grandmaster
KongKiller,Pac-Man,17533,95,32,Novice
KongKiller,Pac-Man,19652,63,18,Novice
PixelPete,Pac-Man,47609,80,31,Casual
RetroRider,Frogger,103744,61,13,Pro Gamer
NeoGeo,Space Invaders,89131,70,2,Pro Gamer
RetroRider,Donkey Kong,106096,78,27,Pro Gamer
NeoGeo,Donkey Kong,44819,94,26,Casual
ChompQueen,Galaga,59395,65,6,Casual
KongKiller,Donkey Kong,109378,93,16,Pro Gamer
BlipBlop,Space Invaders,101492,70,40,Pro Gamer
SegaSam,Donkey Kong,15047,87,22,Novice
BlipBlop,Galaga,71346,75,13,Casual
RetroRider,Frogger,129809,79,37,Grandmaster
RetroRider,Pac-Man,108435,95,38,Pro Gamer
SegaSam,Donkey Kong,16502,61,3,Novice
RetroRider,Donkey Kong,60570,63,27,Casual
BlipBlop,Galaga,33833,93,9,Casual
ChompQueen,Galaga,72048,95,45,Casual
RetroRider,Galaga,149586,98,16,Grandmaster
BlipBlop,Donkey Kong,150104,72,27,Grandmaster
KongKiller,Donkey Kong,126799,68,30,Grandmaster
PixelPete,Pac-Man,17507,61,28,Novice
PixelPete,Donkey Kong,102560,96,6,Pro Gamer
ChompQueen,Donkey Kong,97418,89,29,Pro Gamer
SegaSam,Pac-Man,44121,63,9,Casual
NeoGeo,Galaga,44034,84,3,Casual
KongKiller,Space Invaders,119704,66,2,Pro Gamer
BlipBlop,Donkey Kong,87106,89,5,Pro Gamer
SegaSam,Frogger,151965,74,38,Grandmaster
NeoGeo,Galaga,96585,84,39,Pro Gamer
BlipBlop,Space Invaders,131809,68,28,Grandmaster
KongKiller,Space Invaders,109587,89,31,Pro Gamer
BlipBlop,Galaga,33159,90,30,Casual
BlipBlop,Pac-Man,149171,89,41,Grandmaster
KongKiller,Frogger,56726,63,26,Casual
RetroRider,Pac-Man,99443,86,22,Pro Gamer
ChompQueen,Galaga,111136,92,22,Pro Gamer
BlipBlop,Donkey Kong,119550,74,44,Pro Gamer
ChompQueen,Galaga,52612,63,40,Casual
KongKiller,Space Invaders,52727,72,27,Casual
BlipBlop,Donkey Kong,68823,77,3,Casual
PixelPete,Space Invaders,16028,86,13,Novice
SegaSam,Pac-Man,52442,79,30,Casual
KongKiller,Donkey Kong,20763,77,23,Novice
SegaSam,Pac-Man,127021,67,7,Grandmaster
NeoGeo,Donkey Kong,59197,80,37,Casual
SegaSam,Galaga,120120,94,20,Grandmaster
ChompQueen,Pac-Man,12984,90,39,Novice
ChompQueen,Donkey Kong,129889,79,17,Grandmaster
BlipBlop,Donkey Kong,43734,66,17,Casual
PixelPete,Frogger,46545,75,21,Casual
PixelPete,Pac-Man,69612,65,30,Casual
BlipBlop,Frogger,41305,71,24,Casual
KongKiller,Space Invaders,18526,84,40,Novice
NeoGeo,Donkey Kong,138122,76,30,Grandmaster
PixelPete,Donkey Kong,16710,60,27,Novice
RetroRider,Frogger,89210,84,43,Pro Gamer
ChompQueen,Pac-Man,57436,95,8,Casual
KongKiller,Galaga,65065,61,39,Casual
NeoGeo,Donkey Kong,101320,72,16,Pro Gamer
RetroRider,Donkey Kong,27403,63,12,Novice
SegaSam,Donkey Kong,29195,83,41,Novice
KongKiller,Galaga,37687,94,38,Casual
SegaSam,Pac-Man,146148,90,37,Grandmaster
NeoGeo,Pac-Man,13222,78,20,Novice
KongKiller,Space Invaders,12967,84,14,Novice
SegaSam,Galaga,18911,94,46,Novice
ChompQueen,Frogger,125184,83,42,Grandmaster
RetroRider,Donkey Kong,10839,98,18,Novice
PixelPete,Pac-Man,122878,84,31,Grandmaster
SegaSam,Frogger,66094,91,9,Casual
SegaSam,Space Invaders,144627,77,44,Grandmaster
KongKiller,Pac-Man,37243,94,8,Casual
NeoGeo,Pac-Man,100448,64,25,Pro Gamer
ChompQueen,Frogger,63633,60,3,Casual
KongKiller,Donkey Kong,138662,95,7,Grandmaster
PixelPete,Pac-Man,66099,96,16,Casual
RetroRider,Space Invaders,104096,90,6,Pro Gamer
BlipBlop,Donkey Kong,97451,64,27,Pro Gamer
ChompQueen,Galaga,118581,73,2,Pro Gamer
NeoGeo,Donkey Kong,74624,62,27,Casual
RetroRider,Frogger,69633,63,25,Casual
RetroRider,Space Invaders,107821,87,5,Pro Gamer
KongKiller,Pac-Man,33899,100,23,Casual
KongKiller,Space Invaders,140373,79,45,Grandmaster
ChompQueen,Pac-Man,40346,95,45,Casual
ChompQueen,Donkey Kong,95756,72,37,Pro Gamer
BlipBlop,Galaga,139738,76,16,Grandmaster
NeoGeo,Space Invaders,11048,65,46,Novice
PixelPete,Galaga,34883,65,11,Casual
KongKiller,Pac-Man,26591,64,45,Novice
PixelPete,Space Invaders,104721,68,27,Pro Gamer
RetroRider,Pac-Man,103218,73,39,Pro Gamer
ChompQueen,Pac-Man,22615,70,35,Novice
KongKiller,Frogger,77950,93,44,Casual
NeoGeo,Frogger,82149,89,33,Pro Gamer
RetroRider,Space Invaders,17531,78,25,Novice
RetroRider,Frogger,94544,90,10,Pro Gamer
SegaSam,Frogger,77653,90,19,Casual
KongKiller,Galaga,5961,93,43,Novice
PixelPete,Space Invaders,46160,87,17,Casual
SegaSam,Galaga,72159,79,16,Casual
RetroRider,Frogger,57087,80,18,Casual
ChompQueen,Galaga,25702,85,3,Novice
RetroRider,Galaga,59805,86,19,Casual
KongKiller,Pac-Man,75122,65,29,Casual
RetroRider,Donkey Kong,51869,90,13,Casual
PixelPete,Frogger,124693,90,4,Grandmaster
KongKiller,Donkey Kong,102003,70,18,Pro Gamer
NeoGeo,Space Invaders,150108,100,41,Grandmaster
RetroRider,Donkey Kong,117581,85,6,Pro Gamer
ChompQueen,Pac-Man,44128,84,46,Casual
RetroRider,Pac-Man,24756,90,31,Novice
BlipBlop,Pac-Man,65217,100,38,Casual
BlipBlop,Donkey Kong,12084,86,19,Novice
KongKiller,Galaga,14614,61,12,Novice
BlipBlop,Pac-Man,23603,70,27,Novice
ChompQueen,Space Invaders,45143,76,22,Casual
NeoGeo,Space Invaders,129061,95,28,Grandmaster
BlipBlop,Frogger,140276,63,28,Grandmaster
RetroRider,Galaga,140037,72,24,Grandmaster
BlipBlop,Galaga,105911,84,5,Pro Gamer
PixelPete,Frogger,45864,92,10,Casual
KongKiller,Galaga,110381,75,4,Pro Gamer
SegaSam,Pac-Man,60723,86,25,Casual
KongKiller,Galaga,46427,99,11,Casual
SegaSam,Space Invaders,123445,76,12,Grandmaster
KongKiller,Space Invaders,7668,80,46,Novice
PixelPete,Galaga,91783,80,13,Pro Gamer
RetroRider,Frogger,58847,60,19,Casual
KongKiller,Frogger,58550,87,23,Casual
BlipBlop,Frogger,79437,70,43,Casual
NeoGeo,Donkey Kong,119403,88,40,Pro Gamer
KongKiller,Galaga,23584,68,41,Novice
NeoGeo,Pac-Man,67225,74,19,Casual
BlipBlop,Galaga,98096,97,2,Pro Gamer
RetroRider,Galaga,114989,64,6,Pro Gamer
PixelPete,Pac-Man,131584,63,44,Grandmaster
PixelPete,Frogger,143276,92,39,Grandmaster
RetroRider,Frogger,121831,75,38,Grandmaster
ChompQueen,Galaga,82382,86,30,Pro Gamer
NeoGeo,Galaga,144497,85,43,Grandmaster
SegaSam,Pac-Man,83776,66,40,Pro Gamer
PixelPete,Galaga,136219,79,22,Grandmaster
BlipBlop,Frogger,149535,67,14,Grandmaster
RetroRider,Donkey Kong,85894,88,23,Pro Gamer
BlipBlop,Frogger,28888,75,37,Novice
BlipBlop,Pac-Man,30923,74,18,Casual
RetroRider,Space Invaders,151427,83,46,Grandmaster
NeoGeo,Frogger,26294,93,37,Novice
ChompQueen,Space Invaders,58295,63,31,Casual
SegaSam,Frogger,90166,72,45,Pro Gamer
NeoGeo,Space Invaders,75393,94,34,Casual
ChompQueen,Donkey Kong,151321,74,29,Grandmaster
PixelPete,Frogger,65046,82,45,Casual
NeoGeo,Frogger,137437,89,4,Grandmaster
PixelPete,Galaga,32879,80,43,Casual
BlipBlop,Donkey Kong,128601,77,29,Grandmaster
BlipBlop,Donkey Kong,143084,90,21,Grandmaster
KongKiller,Frogger,141618,88,44,Grandmaster
BlipBlop,Frogger,20328,78,20,Novice
RetroRider,Donkey Kong,47042,96,26,Casual
NeoGeo,Pac-Man,89172,60,9,Pro Gamer
PixelPete,Frogger,73308,67,22,Casual
ChompQueen,Donkey Kong,14360,92,29,Novice
BlipBlop,Pac-Man,22483,88,20,Novice
SegaSam,Frogger,70315,62,3,Casual
NeoGeo,Pac-Man,139858,92,24,Grandmaster
BlipBlop,Frogger,86027,87,27,Pro Gamer
SegaSam,Frogger,154172,77,19,Grandmaster
SegaSam,Frogger,26336,75,44,Novice
RetroRider,Frogger,18700,64,41,Novice
ChompQueen,Frogger,118755,77,16,Pro Gamer
RetroRider,Space Invaders,5151,62,28,Novice
BlipBlop,Galaga,80867,69,27,Pro Gamer
NeoGeo,Space Invaders,129781,90,28,Grandmaster
SegaSam,Frogger,148831,73,44,Grandmaster
BlipBlop,Frogger,22656,67,40,Novice
SegaSam,Space Invaders,91271,81,44,Pro Gamer
NeoGeo,Pac-Man,93148,100,46,Pro Gamer
BlipBlop,Frogger,18613,61,24,Novice
ChompQueen,Space Invaders,66501,69,40,Casual
BlipBlop,Galaga,151841,68,33,Grandmaster
RetroRider,Frogger,8191,79,14,Novice
RetroRider,Space Invaders,5562,86,14,Novice
PixelPete,Space Invaders,125671,63,26,Grandmaster
SegaSam,Frogger,149912,89,44,Grandmaster
SegaSam,Galaga,132511,79,37,Grandmaster
RetroRider,Space Invaders,92693,72,14,Pro Gamer
NeoGeo,Frogger,56816,67,30,Casual
BlipBlop,Space Invaders,87635,80,34,Pro Gamer
SegaSam,Pac-Man,107472,71,34,Pro Gamer
ChompQueen,Frogger,129728,98,12,Grandmaster
KongKiller,Frogger,120203,90,6,Grandmaster
PixelPete,Galaga,123470,82,43,Grandmaster
KongKiller,Frogger,34391,92,6,Casual
BlipBlop,Space Invaders,133255,83,14,Grandmaster
BlipBlop,Donkey Kong,145960,71,14,Grandmaster
SegaSam,Frogger,138325,70,43,Grandmaster
RetroRider,Galaga,23866,96,27,Novice
ChompQueen,Donkey Kong,64888,84,5,Casual
PixelPete,Galaga,6901,66,6,Novice
KongKiller,Galaga,10376,78,39,Novice
NeoGeo,Frogger,21860,68,44,Novice
PixelPete,Pac-Man,7537,80,46,Novice
ChompQueen,Galaga,140071,87,12,Grandmaster
RetroRider,Frogger,93558,71,29,Pro Gamer
KongKiller,Frogger,124670,66,9,Grandmaster
BlipBlop,Pac-Man,78630,71,23,Casual
KongKiller,Pac-Man,16751,67,38,Novice
SegaSam,Galaga,5635,95,17,Novice
RetroRider,Galaga,135544,72,14,Grandmaster
RetroRider,Frogger,93017,62,37,Pro Gamer
RetroRider,Frogger,99542,75,15,Pro Gamer
NeoGeo,Space Invaders,111299,97,30,Pro Gamer
KongKiller,Donkey Kong,113519,82,14,Pro Gamer
SegaSam,Donkey Kong,33201,93,46,Casual
BlipBlop,Frogger,80563,71,33,Pro Gamer
SegaSam,Frogger,18397,68,19,Novice
PixelPete,Frogger,62053,88,30,Casual
PixelPete,Donkey Kong,30773,77,25,Casual
PixelPete,Frogger,98816,75,16,Pro Gamer
KongKiller,Space Invaders,126186,79,10,Grandmaster
ChompQueen,Space Invaders,130845,64,32,Grandmaster
RetroRider,Space Invaders,16046,83,18,Novice
RetroRider,Pac-Man,95913,61,19,Pro Gamer
PixelPete,Frogger,69812,91,19,Casual
NeoGeo,Space Invaders,147804,65,44,Grandmaster
ChompQueen,Pac-Man,42024,82,29,Casual
RetroRider,Galaga,133741,88,23,Grandmaster
PixelPete,Space Invaders,129224,66,17,Grandmaster
ChompQueen,Frogger,105786,67,8,Pro Gamer
PixelPete,Pac-Man,80002,95,3,Pro Gamer
BlipBlop,Galaga,144092,81,39,Grandmaster
NeoGeo,Space Invaders,54036,93,12,Casual
SegaSam,Donkey Kong,34543,99,16,Casual
BlipBlop,Galaga,76698,66,23,Casual
RetroRider,Frogger,37767,75,10,Casual
RetroRider,Pac-Man,109162,100,23,Pro Gamer
ChompQueen,Donkey Kong,100471,89,16,Pro Gamer
BlipBlop,Pac-Man,11891,89,2,Novice
PixelPete,Galaga,12564,75,18,Novice
SegaSam,Frogger,66171,65,5,Casual
NeoGeo,Donkey Kong,19055,72,15,Novice
BlipBlop,Pac-Man,111728,89,9,Pro Gamer
ChompQueen,Pac-Man,108328,86,42,Pro Gamer
KongKiller,Frogger,27486,77,19,Novice
PixelPete,Space Invaders,84646,87,32,Pro Gamer
SegaSam,Donkey Kong,121063,77,22,Grandmaster
BlipBlop,Frogger,27068,78,41,Novice
NeoGeo,Galaga,20871,90,16,Novice
ChompQueen,Pac-Man,5453,67,33,Novice
KongKiller,Pac-Man,65423,92,35,Casual
SegaSam,Frogger,128265,91,23,Grandmaster
RetroRider,Frogger,101633,88,37,Pro Gamer
SegaSam,Pac-Man,5161,61,3,Novice
ChompQueen,Galaga,24818,68,24,Novice
RetroRider,Pac-Man,34716,67,7,Casual
SegaSam,Pac-Man,40870,65,7,Casual
KongKiller,Space Invaders,23292,65,38,Novice
BlipBlop,Donkey Kong,16380,73,13,Novice
SegaSam,Donkey Kong,121699,82,34,Grandmaster
NeoGeo,Galaga,93842,70,28,Pro Gamer
RetroRider,Donkey Kong,34816,99,13,Casual
SegaSam,Donkey Kong,144907,70,15,Grandmaster
BlipBlop,Pac-Man,92847,100,32,Pro Gamer
NeoGeo,Galaga,150180,71,40,Grandmaster
SegaSam,Donkey Kong,135229,73,9,Grandmaster
RetroRider,Pac-Man,132253,63,6,Grandmaster
SegaSam,Donkey Kong,43041,64,19,Casual
KongKiller,Space Invaders,145965,62,41,Grandmaster
RetroRider,Frogger,86798,76,26,Pro Gamer
PixelPete,Donkey Kong,103974,62,18,Pro Gamer
NeoGeo,Galaga,147757,85,15,Grandmaster
BlipBlop,Galaga,138319,96,34,Grandmaster
BlipBlop,Galaga,88625,77,23,Pro Gamer
PixelPete,Donkey Kong,14473,82,22,Novice
ChompQueen,Pac-Man,29419,89,41,Novice
BlipBlop,Pac-Man,90992,92,14,Pro Gamer
NeoGeo,Frogger,52772,65,44,Casual
RetroRider,Frogger,125146,65,34,Grandmaster
PixelPete,Galaga,136369,94,20,Grandmaster
ChompQueen,Galaga,93206,60,11,Pro Gamer
NeoGeo,Galaga,58393,70,26,Casual
KongKiller,Donkey Kong,79315,79,43,Casual
BlipBlop,Donkey Kong,153275,99,23,Grandmaster
BlipBlop,Frogger,126265,87,11,Grandmaster
ChompQueen,Pac-Man,146468,60,23,Grandmaster
BlipBlop,Frogger,118284,79,29,Pro Gamer
PixelPete,Frogger,66660,74,4,Casual
KongKiller,Space Invaders,7124,91,24,Novice
KongKiller,Frogger,56232,100,20,Casual
NeoGeo,Galaga,93378,62,12,Pro Gamer
NeoGeo,Galaga,98171,90,38,Pro Gamer
RetroRider,Galaga,40132,79,29,Casual
ChompQueen,Space Invaders,149822,88,20,Grandmaster
SegaSam,Space Invaders,76849,94,7,Casual
KongKiller,Galaga,51727,82,41,Casual
NeoGeo,Space Invaders,146184,63,37,Grandmaster
NeoGeo,Galaga,81854,72,2,Pro Gamer
RetroRider,Space Invaders,29451,87,28,Novice
KongKiller,Donkey Kong,6500,89,42,Novice
BlipBlop,Pac-Man,97793,94,36,Pro Gamer
RetroRider,Galaga,51685,91,25,Casual
ChompQueen,Frogger,29919,78,24,Novice
BlipBlop,Frogger,114332,79,27,Pro Gamer
SegaSam,Donkey Kong,98672,65,16,Pro Gamer
BlipBlop,Galaga,35070,82,3,Casual
NeoGeo,Space Invaders,46995,82,16,Casual
BlipBlop,Frogger,76559,60,25,Casual
BlipBlop,Galaga,121771,93,36,Grandmaster
PixelPete,Frogger,69865,75,6,Casual
ChompQueen,Donkey Kong,117004,72,13,Pro Gamer
KongKiller,Pac-Man,142132,70,12,Grandmaster
RetroRider,Space Invaders,129816,83,17,Grandmaster
BlipBlop,Galaga,17784,76,43,Novice
ChompQueen,Frogger,22353,83,28,Novice
BlipBlop,Pac-Man,150438,97,14,Grandmaster
NeoGeo,Pac-Man,113664,92,37,Pro Gamer
PixelPete,Galaga,153758,84,11,Grandmaster
NeoGeo,Donkey Kong,81772,92,22,Pro Gamer
SegaSam,Space Invaders,54161,87,21,Casual
ChompQueen,Pac-Man,103038,77,32,Pro Gamer
NeoGeo,Space Invaders,106719,94,38,Pro Gamer
BlipBlop,Space Invaders,12137,69,9,Novice
ChompQueen,Frogger,113891,77,46,Pro Gamer
PixelPete,Space Invaders,148207,78,40,Grandmaster
RetroRider,Frogger,49203,82,23,Casual
RetroRider,Galaga,69014,84,17,Casual
KongKiller,Space Invaders,133293,61,27,Grandmaster
KongKiller,Frogger,136081,89,24,Grandmaster
BlipBlop,Galaga,16803,61,4,Novice
ChompQueen,Galaga,94738,84,29,Pro Gamer
KongKiller,Donkey Kong,69455,67,41,Casual
KongKiller,Frogger,86900,91,24,Pro Gamer
PixelPete,Pac-Man,113706,71,28,Pro Gamer
RetroRider,Pac-Man,58047,79,10,Casual
KongKiller,Galaga,124240,98,16,Grandmaster
PixelPete,Frogger,93900,77,30,Pro Gamer
SegaSam,Frogger,42326,69,38,Casual
RetroRider,Galaga,34400,88,19,Casual
BlipBlop,Pac-Man,118772,92,39,Pro Gamer
NeoGeo,Frogger,39757,97,21,Casual
BlipBlop,Pac-Man,76566,80,31,Casual
SegaSam,Pac-Man,89532,68,6,Pro Gamer
PixelPete,Donkey Kong,15668,60,45,Novice
KongKiller,Space Invaders,11262,72,2,Novice
NeoGeo,Donkey Kong,140458,80,4,Grandmaster
KongKiller,Donkey Kong,104633,80,14,Pro Gamer
KongKiller,Donkey Kong,52475,87,5,Casual
SegaSam,Frogger,116120,70,17,Pro Gamer
ChompQueen,Space Invaders,119127,85,12,Pro Gamer
NeoGeo,Donkey Kong,48163,72,9,Casual
ChompQueen,Pac-Man,109428,83,42,Pro Gamer
PixelPete,Frogger,7925,85,37,Novice
NeoGeo,Pac-Man,51457,80,26,Casual
NeoGeo,Frogger,121699,87,12,Grandmaster
KongKiller,Donkey Kong,77309,96,29,Casual
RetroRider,Galaga,74530,64,38,Casual
RetroRider,Donkey Kong,144255,76,16,Grandmaster
ChompQueen,Pac-Man,51897,70,15,Casual
ChompQueen,Galaga,138247,97,13,Grandmaster
ChompQueen,Space Invaders,57261,94,23,Casual
RetroRider,Galaga,44699,99,10,Casual
PixelPete,Galaga,54179,84,40,Casual
PixelPete,Galaga,70677,95,3,Casual
NeoGeo,Donkey Kong,33064,82,46,Casual
SegaSam,Galaga,140431,74,13,Grandmaster
ChompQueen,Donkey Kong,44468,89,17,Casual
BlipBlop,Pac-Man,95913,83,39,Pro Gamer
SegaSam,Frogger,87893,61,33,Pro Gamer
ChompQueen,Space Invaders,43034,65,26,Casual
BlipBlop,Donkey Kong,111887,78,18,Pro Gamer
ChompQueen,Pac-Man,146666,71,25,Grandmaster
NeoGeo,Frogger,119928,71,6,Pro Gamer
KongKiller,Galaga,113017,93,16,Pro Gamer
SegaSam,Galaga,38394,85,30,Casual
KongKiller,Space Invaders,79314,80,27,Casual
SegaSam,Frogger,85465,99,7,Pro Gamer
ChompQueen,Galaga,56416,96,23,Casual
BlipBlop,Donkey Kong,75724,75,46,Casual
ChompQueen,Donkey Kong,123144,73,14,Grandmaster
NeoGeo,Donkey Kong,45520,96,26,Casual
KongKiller,Donkey Kong,80863,65,22,Pro Gamer
RetroRider,Galaga,79743,69,6,Casual
NeoGeo,Frogger,16443,80,2,Novice
KongKiller,Donkey Kong,75703,61,15,Casual
RetroRider,Galaga,71022,87,11,Casual
BlipBlop,Space Invaders,79919,91,37,Casual
NeoGeo,Donkey Kong,124584,61,38,Grandmaster
RetroRider,Space Invaders,143373,80,43,Grandmaster
BlipBlop,Donkey Kong,138162,70,23,Grandmaster
PixelPete,Galaga,140058,80,45,Grandmaster
KongKiller,Galaga,71567,74,42,Casual
KongKiller,Space Invaders,89854,83,4,Pro Gamer
NeoGeo,Pac-Man,145573,70,39,Grandmaster
PixelPete,Frogger,131839,82,15,Grandmaster
RetroRider,Galaga,73107,70,22,Casual
ChompQueen,Galaga,65596,91,43,Casual
RetroRider,Galaga,149539,70,29,Grandmaster
ChompQueen,Frogger,115808,88,29,Pro Gamer
PixelPete,Pac-Man,9815,88,32,Novice
RetroRider,Space Invaders,148041,89,35,Grandmaster
NeoGeo,Space Invaders,56664,92,12,Casual
ChompQueen,Space Invaders,39920,88,37,Casual
PixelPete,Frogger,76002,66,2,Casual
